,last_update,timestamp,tests_performed,abbreviation_canton,name_canton,number_canton,lat,long,total_positive_cases,total_currently_positive_cases,new_hosp,total_hospitalized,intensive_care,total_currently_positive_per_100k,deaths_per_100k,released,ncumul_ICU_intub,deaths,ncumul_vent,current_isolated,current_quarantined,ncumul_confirmed_non_resident,current_hosp_non_resident,current_quarantined_riskareatravel,current_quarantined_total,ncumul_ICF,TotalPosTests1,ninst_ICU_intub,new_positive_cases,new_deaths,source,doubling_time_total_positive,doubling_time_fatalities
46,2020-07-26 10:05:24,2020-02-28 02:00:00,,BL,Basel-Landschaft,13,47.45176,7.702414,1,1,0,,,0.35,,,0,,,,,,,,,,,,0,0,https://www.baselland.ch/politik-und-behorden/direktionen/volkswirtschafts-und-gesundheitsdirektion/amt-fur-gesundheit/medizinische-dienste/kantonsarztlicher-dienst/aktuelles/covid-19-faelle-kanton-basel-landschaft,0.0,0.0
55,2020-07-26 10:05:24,2020-02-29 02:00:00,,BL,Basel-Landschaft,13,47.45176,7.702414,2,2,0,1,0,0.7,,,0,,,,,,,,,,,,1,0,https://www.baselland.ch/politik-und-behorden/direktionen/volkswirtschafts-und-gesundheitsdirektion/amt-fur-gesundheit/medizinische-dienste/kantonsarztlicher-dienst/aktuelles/covid-19-faelle-kanton-basel-landschaft,0.0,0.0
66,2020-07-26 10:05:24,2020-03-01 02:00:00,,BL,Basel-Landschaft,13,47.45176,7.702414,2,2,0,1,0,0.7,,,0,,,,,,,,,,,,0,0,https://www.baselland.ch/politik-und-behorden/direktionen/volkswirtschafts-und-gesundheitsdirektion/amt-fur-gesundheit/medizinische-dienste/kantonsarztlicher-dienst/aktuelles/covid-19-faelle-kanton-basel-landschaft,0.0,0.0
81,2020-07-26 10:05:24,2020-03-02 02:00:00,,BL,Basel-Landschaft,13,47.45176,7.702414,2,2,0,1,0,0.7,,,0,,,,,,,,,,,,0,0,https://www.baselland.ch/politik-und-behorden/direktionen/volkswirtschafts-und-gesundheitsdirektion/amt-fur-gesundheit/medizinische-dienste/kantonsarztlicher-dienst/aktuelles/covid-19-faelle-kanton-basel-landschaft,0.0,0.0
96,2020-07-26 10:05:24,2020-03-03 02:00:00,,BL,Basel-Landschaft,13,47.45176,7.702414,2,2,0,1,0,0.7,,,0,,,,,,,,,,,,0,0,https://www.baselland.ch/politik-und-behorden/direktionen/volkswirtschafts-und-gesundheitsdirektion/amt-fur-gesundheit/medizinische-dienste/kantonsarztlicher-dienst/aktuelles/covid-19-faelle-kanton-basel-landschaft,0.0,0.0
111,2020-07-26 10:05:24,2020-03-04 02:00:00,,BL,Basel-Landschaft,13,47.45176,7.702414,2,2,0,1,0,0.7,,,0,,,,,,,,,,,,0,0,https://www.baselland.ch/politik-und-behorden/direktionen/volkswirtschafts-und-gesundheitsdirektion/amt-fur-gesundheit/medizinische-dienste/kantonsarztlicher-dienst/aktuelles/covid-19-faelle-kanton-basel-landschaft,5.0,0.0
129,2020-07-26 10:05:24,2020-03-05 02:00:00,,BL,Basel-Landschaft,13,47.45176,7.702414,6,6,0,1,0,2.09,,,0,,,,,,,,,,,,4,0,https://www.baselland.ch/politik-und-behorden/direktionen/volkswirtschafts-und-gesundheitsdirektion/amt-fur-gesundheit/medizinische-dienste/kantonsarztlicher-dienst/aktuelles/covid-19-faelle-kanton-basel-landschaft,3.154649,0.0
145,2020-07-26 10:05:24,2020-03-06 02:00:00,,BL,Basel-Landschaft,13,47.45176,7.702414,6,6,3,4,2,2.09,,,0,,2,,,,,,,,,,0,0,https://www.baselland.ch/politik-und-behorden/direktionen/volkswirtschafts-und-gesundheitsdirektion/amt-fur-gesundheit/medizinische-dienste/kantonsarztlicher-dienst/aktuelles/covid-19-faelle-kanton-basel-landschaft,3.154649,0.0
162,2020-07-26 10:05:24,2020-03-07 02:00:00,,BL,Basel-Landschaft,13,47.45176,7.702414,15,15,0,4,2,5.23,,,0,,2,,,,,,,,,,9,0,https://www.baselland.ch/politik-und-behorden/direktionen/volkswirtschafts-und-gesundheitsdirektion/amt-fur-gesundheit/medizinische-dienste/kantonsarztlicher-dienst/aktuelles/covid-19-faelle-kanton-basel-landschaft,1.720051,0.0
176,2020-07-26 10:05:24,2020-03-08 02:00:00,,BL,Basel-Landschaft,13,47.45176,7.702414,19,19,0,4,2,6.62,0.348,,0,1,2,,,,,,,,,,4,0,https://www.baselland.ch/politik-und-behorden/direktionen/volkswirtschafts-und-gesundheitsdirektion/amt-fur-gesundheit/medizinische-dienste/kantonsarztlicher-dienst/aktuelles/covid-19-faelle-kanton-basel-landschaft,1.539443,0.0
193,2020-07-26 10:05:24,2020-03-09 02:00:00,,BL,Basel-Landschaft,13,47.45176,7.702414,20,20,0,4,4,6.97,0.348,1,0,1,4,,,,,,,,,,1,0,https://www.baselland.ch/politik-und-behorden/direktionen/volkswirtschafts-und-gesundheitsdirektion/amt-fur-gesundheit/medizinische-dienste/kantonsarztlicher-dienst/aktuelles/covid-19-faelle-kanton-basel-landschaft,1.50515,0.0
208,2020-07-26 10:05:24,2020-03-10 02:00:00,,BL,Basel-Landschaft,13,47.45176,7.702414,22,22,1,5,1,7.67,0.348,2,0,1,1,,,,,,,,,,2,0,https://www.baselland.ch/politik-und-behorden/direktionen/volkswirtschafts-und-gesundheitsdirektion/amt-fur-gesundheit/medizinische-dienste/kantonsarztlicher-dienst/aktuelles/covid-19-faelle-kanton-basel-landschaft,2.667422,0.0
223,2020-07-26 10:05:24,2020-03-11 02:00:00,,BL,Basel-Landschaft,13,47.45176,7.702414,26,26,-2,3,1,9.06,0.697,2,0,2,1,,,,,,,,,,4,1,https://www.baselland.ch/politik-und-behorden/direktionen/volkswirtschafts-und-gesundheitsdirektion/amt-fur-gesundheit/medizinische-dienste/kantonsarztlicher-dienst/aktuelles/covid-19-faelle-kanton-basel-landschaft,2.363533,0.0
242,2020-07-26 10:05:24,2020-03-12 02:00:00,,BL,Basel-Landschaft,13,47.45176,7.702414,26,26,6,9,3,9.06,0.697,2,0,2,3,,,,,,,,,,0,0,https://www.baselland.ch/politik-und-behorden/direktionen/volkswirtschafts-und-gesundheitsdirektion/amt-fur-gesundheit/medizinische-dienste/kantonsarztlicher-dienst/aktuelles/covid-19-faelle-kanton-basel-landschaft,6.300807,0.0
262,2020-07-26 10:05:24,2020-03-13 02:00:00,,BL,Basel-Landschaft,13,47.45176,7.702414,42,42,3,12,3,14.63,0.697,2,0,2,3,,,,,,,,,,16,0,https://www.baselland.ch/politik-und-behorden/direktionen/volkswirtschafts-und-gesundheitsdirektion/amt-fur-gesundheit/medizinische-dienste/kantonsarztlicher-dienst/aktuelles/covid-19-faelle-kanton-basel-landschaft,4.36914,5.0
282,2020-07-26 10:05:24,2020-03-14 02:00:00,,BL,Basel-Landschaft,13,47.45176,7.702414,47,47,-4,8,2,16.38,0.697,2,0,2,2,,,,,,,,,,5,0,https://www.baselland.ch/politik-und-behorden/direktionen/volkswirtschafts-und-gesundheitsdirektion/amt-fur-gesundheit/medizinische-dienste/kantonsarztlicher-dienst/aktuelles/covid-19-faelle-kanton-basel-landschaft,4.056266,5.0
299,2020-07-26 10:05:24,2020-03-15 02:00:00,,BL,Basel-Landschaft,13,47.45176,7.702414,54,54,4,12,2,18.82,0.697,5,0,2,2,,,,,,,,,,7,0,https://www.baselland.ch/politik-und-behorden/direktionen/volkswirtschafts-und-gesundheitsdirektion/amt-fur-gesundheit/medizinische-dienste/kantonsarztlicher-dienst/aktuelles/covid-19-faelle-kanton-basel-landschaft,3.859645,5.0
319,2020-07-26 10:05:24,2020-03-16 02:00:00,,BL,Basel-Landschaft,13,47.45176,7.702414,76,76,5,17,4,26.48,0.697,5,0,2,4,,,,,,,,,,22,0,https://www.baselland.ch/politik-und-behorden/direktionen/volkswirtschafts-und-gesundheitsdirektion/amt-fur-gesundheit/medizinische-dienste/kantonsarztlicher-dienst/aktuelles/covid-19-faelle-kanton-basel-landschaft,3.231043,
338,2020-07-26 10:05:24,2020-03-17 02:00:00,,BL,Basel-Landschaft,13,47.45176,7.702414,89,89,9,26,5,31.01,0.697,13,0,2,5,,,,,,,,,,13,0,https://www.baselland.ch/politik-und-behorden/direktionen/volkswirtschafts-und-gesundheitsdirektion/amt-fur-gesundheit/medizinische-dienste/kantonsarztlicher-dienst/aktuelles/covid-19-faelle-kanton-basel-landschaft,2.816435,
359,2020-07-26 10:05:24,2020-03-18 02:00:00,,BL,Basel-Landschaft,13,47.45176,7.702414,116,116,1,27,2,40.42,0.697,16,0,2,2,,,,,,,,,,27,0,https://www.baselland.ch/politik-und-behorden/direktionen/volkswirtschafts-und-gesundheitsdirektion/amt-fur-gesundheit/medizinische-dienste/kantonsarztlicher-dienst/aktuelles/covid-19-faelle-kanton-basel-landschaft,3.411424,
382,2020-07-26 10:05:24,2020-03-19 02:00:00,,BL,Basel-Landschaft,13,47.45176,7.702414,134,134,-8,19,2,46.69,0.697,16,0,2,2,,,,,,,,,,18,0,https://www.baselland.ch/politik-und-behorden/direktionen/volkswirtschafts-und-gesundheitsdirektion/amt-fur-gesundheit/medizinische-dienste/kantonsarztlicher-dienst/aktuelles/covid-19-faelle-kanton-basel-landschaft,3.307971,
403,2020-07-26 10:05:24,2020-03-20 02:00:00,,BL,Basel-Landschaft,13,47.45176,7.702414,184,184,8,27,2,64.11,1.045,18,0,3,2,,,,,,,,,,50,1,https://www.baselland.ch/politik-und-behorden/direktionen/volkswirtschafts-und-gesundheitsdirektion/amt-fur-gesundheit/medizinische-dienste/kantonsarztlicher-dienst/aktuelles/covid-19-faelle-kanton-basel-landschaft,2.826976,8.547556
426,2020-07-26 10:05:24,2020-03-21 02:00:00,,BL,Basel-Landschaft,13,47.45176,7.702414,282,282,3,30,4,98.26,1.045,21,0,3,4,,,,,,,,,,98,0,https://www.baselland.ch/politik-und-behorden/direktionen/volkswirtschafts-und-gesundheitsdirektion/amt-fur-gesundheit/medizinische-dienste/kantonsarztlicher-dienst/aktuelles/covid-19-faelle-kanton-basel-landschaft,2.643232,8.547556
446,2020-07-26 10:05:24,2020-03-22 02:00:00,,BL,Basel-Landschaft,13,47.45176,7.702414,289,289,10,40,7,100.7,1.045,21,0,3,7,,,,,,,,,,7,0,https://www.baselland.ch/politik-und-behorden/direktionen/volkswirtschafts-und-gesundheitsdirektion/amt-fur-gesundheit/medizinische-dienste/kantonsarztlicher-dienst/aktuelles/covid-19-faelle-kanton-basel-landschaft,2.942575,8.547556
467,2020-07-26 10:05:24,2020-03-23 02:00:00,,BL,Basel-Landschaft,13,47.45176,7.702414,302,302,11,51,10,105.23,1.045,35,0,3,10,,,,,,,,,,13,0,https://www.baselland.ch/politik-und-behorden/direktionen/volkswirtschafts-und-gesundheitsdirektion/amt-fur-gesundheit/medizinische-dienste/kantonsarztlicher-dienst/aktuelles/covid-19-faelle-kanton-basel-landschaft,3.622076,8.547556
493,2020-07-26 10:05:24,2020-03-24 02:00:00,,BL,Basel-Landschaft,13,47.45176,7.702414,306,306,15,66,11,106.62,1.394,40,0,4,11,,,,,,,,,,4,1,https://www.baselland.ch/politik-und-behorden/direktionen/volkswirtschafts-und-gesundheitsdirektion/amt-fur-gesundheit/medizinische-dienste/kantonsarztlicher-dienst/aktuelles/covid-19-faelle-kanton-basel-landschaft,4.1971,5.0
520,2020-07-26 10:05:24,2020-03-25 02:00:00,,BL,Basel-Landschaft,13,47.45176,7.702414,341,341,2,68,8,118.82,1.742,46,0,5,8,,,,,,,,,,35,1,https://www.baselland.ch/politik-und-behorden/direktionen/volkswirtschafts-und-gesundheitsdirektion/amt-fur-gesundheit/medizinische-dienste/kantonsarztlicher-dienst/aktuelles/covid-19-faelle-kanton-basel-landschaft,5.617561,6.784577
546,2020-07-26 10:05:24,2020-03-26 02:00:00,,BL,Basel-Landschaft,13,47.45176,7.702414,422,422,0,68,9,147.04,1.742,65,0,5,9,,,,,,,,,,81,0,https://www.baselland.ch/politik-und-behorden/direktionen/volkswirtschafts-und-gesundheitsdirektion/amt-fur-gesundheit/medizinische-dienste/kantonsarztlicher-dienst/aktuelles/covid-19-faelle-kanton-basel-landschaft,8.597745,6.784577
573,2020-07-26 10:05:24,2020-03-27 02:00:00,,BL,Basel-Landschaft,13,47.45176,7.702414,466,466,11,79,11,162.37,1.742,76,0,5,11,,,,,,,,,,44,0,https://www.baselland.ch/politik-und-behorden/direktionen/volkswirtschafts-und-gesundheitsdirektion/amt-fur-gesundheit/medizinische-dienste/kantonsarztlicher-dienst/aktuelles/covid-19-faelle-kanton-basel-landschaft,7.254152,6.784577
599,2020-07-26 10:05:24,2020-03-28 02:00:00,,BL,Basel-Landschaft,13,47.45176,7.702414,502,502,-4,75,14,174.91,1.742,100,0,5,13,,,,,,,,,,36,0,https://www.baselland.ch/politik-und-behorden/direktionen/volkswirtschafts-und-gesundheitsdirektion/amt-fur-gesundheit/medizinische-dienste/kantonsarztlicher-dienst/aktuelles/covid-19-faelle-kanton-basel-landschaft,6.819991,6.784577
623,2020-07-26 10:05:24,2020-03-29 01:00:00,,BL,Basel-Landschaft,13,47.45176,7.702414,511,511,24,99,15,178.05,2.091,115,0,6,14,,,,,,,,,,9,1,https://www.baselland.ch/politik-und-behorden/direktionen/volkswirtschafts-und-gesundheitsdirektion/amt-fur-gesundheit/medizinische-dienste/kantonsarztlicher-dienst/aktuelles/covid-19-faelle-kanton-basel-landschaft,6.75866,8.547556
649,2020-07-26 10:05:24,2020-03-30 01:00:00,,BL,Basel-Landschaft,13,47.45176,7.702414,539,539,-13,86,17,187.8,2.439,158,0,7,16,,,,,,,,,,28,1,https://www.baselland.ch/politik-und-behorden/direktionen/volkswirtschafts-und-gesundheitsdirektion/amt-fur-gesundheit/medizinische-dienste/kantonsarztlicher-dienst/aktuelles/covid-19-faelle-kanton-basel-landschaft,7.569868,10.300214
675,2020-07-26 10:05:24,2020-03-31 01:00:00,,BL,Basel-Landschaft,13,47.45176,7.702414,561,561,2,88,18,195.47,3.484,242,0,10,16,,,,,,,,,,22,3,https://www.baselland.ch/politik-und-behorden/direktionen/volkswirtschafts-und-gesundheitsdirektion/amt-fur-gesundheit/medizinische-dienste/kantonsarztlicher-dienst/aktuelles/covid-19-faelle-kanton-basel-landschaft,12.172624,5.0
701,2020-07-26 10:05:24,2020-04-01 01:00:00,,BL,Basel-Landschaft,13,47.45176,7.702414,588,588,-2,86,17,204.88,3.833,249,0,11,17,,,,,,,,,,27,1,https://www.baselland.ch/politik-und-behorden/direktionen/volkswirtschafts-und-gesundheitsdirektion/amt-fur-gesundheit/medizinische-dienste/kantonsarztlicher-dienst/aktuelles/covid-19-faelle-kanton-basel-landschaft,14.903743,4.395591
728,2020-07-26 10:05:24,2020-04-02 01:00:00,,BL,Basel-Landschaft,13,47.45176,7.702414,610,610,-5,81,18,212.54,4.181,262,0,12,18,,,,,,,,,,22,1,https://www.baselland.ch/politik-und-behorden/direktionen/volkswirtschafts-und-gesundheitsdirektion/amt-fur-gesundheit/medizinische-dienste/kantonsarztlicher-dienst/aktuelles/covid-19-faelle-kanton-basel-landschaft,17.78588,3.95872
755,2020-07-26 10:05:24,2020-04-03 01:00:00,,BL,Basel-Landschaft,13,47.45176,7.702414,625,625,1,82,18,217.77,4.878,266,0,14,18,,,,,,,,,,15,2,https://www.baselland.ch/politik-und-behorden/direktionen/volkswirtschafts-und-gesundheitsdirektion/amt-fur-gesundheit/medizinische-dienste/kantonsarztlicher-dienst/aktuelles/covid-19-faelle-kanton-basel-landschaft,17.209755,4.090339
781,2020-07-26 10:05:24,2020-04-04 01:00:00,,BL,Basel-Landschaft,13,47.45176,7.702414,656,656,-9,73,19,228.57,6.62,298,0,19,17,,,,,,,,,,31,5,https://www.baselland.ch/politik-und-behorden/direktionen/volkswirtschafts-und-gesundheitsdirektion/amt-fur-gesundheit/medizinische-dienste/kantonsarztlicher-dienst/aktuelles/covid-19-faelle-kanton-basel-landschaft,17.642251,3.470842
805,2020-07-26 10:05:24,2020-04-05 01:00:00,,BL,Basel-Landschaft,13,47.45176,7.702414,670,670,0,73,19,233.45,6.62,369,0,19,17,,,,,,,,,,14,0,https://www.baselland.ch/politik-und-behorden/direktionen/volkswirtschafts-und-gesundheitsdirektion/amt-fur-gesundheit/medizinische-dienste/kantonsarztlicher-dienst/aktuelles/covid-19-faelle-kanton-basel-landschaft,19.519026,5.399571
831,2020-07-26 10:05:24,2020-04-06 01:00:00,,BL,Basel-Landschaft,13,47.45176,7.702414,682,682,-6,67,17,237.63,6.62,412,0,19,17,,,,,,,,,,12,0,https://www.baselland.ch/politik-und-behorden/direktionen/volkswirtschafts-und-gesundheitsdirektion/amt-fur-gesundheit/medizinische-dienste/kantonsarztlicher-dienst/aktuelles/covid-19-faelle-kanton-basel-landschaft,23.369336,6.341187
858,2020-07-26 10:05:24,2020-04-07 01:00:00,,BL,Basel-Landschaft,13,47.45176,7.702414,690,690,-1,66,18,240.42,6.62,452,0,19,17,,,,,,,,,,8,0,https://www.baselland.ch/politik-und-behorden/direktionen/volkswirtschafts-und-gesundheitsdirektion/amt-fur-gesundheit/medizinische-dienste/kantonsarztlicher-dienst/aktuelles/covid-19-faelle-kanton-basel-landschaft,28.123522,7.541876
885,2020-07-26 10:05:24,2020-04-08 01:00:00,,BL,Basel-Landschaft,13,47.45176,7.702414,694,694,-1,65,18,241.81,7.317,461,0,21,17,,,,,,,,,,4,2,https://www.baselland.ch/politik-und-behorden/direktionen/volkswirtschafts-und-gesundheitsdirektion/amt-fur-gesundheit/medizinische-dienste/kantonsarztlicher-dienst/aktuelles/covid-19-faelle-kanton-basel-landschaft,33.095164,8.547556
912,2020-07-26 10:05:24,2020-04-09 01:00:00,,BL,Basel-Landschaft,13,47.45176,7.702414,711,711,-3,62,18,247.74,7.317,485,0,21,16,,,,,,,,,,17,0,https://www.baselland.ch/politik-und-behorden/direktionen/volkswirtschafts-und-gesundheitsdirektion/amt-fur-gesundheit/medizinische-dienste/kantonsarztlicher-dienst/aktuelles/covid-19-faelle-kanton-basel-landschaft,43.046395,34.628459
938,2020-07-26 10:05:24,2020-04-10 01:00:00,,BL,Basel-Landschaft,13,47.45176,7.702414,722,722,-8,54,17,251.57,7.666,502,0,22,15,,,,,,,,,,11,1,https://www.baselland.ch/politik-und-behorden/direktionen/volkswirtschafts-und-gesundheitsdirektion/amt-fur-gesundheit/medizinische-dienste/kantonsarztlicher-dienst/aktuelles/covid-19-faelle-kanton-basel-landschaft,46.365956,23.640203
964,2020-07-26 10:05:24,2020-04-11 01:00:00,,BL,Basel-Landschaft,13,47.45176,7.702414,736,736,-4,50,16,256.45,7.666,527,0,22,15,,,,,,,,,,14,0,https://www.baselland.ch/politik-und-behorden/direktionen/volkswirtschafts-und-gesundheitsdirektion/amt-fur-gesundheit/medizinische-dienste/kantonsarztlicher-dienst/aktuelles/covid-19-faelle-kanton-basel-landschaft,45.481823,23.640203
988,2020-07-26 10:05:24,2020-04-12 01:00:00,,BL,Basel-Landschaft,13,47.45176,7.702414,740,740,-2,48,17,257.84,8.014,554,0,23,14,,,,,,,,,,4,1,https://www.baselland.ch/politik-und-behorden/direktionen/volkswirtschafts-und-gesundheitsdirektion/amt-fur-gesundheit/medizinische-dienste/kantonsarztlicher-dienst/aktuelles/covid-19-faelle-kanton-basel-landschaft,49.53982,18.139968
1014,2020-07-26 10:05:24,2020-04-13 01:00:00,,BL,Basel-Landschaft,13,47.45176,7.702414,749,749,0,48,16,260.98,8.362,570,0,24,12,,,,,,,,,,9,1,https://www.baselland.ch/politik-und-behorden/direktionen/volkswirtschafts-und-gesundheitsdirektion/amt-fur-gesundheit/medizinische-dienste/kantonsarztlicher-dienst/aktuelles/covid-19-faelle-kanton-basel-landschaft,45.442129,25.954465
1040,2020-07-26 10:05:24,2020-04-14 01:00:00,,BL,Basel-Landschaft,13,47.45176,7.702414,755,755,0,48,14,263.07,8.711,597,0,25,8,,,,,,,,,,6,1,https://www.baselland.ch/politik-und-behorden/direktionen/volkswirtschafts-und-gesundheitsdirektion/amt-fur-gesundheit/medizinische-dienste/kantonsarztlicher-dienst/aktuelles/covid-19-faelle-kanton-basel-landschaft,57.718669,19.877652
1067,2020-07-26 10:05:24,2020-04-15 01:00:00,,BL,Basel-Landschaft,13,47.45176,7.702414,768,768,-3,45,9,267.6,8.711,610,0,25,7,,,,,,,,,,13,0,https://www.baselland.ch/politik-und-behorden/direktionen/volkswirtschafts-und-gesundheitsdirektion/amt-fur-gesundheit/medizinische-dienste/kantonsarztlicher-dienst/aktuelles/covid-19-faelle-kanton-basel-landschaft,56.112016,27.111355
1094,2020-07-26 10:05:24,2020-04-16 01:00:00,,BL,Basel-Landschaft,13,47.45176,7.702414,781,781,1,46,8,272.13,8.711,623,0,25,6,,,,,,,,,,13,0,https://www.baselland.ch/politik-und-behorden/direktionen/volkswirtschafts-und-gesundheitsdirektion/amt-fur-gesundheit/medizinische-dienste/kantonsarztlicher-dienst/aktuelles/covid-19-faelle-kanton-basel-landschaft,58.399766,27.111355
1121,2020-07-26 10:05:24,2020-04-17 01:00:00,,BL,Basel-Landschaft,13,47.45176,7.702414,794,794,-6,40,8,276.66,8.711,632,0,25,5,,,,,,,,,,13,0,https://www.baselland.ch/politik-und-behorden/direktionen/volkswirtschafts-und-gesundheitsdirektion/amt-fur-gesundheit/medizinische-dienste/kantonsarztlicher-dienst/aktuelles/covid-19-faelle-kanton-basel-landschaft,49.205946,41.564752
1146,2020-07-26 10:05:24,2020-04-18 01:00:00,,BL,Basel-Landschaft,13,47.45176,7.702414,798,798,4,44,7,278.05,8.711,636,0,25,5,,,,,,,,,,4,0,https://www.baselland.ch/politik-und-behorden/direktionen/volkswirtschafts-und-gesundheitsdirektion/amt-fur-gesundheit/medizinische-dienste/kantonsarztlicher-dienst/aktuelles/covid-19-faelle-kanton-basel-landschaft,54.690816,84.89874
1171,2020-07-26 10:05:24,2020-04-19 01:00:00,,BL,Basel-Landschaft,13,47.45176,7.702414,803,803,-4,40,7,279.79,8.711,653,0,25,5,,,,,,,,,,5,0,https://www.baselland.ch/politik-und-behorden/direktionen/volkswirtschafts-und-gesundheitsdirektion/amt-fur-gesundheit/medizinische-dienste/kantonsarztlicher-dienst/aktuelles/covid-19-faelle-kanton-basel-landschaft,56.228205,
1197,2020-07-26 10:05:24,2020-04-20 01:00:00,,BL,Basel-Landschaft,13,47.45176,7.702414,806,806,0,40,6,280.84,8.711,664,0,25,3,,,,,,,,,,3,0,https://www.baselland.ch/politik-und-behorden/direktionen/volkswirtschafts-und-gesundheitsdirektion/amt-fur-gesundheit/medizinische-dienste/kantonsarztlicher-dienst/aktuelles/covid-19-faelle-kanton-basel-landschaft,71.763267,
1224,2020-07-26 10:05:24,2020-04-21 01:00:00,,BL,Basel-Landschaft,13,47.45176,7.702414,809,809,-7,33,3,281.88,9.059,679,0,26,3,,,,,,,,,,3,1,https://www.baselland.ch/politik-und-behorden/direktionen/volkswirtschafts-und-gesundheitsdirektion/amt-fur-gesundheit/medizinische-dienste/kantonsarztlicher-dienst/aktuelles/covid-19-faelle-kanton-basel-landschaft,98.391972,88.364938
1251,2020-07-26 10:05:24,2020-04-22 01:00:00,,BL,Basel-Landschaft,13,47.45176,7.702414,811,811,0,33,3,282.58,9.059,683,0,26,3,,,,,,,,,,2,0,https://www.baselland.ch/politik-und-behorden/direktionen/volkswirtschafts-und-gesundheitsdirektion/amt-fur-gesundheit/medizinische-dienste/kantonsarztlicher-dienst/aktuelles/covid-19-faelle-kanton-basel-landschaft,163.597003,88.364938
1278,2020-07-26 10:05:24,2020-04-23 01:00:00,,BL,Basel-Landschaft,13,47.45176,7.702414,811,811,-1,32,3,282.58,9.059,692,0,26,2,,,,,,,,,,0,0,https://www.baselland.ch/politik-und-behorden/direktionen/volkswirtschafts-und-gesundheitsdirektion/amt-fur-gesundheit/medizinische-dienste/kantonsarztlicher-dienst/aktuelles/covid-19-faelle-kanton-basel-landschaft,214.471066,88.364938
1305,2020-07-26 10:05:24,2020-04-24 01:00:00,,BL,Basel-Landschaft,13,47.45176,7.702414,813,813,-8,24,2,283.28,10.453,698,0,30,1,,,,,,,,,,2,4,https://www.baselland.ch/politik-und-behorden/direktionen/volkswirtschafts-und-gesundheitsdirektion/amt-fur-gesundheit/medizinische-dienste/kantonsarztlicher-dienst/aktuelles/covid-19-faelle-kanton-basel-landschaft,280.027887,19.00892
1330,2020-07-26 10:05:24,2020-04-25 01:00:00,,BL,Basel-Landschaft,13,47.45176,7.702414,816,816,-1,23,1,284.32,10.453,710,0,30,0,,,,,,,,,,3,0,https://www.baselland.ch/politik-und-behorden/direktionen/volkswirtschafts-und-gesundheitsdirektion/amt-fur-gesundheit/medizinische-dienste/kantonsarztlicher-dienst/aktuelles/covid-19-faelle-kanton-basel-landschaft,281.067621,19.00892
1353,2020-07-26 10:05:24,2020-04-26 01:00:00,,BL,Basel-Landschaft,13,47.45176,7.702414,816,816,-2,21,0,284.32,10.453,724,0,30,0,,,,,,,,,,0,0,https://www.baselland.ch/politik-und-behorden/direktionen/volkswirtschafts-und-gesundheitsdirektion/amt-fur-gesundheit/medizinische-dienste/kantonsarztlicher-dienst/aktuelles/covid-19-faelle-kanton-basel-landschaft,402.270429,24.218836
1379,2020-07-26 10:05:24,2020-04-27 01:00:00,,BL,Basel-Landschaft,13,47.45176,7.702414,816,816,-4,17,1,284.32,10.453,738,0,30,0,,,,,,,,,,0,0,https://www.baselland.ch/politik-und-behorden/direktionen/volkswirtschafts-und-gesundheitsdirektion/amt-fur-gesundheit/medizinische-dienste/kantonsarztlicher-dienst/aktuelles/covid-19-faelle-kanton-basel-landschaft,563.873456,24.218836
1406,2020-07-26 10:05:24,2020-04-28 01:00:00,,BL,Basel-Landschaft,13,47.45176,7.702414,818,818,-2,15,1,285.02,10.453,747,0,30,0,,,,,,,,,,2,0,https://www.baselland.ch/politik-und-behorden/direktionen/volkswirtschafts-und-gesundheitsdirektion/amt-fur-gesundheit/medizinische-dienste/kantonsarztlicher-dienst/aktuelles/covid-19-faelle-kanton-basel-landschaft,403.260645,24.218836
1433,2020-07-26 10:05:24,2020-04-29 01:00:00,,BL,Basel-Landschaft,13,47.45176,7.702414,822,822,-3,12,1,286.41,10.453,752,0,30,1,,,,,,,,,,4,0,https://www.baselland.ch/politik-und-behorden/direktionen/volkswirtschafts-und-gesundheitsdirektion/amt-fur-gesundheit/medizinische-dienste/kantonsarztlicher-dienst/aktuelles/covid-19-faelle-kanton-basel-landschaft,314.801165,
1460,2020-07-26 10:05:24,2020-04-30 01:00:00,,BL,Basel-Landschaft,13,47.45176,7.702414,824,824,-3,9,1,287.11,10.453,756,0,30,1,,,,,,,,,,2,0,https://www.baselland.ch/politik-und-behorden/direktionen/volkswirtschafts-und-gesundheitsdirektion/amt-fur-gesundheit/medizinische-dienste/kantonsarztlicher-dienst/aktuelles/covid-19-faelle-kanton-basel-landschaft,355.235112,
1487,2020-07-26 10:05:24,2020-05-01 01:00:00,,BL,Basel-Landschaft,13,47.45176,7.702414,825,825,-1,8,1,287.46,11.15,758,0,32,1,,,,,,,,,,1,2,https://www.baselland.ch/politik-und-behorden/direktionen/volkswirtschafts-und-gesundheitsdirektion/amt-fur-gesundheit/medizinische-dienste/kantonsarztlicher-dienst/aktuelles/covid-19-faelle-kanton-basel-landschaft,315.956422,53.700268
1513,2020-07-26 10:05:24,2020-05-02 01:00:00,,BL,Basel-Landschaft,13,47.45176,7.702414,828,828,0,8,2,288.5,11.15,762,0,32,2,,,,,,,,,,3,0,https://www.baselland.ch/politik-und-behorden/direktionen/volkswirtschafts-und-gesundheitsdirektion/amt-fur-gesundheit/medizinische-dienste/kantonsarztlicher-dienst/aktuelles/covid-19-faelle-kanton-basel-landschaft,237.398693,53.700268
1537,2020-07-26 10:05:24,2020-05-03 01:00:00,,BL,Basel-Landschaft,13,47.45176,7.702414,828,828,2,10,1,288.5,11.15,767,0,32,1,,,,,,,,,,0,0,https://www.baselland.ch/politik-und-behorden/direktionen/volkswirtschafts-und-gesundheitsdirektion/amt-fur-gesundheit/medizinische-dienste/kantonsarztlicher-dienst/aktuelles/covid-19-faelle-kanton-basel-landschaft,285.226556,53.700268
1562,2020-07-26 10:05:24,2020-05-04 01:00:00,,BL,Basel-Landschaft,13,47.45176,7.702414,828,828,-1,9,1,288.5,11.15,769,0,32,1,,,,,,,,,,0,0,https://www.baselland.ch/politik-und-behorden/direktionen/volkswirtschafts-und-gesundheitsdirektion/amt-fur-gesundheit/medizinische-dienste/kantonsarztlicher-dienst/aktuelles/covid-19-faelle-kanton-basel-landschaft,476.536586,53.700268
1589,2020-07-26 10:05:24,2020-05-05 01:00:00,,BL,Basel-Landschaft,13,47.45176,7.702414,829,829,-1,8,1,288.85,11.15,773,0,32,1,,,,,,,,,,1,0,https://www.baselland.ch/politik-und-behorden/direktionen/volkswirtschafts-und-gesundheitsdirektion/amt-fur-gesundheit/medizinische-dienste/kantonsarztlicher-dienst/aktuelles/covid-19-faelle-kanton-basel-landschaft,572.884398,53.700268
1616,2020-07-26 10:05:24,2020-05-06 01:00:00,,BL,Basel-Landschaft,13,47.45176,7.702414,830,830,-2,6,1,289.2,11.498,774,0,33,1,,,,,,,,,,1,1,https://www.baselland.ch/politik-und-behorden/direktionen/volkswirtschafts-und-gesundheitsdirektion/amt-fur-gesundheit/medizinische-dienste/kantonsarztlicher-dienst/aktuelles/covid-19-faelle-kanton-basel-landschaft,573.577547,112.62753
1642,2020-07-26 10:05:24,2020-05-07 01:00:00,,BL,Basel-Landschaft,13,47.45176,7.702414,833,833,0,6,1,290.24,11.498,775,0,33,1,,,,,,,,,,3,0,https://www.baselland.ch/politik-und-behorden/direktionen/volkswirtschafts-und-gesundheitsdirektion/amt-fur-gesundheit/medizinische-dienste/kantonsarztlicher-dienst/aktuelles/covid-19-faelle-kanton-basel-landschaft,575.656995,112.62753
1668,2020-07-26 10:05:24,2020-05-08 01:00:00,,BL,Basel-Landschaft,13,47.45176,7.702414,834,834,-1,5,1,290.59,11.847,778,0,34,1,,,,,,,,,,1,1,https://www.baselland.ch/politik-und-behorden/direktionen/volkswirtschafts-und-gesundheitsdirektion/amt-fur-gesundheit/medizinische-dienste/kantonsarztlicher-dienst/aktuelles/covid-19-faelle-kanton-basel-landschaft,480.002337,57.167134
1694,2020-07-26 10:05:24,2020-05-09 01:00:00,,BL,Basel-Landschaft,13,47.45176,7.702414,835,835,-2,3,1,290.94,11.847,783,0,34,1,,,,,,,,,,1,0,https://www.baselland.ch/politik-und-behorden/direktionen/volkswirtschafts-und-gesundheitsdirektion/amt-fur-gesundheit/medizinische-dienste/kantonsarztlicher-dienst/aktuelles/covid-19-faelle-kanton-basel-landschaft,411.677483,57.167134
1716,2020-07-26 10:05:24,2020-05-10 01:00:00,,BL,Basel-Landschaft,13,47.45176,7.702414,836,836,-1,2,1,291.29,11.847,785,0,34,1,,,,,,,,,,1,0,https://www.baselland.ch/politik-und-behorden/direktionen/volkswirtschafts-und-gesundheitsdirektion/amt-fur-gesundheit/medizinische-dienste/kantonsarztlicher-dienst/aktuelles/covid-19-faelle-kanton-basel-landschaft,412.172591,57.167134
1739,2020-07-26 10:05:24,2020-05-11 01:00:00,,BL,Basel-Landschaft,13,47.45176,7.702414,836,836,1,3,1,291.29,11.847,785,0,34,1,0.0,0.0,,,,,,,,0,0,https://www.baselland.ch/politik-und-behorden/direktionen/volkswirtschafts-und-gesundheitsdirektion/amt-fur-gesundheit/medizinische-dienste/kantonsarztlicher-dienst/aktuelles/covid-19-faelle-kanton-basel-landschaft,481.157588,116.093531
1766,2020-07-26 10:05:24,2020-05-12 01:00:00,,BL,Basel-Landschaft,13,47.45176,7.702414,837,837,0,3,1,291.64,11.847,789,0,34,1,2.0,1.0,,,,,,,,1,0,https://www.baselland.ch/politik-und-behorden/direktionen/volkswirtschafts-und-gesundheitsdirektion/amt-fur-gesundheit/medizinische-dienste/kantonsarztlicher-dienst/aktuelles/covid-19-faelle-kanton-basel-landschaft,723.470986,116.093531
1791,2020-07-26 10:05:24,2020-05-13 01:00:00,,BL,Basel-Landschaft,13,47.45176,7.702414,837,837,-1,2,1,291.64,11.847,789,0,34,0,2.0,1.0,,,,,,,,0,0,https://www.baselland.ch/politik-und-behorden/direktionen/volkswirtschafts-und-gesundheitsdirektion/amt-fur-gesundheit/medizinische-dienste/kantonsarztlicher-dienst/aktuelles/covid-19-faelle-kanton-basel-landschaft,965.206412,
1817,2020-07-26 10:05:24,2020-05-14 01:00:00,,BL,Basel-Landschaft,13,47.45176,7.702414,837,837,1,3,1,291.64,11.847,790,0,34,0,2.0,1.0,,,,,,,,0,0,https://www.baselland.ch/politik-und-behorden/direktionen/volkswirtschafts-und-gesundheitsdirektion/amt-fur-gesundheit/medizinische-dienste/kantonsarztlicher-dienst/aktuelles/covid-19-faelle-kanton-basel-landschaft,1448.676916,
1843,2020-07-26 10:05:24,2020-05-15 01:00:00,,BL,Basel-Landschaft,13,47.45176,7.702414,837,837,-2,1,0,291.64,11.847,791,0,34,0,2.0,1.0,,,,,,,,0,0,https://www.baselland.ch/politik-und-behorden/direktionen/volkswirtschafts-und-gesundheitsdirektion/amt-fur-gesundheit/medizinische-dienste/kantonsarztlicher-dienst/aktuelles/covid-19-faelle-kanton-basel-landschaft,2899.087737,
1867,2020-07-26 10:05:24,2020-05-16 01:00:00,,BL,Basel-Landschaft,13,47.45176,7.702414,838,838,0,1,1,291.99,11.847,791,0,34,0,3.0,2.0,,,,,,,,1,0,https://www.baselland.ch/politik-und-behorden/direktionen/volkswirtschafts-und-gesundheitsdirektion/amt-fur-gesundheit/medizinische-dienste/kantonsarztlicher-dienst/aktuelles/covid-19-faelle-kanton-basel-landschaft,1450.409785,
1887,2020-07-26 10:05:24,2020-05-17 01:00:00,,BL,Basel-Landschaft,13,47.45176,7.702414,838,838,2,3,1,291.99,12.195,795,0,35,0,3.0,3.0,,,,,,,,0,1,https://www.baselland.ch/politik-und-behorden/direktionen/volkswirtschafts-und-gesundheitsdirektion/amt-fur-gesundheit/medizinische-dienste/kantonsarztlicher-dienst/aktuelles/covid-19-faelle-kanton-basel-landschaft,2902.553474,119.559517
1909,2020-07-26 10:05:24,2020-05-18 01:00:00,,BL,Basel-Landschaft,13,47.45176,7.702414,838,838,0,3,0,291.99,12.195,795,0,35,0,3.0,3.0,,,,,,,,0,0,https://www.baselland.ch/politik-und-behorden/direktionen/volkswirtschafts-und-gesundheitsdirektion/amt-fur-gesundheit/medizinische-dienste/kantonsarztlicher-dienst/aktuelles/covid-19-faelle-kanton-basel-landschaft,2902.553474,119.559517
1934,2020-07-26 10:05:24,2020-05-19 01:00:00,,BL,Basel-Landschaft,13,47.45176,7.702414,838,838,0,3,0,291.99,12.195,797,0,35,0,3.0,3.0,,,,,,,,0,0,https://www.baselland.ch/politik-und-behorden/direktionen/volkswirtschafts-und-gesundheitsdirektion/amt-fur-gesundheit/medizinische-dienste/kantonsarztlicher-dienst/aktuelles/covid-19-faelle-kanton-basel-landschaft,2902.553474,119.559517
1961,2020-07-26 10:05:24,2020-05-20 01:00:00,,BL,Basel-Landschaft,13,47.45176,7.702414,838,838,0,3,0,291.99,12.195,798,0,35,0,4.0,1.0,,,,,,,,0,0,https://www.baselland.ch/politik-und-behorden/direktionen/volkswirtschafts-und-gesundheitsdirektion/amt-fur-gesundheit/medizinische-dienste/kantonsarztlicher-dienst/aktuelles/covid-19-faelle-kanton-basel-landschaft,2902.553474,119.559517
1986,2020-07-26 10:05:24,2020-05-21 01:00:00,,BL,Basel-Landschaft,13,47.45176,7.702414,838,838,0,3,0,291.99,12.195,798,0,35,0,4.0,1.0,,,,,,,,0,0,https://www.baselland.ch/politik-und-behorden/direktionen/volkswirtschafts-und-gesundheitsdirektion/amt-fur-gesundheit/medizinische-dienste/kantonsarztlicher-dienst/aktuelles/covid-19-faelle-kanton-basel-landschaft,,119.559517
2009,2020-07-26 10:05:24,2020-05-22 01:00:00,,BL,Basel-Landschaft,13,47.45176,7.702414,838,838,-1,2,0,291.99,12.195,799,0,35,0,3.0,1.0,,,,,,,,0,0,https://www.baselland.ch/politik-und-behorden/direktionen/volkswirtschafts-und-gesundheitsdirektion/amt-fur-gesundheit/medizinische-dienste/kantonsarztlicher-dienst/aktuelles/covid-19-faelle-kanton-basel-landschaft,,
2030,2020-07-26 10:05:24,2020-05-23 01:00:00,,BL,Basel-Landschaft,13,47.45176,7.702414,838,838,0,2,0,291.99,12.195,800,0,35,0,3.0,1.0,,,,,,,,0,0,https://www.baselland.ch/politik-und-behorden/direktionen/volkswirtschafts-und-gesundheitsdirektion/amt-fur-gesundheit/medizinische-dienste/kantonsarztlicher-dienst/aktuelles/covid-19-faelle-kanton-basel-landschaft,,
2050,2020-07-26 10:05:24,2020-05-24 01:00:00,,BL,Basel-Landschaft,13,47.45176,7.702414,838,838,0,2,0,291.99,12.195,801,0,35,0,3.0,1.0,,,,,,,,0,0,https://www.baselland.ch/politik-und-behorden/direktionen/volkswirtschafts-und-gesundheitsdirektion/amt-fur-gesundheit/medizinische-dienste/kantonsarztlicher-dienst/aktuelles/covid-19-faelle-kanton-basel-landschaft,,
2072,2020-07-26 10:05:24,2020-05-25 01:00:00,,BL,Basel-Landschaft,13,47.45176,7.702414,838,838,0,2,0,291.99,12.195,801,0,35,0,2.0,1.0,,,,,,,,0,0,https://www.baselland.ch/politik-und-behorden/direktionen/volkswirtschafts-und-gesundheitsdirektion/amt-fur-gesundheit/medizinische-dienste/kantonsarztlicher-dienst/aktuelles/covid-19-faelle-kanton-basel-landschaft,,
2097,2020-07-26 10:05:24,2020-05-26 01:00:00,,BL,Basel-Landschaft,13,47.45176,7.702414,838,838,-2,0,0,291.99,12.195,802,0,35,0,2.0,0.0,,,,,,,,0,0,https://www.baselland.ch/politik-und-behorden/direktionen/volkswirtschafts-und-gesundheitsdirektion/amt-fur-gesundheit/medizinische-dienste/kantonsarztlicher-dienst/aktuelles/covid-19-faelle-kanton-basel-landschaft,,
2124,2020-07-26 10:05:24,2020-05-27 01:00:00,,BL,Basel-Landschaft,13,47.45176,7.702414,838,838,0,0,0,291.99,12.195,802,0,35,0,2.0,1.0,,,,,,,,0,0,https://www.baselland.ch/politik-und-behorden/direktionen/volkswirtschafts-und-gesundheitsdirektion/amt-fur-gesundheit/medizinische-dienste/kantonsarztlicher-dienst/aktuelles/covid-19-faelle-kanton-basel-landschaft,,
2150,2020-07-26 10:05:24,2020-05-28 01:00:00,,BL,Basel-Landschaft,13,47.45176,7.702414,840,840,0,0,0,292.68,12.195,802,0,35,0,3.0,3.0,,,,,,,,2,0,https://www.baselland.ch/politik-und-behorden/direktionen/volkswirtschafts-und-gesundheitsdirektion/amt-fur-gesundheit/medizinische-dienste/kantonsarztlicher-dienst/aktuelles/covid-19-faelle-kanton-basel-landschaft,1453.875523,
2176,2020-07-26 10:05:24,2020-05-29 01:00:00,,BL,Basel-Landschaft,13,47.45176,7.702414,840,840,0,0,0,292.68,12.195,802,0,35,0,4.0,7.0,,,,,,,,0,0,https://www.baselland.ch/politik-und-behorden/direktionen/volkswirtschafts-und-gesundheitsdirektion/amt-fur-gesundheit/medizinische-dienste/kantonsarztlicher-dienst/aktuelles/covid-19-faelle-kanton-basel-landschaft,1453.875523,
2200,2020-07-26 10:05:24,2020-05-30 01:00:00,,BL,Basel-Landschaft,13,47.45176,7.702414,841,841,0,0,0,293.03,12.195,802,0,35,0,4.0,10.0,,,,,,,,1,0,https://www.baselland.ch/politik-und-behorden/direktionen/volkswirtschafts-und-gesundheitsdirektion/amt-fur-gesundheit/medizinische-dienste/kantonsarztlicher-dienst/aktuelles/covid-19-faelle-kanton-basel-landschaft,969.827398,
2219,2020-07-26 10:05:24,2020-05-31 01:00:00,,BL,Basel-Landschaft,13,47.45176,7.702414,842,842,0,0,0,293.38,12.195,802,0,35,0,4.0,10.0,,,,,,,,1,0,https://www.baselland.ch/politik-und-behorden/direktionen/volkswirtschafts-und-gesundheitsdirektion/amt-fur-gesundheit/medizinische-dienste/kantonsarztlicher-dienst/aktuelles/covid-19-faelle-kanton-basel-landschaft,727.803164,
2239,2020-07-26 10:05:24,2020-06-01 01:00:00,,BL,Basel-Landschaft,13,47.45176,7.702414,843,843,0,0,0,293.73,12.195,802,0,35,0,4.0,10.0,,,,,,,,1,0,https://www.baselland.ch/politik-und-behorden/direktionen/volkswirtschafts-und-gesundheitsdirektion/amt-fur-gesundheit/medizinische-dienste/kantonsarztlicher-dienst/aktuelles/covid-19-faelle-kanton-basel-landschaft,582.588487,
2260,2020-07-26 10:05:24,2020-06-02 01:00:00,,BL,Basel-Landschaft,13,47.45176,7.702414,843,843,0,0,0,293.73,12.195,802,0,35,0,5.0,11.0,,,,,,,,0,0,https://www.baselland.ch/politik-und-behorden/direktionen/volkswirtschafts-und-gesundheitsdirektion/amt-fur-gesundheit/medizinische-dienste/kantonsarztlicher-dienst/aktuelles/covid-19-faelle-kanton-basel-landschaft,972.137891,
2286,2020-07-26 10:05:24,2020-06-03 01:00:00,,BL,Basel-Landschaft,13,47.45176,7.702414,844,844,0,0,0,294.08,12.195,802,0,35,0,6.0,14.0,,,,,,,,1,0,https://www.baselland.ch/politik-und-behorden/direktionen/volkswirtschafts-und-gesundheitsdirektion/amt-fur-gesundheit/medizinische-dienste/kantonsarztlicher-dienst/aktuelles/covid-19-faelle-kanton-basel-landschaft,729.536036,
2311,2020-07-26 10:05:24,2020-06-04 01:00:00,,BL,Basel-Landschaft,13,47.45176,7.702414,844,844,0,0,0,294.08,12.195,802,0,35,0,7.0,18.0,,,,,,,,0,0,https://www.baselland.ch/politik-und-behorden/direktionen/volkswirtschafts-und-gesundheitsdirektion/amt-fur-gesundheit/medizinische-dienste/kantonsarztlicher-dienst/aktuelles/covid-19-faelle-kanton-basel-landschaft,973.293138,
2335,2020-07-26 10:05:24,2020-06-05 01:00:00,,BL,Basel-Landschaft,13,47.45176,7.702414,845,845,0,0,0,294.43,12.195,802,0,35,0,7.0,19.0,,,,,,,,1,0,https://www.baselland.ch/politik-und-behorden/direktionen/volkswirtschafts-und-gesundheitsdirektion/amt-fur-gesundheit/medizinische-dienste/kantonsarztlicher-dienst/aktuelles/covid-19-faelle-kanton-basel-landschaft,974.448384,
2357,2020-07-26 10:05:24,2020-06-06 01:00:00,,BL,Basel-Landschaft,13,47.45176,7.702414,845,845,0,0,0,294.43,12.195,803,0,35,0,7.0,14.0,,,,,,,,0,0,https://www.baselland.ch/politik-und-behorden/direktionen/volkswirtschafts-und-gesundheitsdirektion/amt-fur-gesundheit/medizinische-dienste/kantonsarztlicher-dienst/aktuelles/covid-19-faelle-kanton-basel-landschaft,1462.539867,
2375,2020-07-26 10:05:24,2020-06-07 01:00:00,,BL,Basel-Landschaft,13,47.45176,7.702414,845,845,0,0,0,294.43,12.195,804,0,35,0,6.0,10.0,,,,,,,,0,0,https://www.baselland.ch/politik-und-behorden/direktionen/volkswirtschafts-und-gesundheitsdirektion/amt-fur-gesundheit/medizinische-dienste/kantonsarztlicher-dienst/aktuelles/covid-19-faelle-kanton-basel-landschaft,1462.539867,
2396,2020-07-26 10:05:24,2020-06-08 01:00:00,,BL,Basel-Landschaft,13,47.45176,7.702414,845,845,0,0,0,294.43,12.195,804,0,35,0,4.0,9.0,,,,,,,,0,0,https://www.baselland.ch/politik-und-behorden/direktionen/volkswirtschafts-und-gesundheitsdirektion/amt-fur-gesundheit/medizinische-dienste/kantonsarztlicher-dienst/aktuelles/covid-19-faelle-kanton-basel-landschaft,2926.813628,
2421,2020-07-26 10:05:24,2020-06-09 01:00:00,,BL,Basel-Landschaft,13,47.45176,7.702414,845,845,0,0,0,294.43,12.195,805,0,35,0,5.0,13.0,,,,,,,,0,0,https://www.baselland.ch/politik-und-behorden/direktionen/volkswirtschafts-und-gesundheitsdirektion/amt-fur-gesundheit/medizinische-dienste/kantonsarztlicher-dienst/aktuelles/covid-19-faelle-kanton-basel-landschaft,2926.813628,
2445,2020-07-26 10:05:24,2020-06-10 01:00:00,,BL,Basel-Landschaft,13,47.45176,7.702414,846,846,0,0,0,294.77,12.195,806,0,35,0,5.0,57.0,,,,,,,,1,0,https://www.baselland.ch/politik-und-behorden/direktionen/volkswirtschafts-und-gesundheitsdirektion/amt-fur-gesundheit/medizinische-dienste/kantonsarztlicher-dienst/aktuelles/covid-19-faelle-kanton-basel-landschaft,2930.279364,
2468,2020-07-26 10:05:24,2020-06-11 01:00:00,,BL,Basel-Landschaft,13,47.45176,7.702414,846,846,0,0,0,294.77,12.195,807,0,35,0,4.0,58.0,,,,,,,,0,0,https://www.baselland.ch/politik-und-behorden/direktionen/volkswirtschafts-und-gesundheitsdirektion/amt-fur-gesundheit/medizinische-dienste/kantonsarztlicher-dienst/aktuelles/covid-19-faelle-kanton-basel-landschaft,2930.279364,
2490,2020-07-26 10:05:24,2020-06-12 01:00:00,,BL,Basel-Landschaft,13,47.45176,7.702414,846,846,0,0,0,294.77,12.195,807,0,35,0,3.0,58.0,,,,,,,,0,0,https://www.baselland.ch/politik-und-behorden/direktionen/volkswirtschafts-und-gesundheitsdirektion/amt-fur-gesundheit/medizinische-dienste/kantonsarztlicher-dienst/aktuelles/covid-19-faelle-kanton-basel-landschaft,2930.279364,
2510,2020-07-26 10:05:24,2020-06-13 01:00:00,,BL,Basel-Landschaft,13,47.45176,7.702414,846,846,0,0,0,294.77,12.195,808,0,35,0,3.0,61.0,,,,,,,,0,0,https://www.baselland.ch/politik-und-behorden/direktionen/volkswirtschafts-und-gesundheitsdirektion/amt-fur-gesundheit/medizinische-dienste/kantonsarztlicher-dienst/aktuelles/covid-19-faelle-kanton-basel-landschaft,2930.279364,
2529,2020-07-26 10:05:24,2020-06-14 01:00:00,,BL,Basel-Landschaft,13,47.45176,7.702414,846,846,0,0,0,294.77,12.195,808,0,35,0,1.0,53.0,,,,,,,,0,0,https://www.baselland.ch/politik-und-behorden/direktionen/volkswirtschafts-und-gesundheitsdirektion/amt-fur-gesundheit/medizinische-dienste/kantonsarztlicher-dienst/aktuelles/covid-19-faelle-kanton-basel-landschaft,2930.279364,
2551,2020-07-26 10:05:24,2020-06-15 01:00:00,,BL,Basel-Landschaft,13,47.45176,7.702414,846,846,0,0,0,294.77,12.195,809,0,35,0,1.0,44.0,,,,,,,,0,0,https://www.baselland.ch/politik-und-behorden/direktionen/volkswirtschafts-und-gesundheitsdirektion/amt-fur-gesundheit/medizinische-dienste/kantonsarztlicher-dienst/aktuelles/covid-19-faelle-kanton-basel-landschaft,,
2575,2020-07-26 10:05:24,2020-06-16 01:00:00,,BL,Basel-Landschaft,13,47.45176,7.702414,847,847,0,0,0,295.12,12.195,809,0,35,0,2.0,18.0,,,,,,,,1,0,https://www.baselland.ch/politik-und-behorden/direktionen/volkswirtschafts-und-gesundheitsdirektion/amt-fur-gesundheit/medizinische-dienste/kantonsarztlicher-dienst/aktuelles/covid-19-faelle-kanton-basel-landschaft,2933.745101,
2599,2020-07-26 10:05:24,2020-06-17 01:00:00,,BL,Basel-Landschaft,13,47.45176,7.702414,847,847,0,0,0,295.12,12.195,809,0,35,0,2.0,13.0,,,,,,,,0,0,https://www.baselland.ch/politik-und-behorden/direktionen/volkswirtschafts-und-gesundheitsdirektion/amt-fur-gesundheit/medizinische-dienste/kantonsarztlicher-dienst/aktuelles/covid-19-faelle-kanton-basel-landschaft,2933.745101,
2623,2020-07-26 10:05:24,2020-06-18 01:00:00,,BL,Basel-Landschaft,13,47.45176,7.702414,847,847,0,0,0,295.12,12.195,809,0,35,0,2.0,8.0,,,,,,,,0,0,https://www.baselland.ch/politik-und-behorden/direktionen/volkswirtschafts-und-gesundheitsdirektion/amt-fur-gesundheit/medizinische-dienste/kantonsarztlicher-dienst/aktuelles/covid-19-faelle-kanton-basel-landschaft,2933.745101,
2648,2020-07-26 10:05:24,2020-06-19 01:00:00,,BL,Basel-Landschaft,13,47.45176,7.702414,847,847,0,0,0,295.12,12.195,810,0,35,0,2.0,5.0,,,,,,,,0,0,https://www.baselland.ch/politik-und-behorden/direktionen/volkswirtschafts-und-gesundheitsdirektion/amt-fur-gesundheit/medizinische-dienste/kantonsarztlicher-dienst/aktuelles/covid-19-faelle-kanton-basel-landschaft,2933.745101,
2670,2020-07-26 10:05:24,2020-06-20 01:00:00,,BL,Basel-Landschaft,13,47.45176,7.702414,848,848,0,0,0,295.47,12.195,810,0,35,0,3.0,7.0,,,,,,,,1,0,https://www.baselland.ch/politik-und-behorden/direktionen/volkswirtschafts-und-gesundheitsdirektion/amt-fur-gesundheit/medizinische-dienste/kantonsarztlicher-dienst/aktuelles/covid-19-faelle-kanton-basel-landschaft,1467.738473,
2689,2020-07-26 10:05:24,2020-06-21 01:00:00,,BL,Basel-Landschaft,13,47.45176,7.702414,849,849,0,0,0,295.82,12.195,810,0,35,0,2.0,19.0,,,,,,,,1,0,https://www.baselland.ch/politik-und-behorden/direktionen/volkswirtschafts-und-gesundheitsdirektion/amt-fur-gesundheit/medizinische-dienste/kantonsarztlicher-dienst/aktuelles/covid-19-faelle-kanton-basel-landschaft,1469.471342,
2710,2020-07-26 10:05:24,2020-06-22 01:00:00,,BL,Basel-Landschaft,13,47.45176,7.702414,849,849,0,0,0,295.82,12.195,811,0,35,0,4.0,22.0,,,,,,,,0,0,https://www.baselland.ch/politik-und-behorden/direktionen/volkswirtschafts-und-gesundheitsdirektion/amt-fur-gesundheit/medizinische-dienste/kantonsarztlicher-dienst/aktuelles/covid-19-faelle-kanton-basel-landschaft,1469.471342,
2735,2020-07-26 10:05:24,2020-06-23 01:00:00,,BL,Basel-Landschaft,13,47.45176,7.702414,849,849,0,0,0,295.82,12.195,811,0,35,0,5.0,27.0,,,,,,,,0,0,https://www.baselland.ch/politik-und-behorden/direktionen/volkswirtschafts-und-gesundheitsdirektion/amt-fur-gesundheit/medizinische-dienste/kantonsarztlicher-dienst/aktuelles/covid-19-faelle-kanton-basel-landschaft,1469.471342,
2760,2020-07-26 10:05:24,2020-06-24 01:00:00,,BL,Basel-Landschaft,13,47.45176,7.702414,851,851,0,0,0,296.52,12.195,811,0,35,0,8.0,29.0,,,,,,,,2,0,https://www.baselland.ch/politik-und-behorden/direktionen/volkswirtschafts-und-gesundheitsdirektion/amt-fur-gesundheit/medizinische-dienste/kantonsarztlicher-dienst/aktuelles/covid-19-faelle-kanton-basel-landschaft,735.601085,
2785,2020-07-26 10:05:24,2020-06-25 01:00:00,,BL,Basel-Landschaft,13,47.45176,7.702414,852,852,0,0,0,296.86,12.195,811,0,35,0,7.0,38.0,,,,,,,,1,0,https://www.baselland.ch/politik-und-behorden/direktionen/volkswirtschafts-und-gesundheitsdirektion/amt-fur-gesundheit/medizinische-dienste/kantonsarztlicher-dienst/aktuelles/covid-19-faelle-kanton-basel-landschaft,736.46752,
2811,2020-07-26 10:05:24,2020-06-26 01:00:00,,BL,Basel-Landschaft,13,47.45176,7.702414,854,854,0,0,0,297.56,12.195,811,0,35,0,9.0,66.0,,,,,,,,2,0,https://www.baselland.ch/politik-und-behorden/direktionen/volkswirtschafts-und-gesundheitsdirektion/amt-fur-gesundheit/medizinische-dienste/kantonsarztlicher-dienst/aktuelles/covid-19-faelle-kanton-basel-landschaft,590.213128,
2835,2020-07-26 10:05:24,2020-06-27 01:00:00,,BL,Basel-Landschaft,13,47.45176,7.702414,856,856,0,0,0,298.26,12.195,812,0,35,0,9.0,60.0,,,,,,,,2,0,https://www.baselland.ch/politik-und-behorden/direktionen/volkswirtschafts-und-gesundheitsdirektion/amt-fur-gesundheit/medizinische-dienste/kantonsarztlicher-dienst/aktuelles/covid-19-faelle-kanton-basel-landschaft,422.074751,
2854,2020-07-26 10:05:24,2020-06-28 01:00:00,,BL,Basel-Landschaft,13,47.45176,7.702414,858,858,0,0,0,298.95,12.195,812,0,35,0,12.0,50.0,,,,,,,,2,0,https://www.baselland.ch/politik-und-behorden/direktionen/volkswirtschafts-und-gesundheitsdirektion/amt-fur-gesundheit/medizinische-dienste/kantonsarztlicher-dienst/aktuelles/covid-19-faelle-kanton-basel-landschaft,328.664243,
2875,2020-07-26 10:05:24,2020-06-29 01:00:00,,BL,Basel-Landschaft,13,47.45176,7.702414,859,859,0,0,0,299.3,12.195,812,0,35,0,12.0,56.0,,,,,,,,1,0,https://www.baselland.ch/politik-und-behorden/direktionen/volkswirtschafts-und-gesundheitsdirektion/amt-fur-gesundheit/medizinische-dienste/kantonsarztlicher-dienst/aktuelles/covid-19-faelle-kanton-basel-landschaft,370.397822,
2901,2020-07-26 10:05:24,2020-06-30 01:00:00,,BL,Basel-Landschaft,13,47.45176,7.702414,859,859,0,0,0,299.3,12.195,812,0,35,0,9.0,51.0,,,,,,,,0,0,https://www.baselland.ch/politik-und-behorden/direktionen/volkswirtschafts-und-gesundheitsdirektion/amt-fur-gesundheit/medizinische-dienste/kantonsarztlicher-dienst/aktuelles/covid-19-faelle-kanton-basel-landschaft,423.560075,
2928,2020-07-26 10:05:24,2020-07-01 01:00:00,,BL,Basel-Landschaft,13,47.45176,7.702414,860,860,0,0,0,299.65,12.195,813,0,35,0,9.0,51.0,,,,,,,,1,0,https://www.baselland.ch/politik-und-behorden/direktionen/volkswirtschafts-und-gesundheitsdirektion/amt-fur-gesundheit/medizinische-dienste/kantonsarztlicher-dienst/aktuelles/covid-19-faelle-kanton-basel-landschaft,495.020589,
2954,2020-07-26 10:05:24,2020-07-02 01:00:00,,BL,Basel-Landschaft,13,47.45176,7.702414,861,861,0,0,0,300.0,12.195,813,0,35,0,10.0,48.0,,,,,,,,1,0,https://www.baselland.ch/politik-und-behorden/direktionen/volkswirtschafts-und-gesundheitsdirektion/amt-fur-gesundheit/medizinische-dienste/kantonsarztlicher-dienst/aktuelles/covid-19-faelle-kanton-basel-landschaft,595.065172,
2980,2020-07-26 10:05:24,2020-07-03 01:00:00,,BL,Basel-Landschaft,13,47.45176,7.702414,865,865,0,0,0,301.39,12.195,813,0,35,0,11.0,49.0,,,,,,,,4,0,https://www.baselland.ch/politik-und-behorden/direktionen/volkswirtschafts-und-gesundheitsdirektion/amt-fur-gesundheit/medizinische-dienste/kantonsarztlicher-dienst/aktuelles/covid-19-faelle-kanton-basel-landschaft,426.530722,
3003,2020-07-26 10:05:24,2020-07-04 01:00:00,,BL,Basel-Landschaft,13,47.45176,7.702414,869,869,0,0,0,302.79,12.195,815,0,35,0,13.0,49.0,,,,,,,,4,0,https://www.baselland.ch/politik-und-behorden/direktionen/volkswirtschafts-und-gesundheitsdirektion/amt-fur-gesundheit/medizinische-dienste/kantonsarztlicher-dienst/aktuelles/covid-19-faelle-kanton-basel-landschaft,299.436239,
3021,2020-07-26 10:05:24,2020-07-05 01:00:00,,BL,Basel-Landschaft,13,47.45176,7.702414,869,869,0,0,0,302.79,12.195,816,0,35,0,14.0,61.0,,,,,,,,0,0,https://www.baselland.ch/politik-und-behorden/direktionen/volkswirtschafts-und-gesundheitsdirektion/amt-fur-gesundheit/medizinische-dienste/kantonsarztlicher-dienst/aktuelles/covid-19-faelle-kanton-basel-landschaft,299.436239,
3045,2020-07-26 10:05:24,2020-07-06 01:00:00,,BL,Basel-Landschaft,13,47.45176,7.702414,871,871,1,1,0,303.48,12.195,818,0,35,0,16.0,60.0,,,,,,,,2,0,https://www.baselland.ch/politik-und-behorden/direktionen/volkswirtschafts-und-gesundheitsdirektion/amt-fur-gesundheit/medizinische-dienste/kantonsarztlicher-dienst/aktuelles/covid-19-faelle-kanton-basel-landschaft,272.686732,
3070,2020-07-26 10:05:24,2020-07-07 01:00:00,,BL,Basel-Landschaft,13,47.45176,7.702414,874,874,0,1,0,304.53,12.195,820,0,35,0,15.0,64.0,,,,,,,,3,0,https://www.baselland.ch/politik-und-behorden/direktionen/volkswirtschafts-und-gesundheitsdirektion/amt-fur-gesundheit/medizinische-dienste/kantonsarztlicher-dienst/aktuelles/covid-19-faelle-kanton-basel-landschaft,231.266895,
3096,2020-07-26 10:05:24,2020-07-08 01:00:00,,BL,Basel-Landschaft,13,47.45176,7.702414,877,877,0,1,0,305.57,12.195,821,0,35,0,17.0,69.0,,,,,,,,3,0,https://www.baselland.ch/politik-und-behorden/direktionen/volkswirtschafts-und-gesundheitsdirektion/amt-fur-gesundheit/medizinische-dienste/kantonsarztlicher-dienst/aktuelles/covid-19-faelle-kanton-basel-landschaft,251.550685,
3121,2020-07-26 10:05:24,2020-07-09 01:00:00,,BL,Basel-Landschaft,13,47.45176,7.702414,880,880,0,1,0,306.62,12.195,822,0,35,0,19.0,77.0,,,,,,,,3,0,https://www.baselland.ch/politik-und-behorden/direktionen/volkswirtschafts-und-gesundheitsdirektion/amt-fur-gesundheit/medizinische-dienste/kantonsarztlicher-dienst/aktuelles/covid-19-faelle-kanton-basel-landschaft,275.522371,
3148,2020-07-26 10:05:24,2020-07-10 01:00:00,,BL,Basel-Landschaft,13,47.45176,7.702414,883,883,1,2,1,307.67,12.195,822,0,35,0,24.0,96.0,,,,,,,,3,0,https://www.baselland.ch/politik-und-behorden/direktionen/volkswirtschafts-und-gesundheitsdirektion/amt-fur-gesundheit/medizinische-dienste/kantonsarztlicher-dienst/aktuelles/covid-19-faelle-kanton-basel-landschaft,216.851431,
3170,2020-07-26 10:05:24,2020-07-11 01:00:00,,BL,Basel-Landschaft,13,47.45176,7.702414,884,884,0,2,0,308.01,12.195,823,0,35,0,24.0,115.0,,,,,,,,1,0,https://www.baselland.ch/politik-und-behorden/direktionen/volkswirtschafts-und-gesundheitsdirektion/amt-fur-gesundheit/medizinische-dienste/kantonsarztlicher-dienst/aktuelles/covid-19-faelle-kanton-basel-landschaft,233.932895,
3188,2020-07-26 10:05:24,2020-07-12 01:00:00,,BL,Basel-Landschaft,13,47.45176,7.702414,889,889,1,3,0,309.76,12.195,824,0,35,0,27.0,126.0,,,,,,,,5,0,https://www.baselland.ch/politik-und-behorden/direktionen/volkswirtschafts-und-gesundheitsdirektion/amt-fur-gesundheit/medizinische-dienste/kantonsarztlicher-dienst/aktuelles/covid-19-faelle-kanton-basel-landschaft,203.664832,
3209,2020-07-26 10:05:24,2020-07-13 01:00:00,,BL,Basel-Landschaft,13,47.45176,7.702414,892,892,0,3,0,310.8,12.195,828,0,35,0,26.0,160.0,,,,,,,,3,0,https://www.baselland.ch/politik-und-behorden/direktionen/volkswirtschafts-und-gesundheitsdirektion/amt-fur-gesundheit/medizinische-dienste/kantonsarztlicher-dienst/aktuelles/covid-19-faelle-kanton-basel-landschaft,204.357996,
3236,2020-07-26 10:05:24,2020-07-14 01:00:00,,BL,Basel-Landschaft,13,47.45176,7.702414,895,895,0,3,0,311.85,12.195,832,0,35,0,26.0,204.0,,,,,,,,3,0,https://www.baselland.ch/politik-und-behorden/direktionen/volkswirtschafts-und-gesundheitsdirektion/amt-fur-gesundheit/medizinische-dienste/kantonsarztlicher-dienst/aktuelles/covid-19-faelle-kanton-basel-landschaft,205.05116,
3261,2020-07-26 10:05:24,2020-07-15 01:00:00,,BL,Basel-Landschaft,13,47.45176,7.702414,898,898,-1,2,0,312.89,12.195,832,0,35,0,29.0,219.0,,,,,,,,3,0,https://www.baselland.ch/politik-und-behorden/direktionen/volkswirtschafts-und-gesundheitsdirektion/amt-fur-gesundheit/medizinische-dienste/kantonsarztlicher-dienst/aktuelles/covid-19-faelle-kanton-basel-landschaft,205.744323,
3287,2020-07-26 10:05:24,2020-07-16 01:00:00,,BL,Basel-Landschaft,13,47.45176,7.702414,898,898,0,2,0,312.89,12.195,834,0,35,0,25.0,217.0,,,,,,,,0,0,https://www.baselland.ch/politik-und-behorden/direktionen/volkswirtschafts-und-gesundheitsdirektion/amt-fur-gesundheit/medizinische-dienste/kantonsarztlicher-dienst/aktuelles/covid-19-faelle-kanton-basel-landschaft,220.564797,
3313,2020-07-26 10:05:24,2020-07-17 01:00:00,,BL,Basel-Landschaft,13,47.45176,7.702414,901,901,1,3,0,313.94,12.195,836,0,35,0,22.0,271.0,,,,,,,,3,0,https://www.baselland.ch/politik-und-behorden/direktionen/volkswirtschafts-und-gesundheitsdirektion/amt-fur-gesundheit/medizinische-dienste/kantonsarztlicher-dienst/aktuelles/covid-19-faelle-kanton-basel-landschaft,258.482264,
3335,2020-07-26 10:05:24,2020-07-18 01:00:00,,BL,Basel-Landschaft,13,47.45176,7.702414,901,901,-3,0,0,313.94,12.195,839,0,35,0,23.0,290.0,,,,,,,,0,0,https://www.baselland.ch/politik-und-behorden/direktionen/volkswirtschafts-und-gesundheitsdirektion/amt-fur-gesundheit/medizinische-dienste/kantonsarztlicher-dienst/aktuelles/covid-19-faelle-kanton-basel-landschaft,345.222905,
3353,2020-07-26 10:05:24,2020-07-19 01:00:00,,BL,Basel-Landschaft,13,47.45176,7.702414,901,901,0,0,0,313.94,12.195,842,0,35,0,22.0,290.0,,,,,,,,0,0,https://www.baselland.ch/politik-und-behorden/direktionen/volkswirtschafts-und-gesundheitsdirektion/amt-fur-gesundheit/medizinische-dienste/kantonsarztlicher-dienst/aktuelles/covid-19-faelle-kanton-basel-landschaft,518.70321,
3373,2020-07-26 10:05:24,2020-07-20 01:00:00,,BL,Basel-Landschaft,13,47.45176,7.702414,901,901,0,0,0,313.94,12.195,845,0,35,0,19.0,304.0,,,,,,,,0,0,https://www.baselland.ch/politik-und-behorden/direktionen/volkswirtschafts-und-gesundheitsdirektion/amt-fur-gesundheit/medizinische-dienste/kantonsarztlicher-dienst/aktuelles/covid-19-faelle-kanton-basel-landschaft,1039.142185,
3399,2020-07-26 10:05:24,2020-07-21 01:00:00,,BL,Basel-Landschaft,13,47.45176,7.702414,902,902,0,0,0,314.29,12.195,846,0,35,0,13.0,333.0,,,,,,,,1,0,https://www.baselland.ch/politik-und-behorden/direktionen/volkswirtschafts-und-gesundheitsdirektion/amt-fur-gesundheit/medizinische-dienste/kantonsarztlicher-dienst/aktuelles/covid-19-faelle-kanton-basel-landschaft,779.789295,
3422,2020-07-26 10:05:24,2020-07-22 01:00:00,,BL,Basel-Landschaft,13,47.45176,7.702414,906,906,0,0,0,315.68,12.195,850,0,35,0,15.0,280.0,,,,,,,,4,0,https://www.baselland.ch/politik-und-behorden/direktionen/volkswirtschafts-und-gesundheitsdirektion/amt-fur-gesundheit/medizinische-dienste/kantonsarztlicher-dienst/aktuelles/covid-19-faelle-kanton-basel-landschaft,626.256879,
3446,2020-07-26 10:05:24,2020-07-23 01:00:00,,BL,Basel-Landschaft,13,47.45176,7.702414,908,908,0,0,0,316.38,12.195,853,0,35,0,15.0,305.0,,,,,,,,2,0,https://www.baselland.ch/politik-und-behorden/direktionen/volkswirtschafts-und-gesundheitsdirektion/amt-fur-gesundheit/medizinische-dienste/kantonsarztlicher-dienst/aktuelles/covid-19-faelle-kanton-basel-landschaft,447.820354,
3469,2020-07-26 10:05:24,2020-07-24 01:00:00,,BL,Basel-Landschaft,13,47.45176,7.702414,910,910,0,0,0,317.07,12.195,856,0,35,0,15.0,344.0,,,,,,,,2,0,https://www.baselland.ch/politik-und-behorden/direktionen/volkswirtschafts-und-gesundheitsdirektion/amt-fur-gesundheit/medizinische-dienste/kantonsarztlicher-dienst/aktuelles/covid-19-faelle-kanton-basel-landschaft,348.688669,
