,last_update,timestamp,tests_performed,abbreviation_canton,name_canton,number_canton,lat,long,total_positive_cases,total_currently_positive_cases,new_hosp,total_hospitalized,intensive_care,total_currently_positive_per_100k,deaths_per_100k,released,ncumul_ICU_intub,deaths,ncumul_vent,current_isolated,current_quarantined,current_quarantined_riskareatravel,current_quarantined_total,TotalPosTests1,ninst_ICU_intub,ncumul_ICF,ncumul_confirmed_non_resident,current_hosp_non_resident,current_hosp_resident,new_positive_cases,new_deaths,source,doubling_time_total_positive,doubling_time_fatalities
212,2020-09-06 02:06:51,2020-03-10 02:00:00,,GL,Glarus,08,46.931042000000005,9.065751,1,1,0,0,,2.48,0.0,,0,0,,,,,,,,,,,,0,0,https://www.gl.ch/public/upload/assets/30317/COVID-19_Fallzahlen_Kanton_Glarus.xlsx,0.0,0.0
228,2020-09-06 02:06:51,2020-03-11 02:00:00,,GL,Glarus,08,46.931042000000005,9.065751,1,1,0,0,,2.48,0.0,,0,0,,,,,,,,,,,,0,0,https://www.gl.ch/public/upload/assets/30317/COVID-19_Fallzahlen_Kanton_Glarus.xlsx,0.0,0.0
247,2020-09-06 02:06:51,2020-03-12 02:00:00,,GL,Glarus,08,46.931042000000005,9.065751,3,3,0,0,,7.44,0.0,,0,0,,,,,,,,,,,,2,0,https://www.gl.ch/public/upload/assets/30317/COVID-19_Fallzahlen_Kanton_Glarus.xlsx,0.0,0.0
267,2020-09-06 02:06:51,2020-03-13 02:00:00,,GL,Glarus,08,46.931042000000005,9.065751,6,6,0,0,,14.89,0.0,,0,0,,,,,,,,,,,,3,0,https://www.gl.ch/public/upload/assets/30317/COVID-19_Fallzahlen_Kanton_Glarus.xlsx,0.0,0.0
287,2020-09-06 02:06:51,2020-03-14 02:00:00,,GL,Glarus,08,46.931042000000005,9.065751,8,8,0,0,,19.85,0.0,,0,0,,,,,,,,,,,,2,0,https://www.gl.ch/public/upload/assets/30317/COVID-19_Fallzahlen_Kanton_Glarus.xlsx,0.0,0.0
303,2020-09-06 02:06:51,2020-03-15 02:00:00,,GL,Glarus,08,46.931042000000005,9.065751,10,10,0,0,,24.81,0.0,,0,0,,,,,,,,,,,,2,0,https://www.gl.ch/public/upload/assets/30317/COVID-19_Fallzahlen_Kanton_Glarus.xlsx,1.50515,0.0
324,2020-09-06 02:06:51,2020-03-16 02:00:00,,GL,Glarus,08,46.931042000000005,9.065751,10,10,0,0,,24.81,0.0,,0,0,,,,,,,,,,,,0,0,https://www.gl.ch/public/upload/assets/30317/COVID-19_Fallzahlen_Kanton_Glarus.xlsx,1.50515,0.0
343,2020-09-06 02:06:51,2020-03-17 02:00:00,,GL,Glarus,08,46.931042000000005,9.065751,12,12,0,0,,29.78,0.0,,0,0,,,,,,,,,,,,2,0,https://www.gl.ch/public/upload/assets/30317/COVID-19_Fallzahlen_Kanton_Glarus.xlsx,2.5,0.0
364,2020-09-06 02:06:51,2020-03-18 02:00:00,,GL,Glarus,08,46.931042000000005,9.065751,14,14,0,0,,34.74,0.0,,0,0,,,,,,,,,,,,2,0,https://www.gl.ch/public/upload/assets/30317/COVID-19_Fallzahlen_Kanton_Glarus.xlsx,4.090339,0.0
387,2020-09-06 02:06:51,2020-03-19 02:00:00,,GL,Glarus,08,46.931042000000005,9.065751,16,16,0,0,,39.7,0.0,,0,0,,,,,,,,,,,,2,0,https://www.gl.ch/public/upload/assets/30317/COVID-19_Fallzahlen_Kanton_Glarus.xlsx,5.0,0.0
408,2020-09-06 02:06:51,2020-03-20 02:00:00,,GL,Glarus,08,46.931042000000005,9.065751,20,20,0,0,,49.63,0.0,,0,0,,,,,,,,,,,,4,0,https://www.gl.ch/public/upload/assets/30317/COVID-19_Fallzahlen_Kanton_Glarus.xlsx,5.0,0.0
431,2020-09-06 02:06:51,2020-03-21 02:00:00,,GL,Glarus,08,46.931042000000005,9.065751,25,25,0,0,,62.03,0.0,,0,0,,,,,,,,,,,,5,0,https://www.gl.ch/public/upload/assets/30317/COVID-19_Fallzahlen_Kanton_Glarus.xlsx,3.782354,0.0
451,2020-09-06 02:06:51,2020-03-22 02:00:00,,GL,Glarus,08,46.931042000000005,9.065751,29,29,0,0,,71.96,0.0,,0,0,,,,,,,,,,,,4,0,https://www.gl.ch/public/upload/assets/30317/COVID-19_Fallzahlen_Kanton_Glarus.xlsx,3.927673,0.0
472,2020-09-06 02:06:51,2020-03-23 02:00:00,,GL,Glarus,08,46.931042000000005,9.065751,31,31,3,3,,76.92,0.0,,0,0,,,,,,,,,,,,2,0,https://www.gl.ch/public/upload/assets/30317/COVID-19_Fallzahlen_Kanton_Glarus.xlsx,4.359801,0.0
498,2020-09-06 02:06:51,2020-03-24 02:00:00,,GL,Glarus,08,46.931042000000005,9.065751,33,33,0,3,,81.89,0.0,,0,0,,,,,,,,,,,,2,0,https://www.gl.ch/public/upload/assets/30317/COVID-19_Fallzahlen_Kanton_Glarus.xlsx,4.787465,0.0
525,2020-09-06 02:06:51,2020-03-25 02:00:00,,GL,Glarus,08,46.931042000000005,9.065751,40,40,-1,2,,99.26,0.0,,0,0,,,,,,,,,,,,7,0,https://www.gl.ch/public/upload/assets/30317/COVID-19_Fallzahlen_Kanton_Glarus.xlsx,5.0,0.0
551,2020-09-06 02:06:51,2020-03-26 02:00:00,,GL,Glarus,08,46.931042000000005,9.065751,43,43,0,2,,106.7,0.0,,0,0,,,,,,,,,,,,3,0,https://www.gl.ch/public/upload/assets/30317/COVID-19_Fallzahlen_Kanton_Glarus.xlsx,6.390523,0.0
578,2020-09-06 02:06:51,2020-03-27 02:00:00,,GL,Glarus,08,46.931042000000005,9.065751,47,47,1,3,,116.63,0.0,,0,0,,,,,,,,,,,,4,0,https://www.gl.ch/public/upload/assets/30317/COVID-19_Fallzahlen_Kanton_Glarus.xlsx,7.177639,0.0
604,2020-09-06 02:06:51,2020-03-28 02:00:00,,GL,Glarus,08,46.931042000000005,9.065751,47,47,0,3,,116.63,2.481,,0,1,,,,,,,,,,,,0,1,https://www.gl.ch/public/upload/assets/30317/COVID-19_Fallzahlen_Kanton_Glarus.xlsx,8.327885,0.0
628,2020-09-06 02:06:51,2020-03-29 01:00:00,,GL,Glarus,08,46.931042000000005,9.065751,50,50,-1,2,,124.07,2.481,,0,1,,,,,,,,,,,,3,0,https://www.gl.ch/public/upload/assets/30317/COVID-19_Fallzahlen_Kanton_Glarus.xlsx,8.340811,0.0
654,2020-09-06 02:06:51,2020-03-30 01:00:00,,GL,Glarus,08,46.931042000000005,9.065751,51,51,1,3,,126.55,4.963,,0,2,,,,,,,,,,,,1,1,https://www.gl.ch/public/upload/assets/30317/COVID-19_Fallzahlen_Kanton_Glarus.xlsx,14.265447,0.0
680,2020-09-06 02:06:51,2020-03-31 01:00:00,,GL,Glarus,08,46.931042000000005,9.065751,53,53,2,5,,131.51,4.963,,0,2,,,,,,,,,,,,2,0,https://www.gl.ch/public/upload/assets/30317/COVID-19_Fallzahlen_Kanton_Glarus.xlsx,16.575188,0.0
706,2020-09-06 02:06:51,2020-04-01 01:00:00,,GL,Glarus,08,46.931042000000005,9.065751,56,56,0,5,,138.96,4.963,,0,2,,,,,,,,,,,,3,0,https://www.gl.ch/public/upload/assets/30317/COVID-19_Fallzahlen_Kanton_Glarus.xlsx,19.781136,0.0
733,2020-09-06 02:06:51,2020-04-02 01:00:00,,GL,Glarus,08,46.931042000000005,9.065751,58,58,0,5,,143.92,4.963,,0,2,,,,,,,,,,,,2,0,https://www.gl.ch/public/upload/assets/30317/COVID-19_Fallzahlen_Kanton_Glarus.xlsx,16.480321,5.0
760,2020-09-06 02:06:51,2020-04-03 01:00:00,,GL,Glarus,08,46.931042000000005,9.065751,59,59,0,5,,146.4,4.963,,0,2,,,,,,,,,,,,1,0,https://www.gl.ch/public/upload/assets/30317/COVID-19_Fallzahlen_Kanton_Glarus.xlsx,20.939176,5.0
786,2020-09-06 02:06:51,2020-04-04 01:00:00,,GL,Glarus,08,46.931042000000005,9.065751,61,61,0,5,,151.36,4.963,,0,2,,,,,,,,,,,,2,0,https://www.gl.ch/public/upload/assets/30317/COVID-19_Fallzahlen_Kanton_Glarus.xlsx,19.356438,
810,2020-09-06 02:06:51,2020-04-05 01:00:00,,GL,Glarus,08,46.931042000000005,9.065751,63,63,0,5,,156.33,4.963,,0,2,,,,,,,,,,,,2,0,https://www.gl.ch/public/upload/assets/30317/COVID-19_Fallzahlen_Kanton_Glarus.xlsx,20.051374,
836,2020-09-06 02:06:51,2020-04-06 01:00:00,,GL,Glarus,08,46.931042000000005,9.065751,63,63,-3,2,,156.33,4.963,,0,2,,,,,,,,,,,,0,0,https://www.gl.ch/public/upload/assets/30317/COVID-19_Fallzahlen_Kanton_Glarus.xlsx,29.424746,
863,2020-09-06 02:06:51,2020-04-07 01:00:00,,GL,Glarus,08,46.931042000000005,9.065751,63,63,0,2,,156.33,4.963,,0,2,,,,,,,,,,,,0,0,https://www.gl.ch/public/upload/assets/30317/COVID-19_Fallzahlen_Kanton_Glarus.xlsx,41.911525,
890,2020-09-06 02:06:51,2020-04-08 01:00:00,,GL,Glarus,08,46.931042000000005,9.065751,64,64,0,2,,158.81,4.963,,0,2,,,,,,,,,,,,1,0,https://www.gl.ch/public/upload/assets/30317/COVID-19_Fallzahlen_Kanton_Glarus.xlsx,42.605061,
917,2020-09-06 02:06:51,2020-04-09 01:00:00,,GL,Glarus,08,46.931042000000005,9.065751,67,67,0,2,,166.25,4.963,,0,2,,,,,,,,,,,,3,0,https://www.gl.ch/public/upload/assets/30317/COVID-19_Fallzahlen_Kanton_Glarus.xlsx,36.940758,
943,2020-09-06 02:06:51,2020-04-10 01:00:00,,GL,Glarus,08,46.931042000000005,9.065751,76,76,0,2,,188.59,4.963,,0,2,,,,,,,,,,,,9,0,https://www.gl.ch/public/upload/assets/30317/COVID-19_Fallzahlen_Kanton_Glarus.xlsx,18.474208,
969,2020-09-06 02:06:51,2020-04-11 01:00:00,,GL,Glarus,08,46.931042000000005,9.065751,91,91,0,2,,225.81,4.963,,0,2,,,,,,,,,,,,15,0,https://www.gl.ch/public/upload/assets/30317/COVID-19_Fallzahlen_Kanton_Glarus.xlsx,9.424809,
993,2020-09-06 02:06:51,2020-04-12 01:00:00,,GL,Glarus,08,46.931042000000005,9.065751,91,91,0,2,,225.81,4.963,,0,2,,,,,,,,,,,,0,0,https://www.gl.ch/public/upload/assets/30317/COVID-19_Fallzahlen_Kanton_Glarus.xlsx,9.424809,
1019,2020-09-06 02:06:51,2020-04-13 01:00:00,,GL,Glarus,08,46.931042000000005,9.065751,92,92,0,2,,228.29,4.963,,0,2,,,,,,,,,,,,1,0,https://www.gl.ch/public/upload/assets/30317/COVID-19_Fallzahlen_Kanton_Glarus.xlsx,9.549968,
1045,2020-09-06 02:06:51,2020-04-14 01:00:00,,GL,Glarus,08,46.931042000000005,9.065751,105,105,0,2,,260.55,4.963,,0,2,,,,,,,,,,,,13,0,https://www.gl.ch/public/upload/assets/30317/COVID-19_Fallzahlen_Kanton_Glarus.xlsx,7.714188,
1072,2020-09-06 02:06:51,2020-04-15 01:00:00,,GL,Glarus,08,46.931042000000005,9.065751,105,105,0,2,,260.55,4.963,,0,2,,,,,,,,,,,,0,0,https://www.gl.ch/public/upload/assets/30317/COVID-19_Fallzahlen_Kanton_Glarus.xlsx,10.722297,
1099,2020-09-06 02:06:51,2020-04-16 01:00:00,,GL,Glarus,08,46.931042000000005,9.065751,106,106,2,4,,263.03,7.444,,0,3,,,,,,,,,,,,1,1,https://www.gl.ch/public/upload/assets/30317/COVID-19_Fallzahlen_Kanton_Glarus.xlsx,22.714283,8.547556
1126,2020-09-06 02:06:51,2020-04-17 11:00:00,,GL,Glarus,08,46.931042000000005,9.065751,108,108,0,4,,267.99,7.444,,0,3,,,,,,,,,,,,2,0,https://www.gl.ch/public/upload/assets/30317/COVID-19_Fallzahlen_Kanton_Glarus.xlsx,20.235307,8.547556
1151,2020-09-06 02:06:51,2020-04-18 11:00:00,,GL,Glarus,08,46.931042000000005,9.065751,111,111,0,4,,275.43,7.444,,0,3,,,,,,,,,,,,3,0,https://www.gl.ch/public/upload/assets/30317/COVID-19_Fallzahlen_Kanton_Glarus.xlsx,18.460136,8.547556
1176,2020-09-06 02:06:51,2020-04-19 11:00:00,,GL,Glarus,08,46.931042000000005,9.065751,111,111,0,4,,275.43,7.444,,0,3,,,,,,,,,,,,0,0,https://www.gl.ch/public/upload/assets/30317/COVID-19_Fallzahlen_Kanton_Glarus.xlsx,62.367198,8.547556
1202,2020-09-06 02:06:51,2020-04-20 11:00:00,,GL,Glarus,08,46.931042000000005,9.065751,114,114,1,5,,282.88,12.407,,0,5,,,,,,,,,,,,3,2,https://www.gl.ch/public/upload/assets/30317/COVID-19_Fallzahlen_Kanton_Glarus.xlsx,42.142705,3.782354
1229,2020-09-06 02:06:51,2020-04-21 11:30:00,,GL,Glarus,08,46.931042000000005,9.065751,115,115,-2,3,,285.36,14.888,,0,6,,,,,,,,,,,,1,1,https://www.gl.ch/public/upload/assets/30317/COVID-19_Fallzahlen_Kanton_Glarus.xlsx,42.528002,5.0
1256,2020-09-06 02:06:51,2020-04-22 11:30:00,,GL,Glarus,08,46.931042000000005,9.065751,117,117,0,3,,290.32,14.888,,0,6,,,,,,,,,,,,2,0,https://www.gl.ch/public/upload/assets/30317/COVID-19_Fallzahlen_Kanton_Glarus.xlsx,43.298584,5.0
1283,2020-09-06 02:06:51,2020-04-23 11:30:00,,GL,Glarus,08,46.931042000000005,9.065751,117,117,0,3,,290.32,14.888,,0,6,,,,,,,,,,,,0,0,https://www.gl.ch/public/upload/assets/30317/COVID-19_Fallzahlen_Kanton_Glarus.xlsx,65.833779,5.0
1310,2020-09-06 02:06:51,2020-04-24 11:00:00,,GL,Glarus,08,46.931042000000005,9.065751,117,117,0,3,,290.32,17.37,,0,7,,,,,,,,,,,,0,1,https://www.gl.ch/public/upload/assets/30317/COVID-19_Fallzahlen_Kanton_Glarus.xlsx,65.833779,4.090339
1335,2020-09-06 02:06:51,2020-04-25 11:00:00,,GL,Glarus,08,46.931042000000005,9.065751,120,120,0,3,,297.77,17.37,,0,7,,,,,,,,,,,,3,0,https://www.gl.ch/public/upload/assets/30317/COVID-19_Fallzahlen_Kanton_Glarus.xlsx,67.567037,10.300214
1358,2020-09-06 02:06:51,2020-04-26 11:00:00,,GL,Glarus,08,46.931042000000005,9.065751,120,120,0,3,,297.77,17.37,,0,7,,,,,,,,,,,,0,0,https://www.gl.ch/public/upload/assets/30317/COVID-19_Fallzahlen_Kanton_Glarus.xlsx,81.432502,22.482781
1384,2020-09-06 02:06:51,2020-04-27 11:30:00,,GL,Glarus,08,46.931042000000005,9.065751,121,121,0,3,,300.25,17.37,,0,7,,,,,,,,,,,,1,0,https://www.gl.ch/public/upload/assets/30317/COVID-19_Fallzahlen_Kanton_Glarus.xlsx,103.095934,22.482781
1411,2020-09-06 02:06:51,2020-04-28 11:30:00,,GL,Glarus,08,46.931042000000005,9.065751,121,121,0,3,,300.25,19.851,,0,8,,,,,,,,,,,,0,1,https://www.gl.ch/public/upload/assets/30317/COVID-19_Fallzahlen_Kanton_Glarus.xlsx,103.095934,12.047104
1438,2020-09-06 02:06:51,2020-04-29 11:30:00,,GL,Glarus,08,46.931042000000005,9.065751,122,122,0,3,,302.73,22.333,,0,9,,,,,,,,,,,,1,1,https://www.gl.ch/public/upload/assets/30317/COVID-19_Fallzahlen_Kanton_Glarus.xlsx,82.819003,13.790437
1465,2020-09-06 02:06:51,2020-04-30 11:00:00,,GL,Glarus,08,46.931042000000005,9.065751,122,122,-1,2,,302.73,24.814,,0,10,,,,,,,,,,,,0,1,https://www.gl.ch/public/upload/assets/30317/COVID-19_Fallzahlen_Kanton_Glarus.xlsx,209.672248,9.716791
1492,2020-09-06 02:06:51,2020-05-01 11:00:00,,GL,Glarus,08,46.931042000000005,9.065751,122,122,0,2,,302.73,27.295,,0,11,,,,,,,,,,,,0,1,https://www.gl.ch/public/upload/assets/30317/COVID-19_Fallzahlen_Kanton_Glarus.xlsx,209.672248,7.66781
1518,2020-09-06 02:06:51,2020-05-02 11:00:00,,GL,Glarus,08,46.931042000000005,9.065751,122,122,0,2,,302.73,27.295,,0,11,,,,,,,,,,,,0,0,https://www.gl.ch/public/upload/assets/30317/COVID-19_Fallzahlen_Kanton_Glarus.xlsx,421.084535,7.66781
1542,2020-09-06 02:06:51,2020-05-03 11:00:00,,GL,Glarus,08,46.931042000000005,9.065751,122,122,0,2,,302.73,27.295,,0,11,,,,,,,,,,,,0,0,https://www.gl.ch/public/upload/assets/30317/COVID-19_Fallzahlen_Kanton_Glarus.xlsx,421.084535,10.883012
1567,2020-09-06 02:06:51,2020-05-04 11:00:00,,GL,Glarus,08,46.931042000000005,9.065751,122,122,0,2,,302.73,29.777,,0,12,,,,,,,,,,,,0,1,https://www.gl.ch/public/upload/assets/30317/COVID-19_Fallzahlen_Kanton_Glarus.xlsx,,12.047104
1594,2020-09-06 02:06:51,2020-05-05 11:30:00,,GL,Glarus,08,46.931042000000005,9.065751,122,122,0,2,,302.73,29.777,,0,12,,,,,,,,,,,,0,0,https://www.gl.ch/public/upload/assets/30317/COVID-19_Fallzahlen_Kanton_Glarus.xlsx,,19.00892
1621,2020-09-06 02:06:51,2020-05-06 11:00:00,,GL,Glarus,08,46.931042000000005,9.065751,125,125,0,2,,310.17,29.777,,0,12,,,,,,,,,,,,3,0,https://www.gl.ch/public/upload/assets/30317/COVID-19_Fallzahlen_Kanton_Glarus.xlsx,142.665779,39.830836
1647,2020-09-06 02:06:51,2020-05-07 11:00:00,,GL,Glarus,08,46.931042000000005,9.065751,125,125,0,2,,310.17,29.777,,0,12,,,,,,,,,,,,0,0,https://www.gl.ch/public/upload/assets/30317/COVID-19_Fallzahlen_Kanton_Glarus.xlsx,142.665779,39.830836
1673,2020-09-06 02:06:51,2020-05-08 11:30:00,,GL,Glarus,08,46.931042000000005,9.065751,125,125,0,2,,310.17,29.777,,0,12,,,,,,,,,,,,0,0,https://www.gl.ch/public/upload/assets/30317/COVID-19_Fallzahlen_Kanton_Glarus.xlsx,142.665779,39.830836
1699,2020-09-06 02:06:51,2020-05-09 11:00:00,,GL,Glarus,08,46.931042000000005,9.065751,126,126,0,2,,312.66,29.777,,0,12,,,,,,,,,,,,1,0,https://www.gl.ch/public/upload/assets/30317/COVID-19_Fallzahlen_Kanton_Glarus.xlsx,107.428496,
1721,2020-09-06 02:06:51,2020-05-10 11:00:00,,GL,Glarus,08,46.931042000000005,9.065751,126,126,1,3,,312.66,29.777,,0,12,,,,,,,,,,,,0,0,https://www.gl.ch/public/upload/assets/30317/COVID-19_Fallzahlen_Kanton_Glarus.xlsx,107.428496,
1744,2020-09-06 02:06:51,2020-05-11 11:00:00,,GL,Glarus,08,46.931042000000005,9.065751,127,127,-1,2,,315.14,29.777,,0,12,,,,,,,,,,,,1,0,https://www.gl.ch/public/upload/assets/30317/COVID-19_Fallzahlen_Kanton_Glarus.xlsx,218.336777,
1771,2020-09-06 02:06:51,2020-05-12 11:30:00,,GL,Glarus,08,46.931042000000005,9.065751,127,127,0,2,,315.14,29.777,,0,12,,,,,,,,,,,,0,0,https://www.gl.ch/public/upload/assets/30317/COVID-19_Fallzahlen_Kanton_Glarus.xlsx,218.336777,
1796,2020-09-06 02:06:51,2020-05-13 10:00:00,,GL,Glarus,08,46.931042000000005,9.065751,127,127,0,2,,315.14,29.777,,0,12,,,,,,,,,,,,0,0,https://www.gl.ch/public/upload/assets/30317/COVID-19_Fallzahlen_Kanton_Glarus.xlsx,218.336777,
1822,2020-09-06 02:06:51,2020-05-14 11:30:00,,GL,Glarus,08,46.931042000000005,9.065751,128,128,0,2,,317.62,29.777,,0,12,,,,,,,,,,,,1,0,https://www.gl.ch/public/upload/assets/30317/COVID-19_Fallzahlen_Kanton_Glarus.xlsx,220.069682,
1848,2020-09-06 02:06:51,2020-05-15 10:30:00,,GL,Glarus,08,46.931042000000005,9.065751,128,128,0,2,,317.62,29.777,,0,12,,,,,,,,,,,,0,0,https://www.gl.ch/public/upload/assets/30317/COVID-19_Fallzahlen_Kanton_Glarus.xlsx,220.069682,
1914,2020-09-06 02:06:51,2020-05-18 11:00:00,,GL,Glarus,08,46.931042000000005,9.065751,128,128,0,2,,317.62,29.777,,0,12,,,,,,,,,,,,0,0,https://www.gl.ch/public/upload/assets/30317/COVID-19_Fallzahlen_Kanton_Glarus.xlsx,441.879062,
1939,2020-09-06 02:06:51,2020-05-19 10:00:00,,GL,Glarus,08,46.931042000000005,9.065751,128,128,0,2,,317.62,29.777,,0,12,,,,,,,,,,,,0,0,https://www.gl.ch/public/upload/assets/30317/COVID-19_Fallzahlen_Kanton_Glarus.xlsx,441.879062,
1966,2020-09-06 02:06:51,2020-05-20 10:00:00,,GL,Glarus,08,46.931042000000005,9.065751,128,128,0,2,,317.62,29.777,,0,12,,,,,,,,,,,,0,0,https://www.gl.ch/public/upload/assets/30317/COVID-19_Fallzahlen_Kanton_Glarus.xlsx,441.879062,
1991,2020-09-06 02:06:51,2020-05-21 10:00:00,,GL,Glarus,08,46.931042000000005,9.065751,128,128,-1,1,,317.62,29.777,,0,12,,,,,,,,,,,,0,0,https://www.gl.ch/public/upload/assets/30317/COVID-19_Fallzahlen_Kanton_Glarus.xlsx,,
2014,2020-09-06 02:06:51,2020-05-22 10:00:00,,GL,Glarus,08,46.931042000000005,9.065751,128,128,0,1,,317.62,29.777,,0,12,,,,,,,,,,,,0,0,https://www.gl.ch/public/upload/assets/30317/COVID-19_Fallzahlen_Kanton_Glarus.xlsx,,
2077,2020-09-06 02:06:51,2020-05-25 10:30:00,,GL,Glarus,08,46.931042000000005,9.065751,128,128,0,1,,317.62,29.777,,0,12,,,,,,,,,,,,0,0,https://www.gl.ch/public/upload/assets/30317/COVID-19_Fallzahlen_Kanton_Glarus.xlsx,,
2102,2020-09-06 02:06:51,2020-05-26 10:00:00,,GL,Glarus,08,46.931042000000005,9.065751,128,128,-1,0,,317.62,29.777,,0,12,,,,,,,,,,,,0,0,https://www.gl.ch/public/upload/assets/30317/COVID-19_Fallzahlen_Kanton_Glarus.xlsx,,
2129,2020-09-06 02:06:51,2020-05-27 11:00:00,,GL,Glarus,08,46.931042000000005,9.065751,128,128,0,0,,317.62,29.777,,0,12,,,,,,,,,,,,0,0,https://www.gl.ch/public/upload/assets/30317/COVID-19_Fallzahlen_Kanton_Glarus.xlsx,,
2155,2020-09-06 02:06:51,2020-05-28 12:00:00,,GL,Glarus,08,46.931042000000005,9.065751,128,128,0,0,,317.62,29.777,,0,12,,,,,,,,,,,,0,0,https://www.gl.ch/public/upload/assets/30317/COVID-19_Fallzahlen_Kanton_Glarus.xlsx,,
2182,2020-09-06 02:06:51,2020-05-29 11:00:00,,GL,Glarus,08,46.931042000000005,9.065751,128,128,0,0,,317.62,29.777,,0,12,,,,,,,,,,,,0,0,https://www.gl.ch/public/upload/assets/30317/COVID-19_Fallzahlen_Kanton_Glarus.xlsx,,
2266,2020-09-06 02:06:51,2020-06-02 10:00:00,,GL,Glarus,08,46.931042000000005,9.065751,128,128,0,0,,317.62,29.777,,0,12,,,,,,,,,,,,0,0,https://www.gl.ch/public/upload/assets/30317/COVID-19_Fallzahlen_Kanton_Glarus.xlsx,,
2292,2020-09-06 02:06:51,2020-06-03 10:00:00,,GL,Glarus,08,46.931042000000005,9.065751,128,128,0,0,,317.62,29.777,,0,12,,,,,,,,,,,,0,0,https://www.gl.ch/public/upload/assets/30317/COVID-19_Fallzahlen_Kanton_Glarus.xlsx,,
2317,2020-09-06 02:06:51,2020-06-04 10:30:00,,GL,Glarus,08,46.931042000000005,9.065751,128,128,0,0,,317.62,29.777,,0,12,,,,,,,,,,,,0,0,https://www.gl.ch/public/upload/assets/30317/COVID-19_Fallzahlen_Kanton_Glarus.xlsx,,
2341,2020-09-06 02:06:51,2020-06-05 10:30:00,,GL,Glarus,08,46.931042000000005,9.065751,128,128,0,0,,317.62,29.777,,0,12,,,,,,,,,,,,0,0,https://www.gl.ch/public/upload/assets/30317/COVID-19_Fallzahlen_Kanton_Glarus.xlsx,,
2402,2020-09-06 02:06:51,2020-06-08 10:00:00,,GL,Glarus,08,46.931042000000005,9.065751,128,128,0,0,,317.62,29.777,,0,12,,,,,,,,,,,,0,0,https://www.gl.ch/public/upload/assets/30317/COVID-19_Fallzahlen_Kanton_Glarus.xlsx,,
2427,2020-09-06 02:06:51,2020-06-09 10:00:00,,GL,Glarus,08,46.931042000000005,9.065751,128,128,0,0,,317.62,29.777,,0,12,,,,,,,,,,,,0,0,https://www.gl.ch/public/upload/assets/30317/COVID-19_Fallzahlen_Kanton_Glarus.xlsx,,
2451,2020-09-06 02:06:51,2020-06-10 10:00:00,,GL,Glarus,08,46.931042000000005,9.065751,128,128,0,0,,317.62,29.777,,0,12,,,,,,,,,,,,0,0,https://www.gl.ch/public/upload/assets/30317/COVID-19_Fallzahlen_Kanton_Glarus.xlsx,,
2474,2020-09-06 02:06:51,2020-06-11 13:30:00,,GL,Glarus,08,46.931042000000005,9.065751,128,128,0,0,,317.62,29.777,,0,12,,,,,,,,,,,,0,0,https://www.gl.ch/public/upload/assets/30317/COVID-19_Fallzahlen_Kanton_Glarus.xlsx,,
2497,2020-09-06 02:06:51,2020-06-12 10:30:00,,GL,Glarus,08,46.931042000000005,9.065751,128,128,0,0,,317.62,29.777,,0,12,,,,,,,,,,,,0,0,https://www.gl.ch/public/upload/assets/30317/COVID-19_Fallzahlen_Kanton_Glarus.xlsx,,
2558,2020-09-06 02:06:51,2020-06-15 10:00:00,,GL,Glarus,08,46.931042000000005,9.065751,128,128,0,0,,317.62,29.777,,0,12,,,,,,,,,,,,0,0,https://www.gl.ch/public/upload/assets/30317/COVID-19_Fallzahlen_Kanton_Glarus.xlsx,,
2582,2020-09-06 02:06:51,2020-06-16 10:00:00,,GL,Glarus,08,46.931042000000005,9.065751,128,128,0,0,,317.62,29.777,,0,12,,,,,,,,,,,,0,0,https://www.gl.ch/public/upload/assets/30317/COVID-19_Fallzahlen_Kanton_Glarus.xlsx,,
2606,2020-09-06 02:06:51,2020-06-17 10:00:00,,GL,Glarus,08,46.931042000000005,9.065751,128,128,0,0,,317.62,32.258,,0,13,,,,,,,,,,,,0,1,https://www.gl.ch/public/upload/assets/30317/COVID-19_Fallzahlen_Kanton_Glarus.xlsx,,43.298584
2630,2020-09-06 02:06:51,2020-06-18 09:30:00,,GL,Glarus,08,46.931042000000005,9.065751,128,128,0,0,,317.62,32.258,,0,13,,,,,,,,,,,,0,0,https://www.gl.ch/public/upload/assets/30317/COVID-19_Fallzahlen_Kanton_Glarus.xlsx,,43.298584
2655,2020-09-06 02:06:51,2020-06-19 11:00:00,,GL,Glarus,08,46.931042000000005,9.065751,128,128,0,0,,317.62,32.258,,0,13,,,,,,,,,,,,0,0,https://www.gl.ch/public/upload/assets/30317/COVID-19_Fallzahlen_Kanton_Glarus.xlsx,,43.298584
2717,2020-09-06 02:06:51,2020-06-22 10:00:00,,GL,Glarus,08,46.931042000000005,9.065751,128,128,0,0,,317.62,32.258,,0,13,,,,,,,,,,,,0,0,https://www.gl.ch/public/upload/assets/30317/COVID-19_Fallzahlen_Kanton_Glarus.xlsx,,43.298584
2742,2020-09-06 02:06:51,2020-06-23 09:30:00,,GL,Glarus,08,46.931042000000005,9.065751,128,128,0,0,,317.62,32.258,,0,13,,,,,,,,,,,,0,0,https://www.gl.ch/public/upload/assets/30317/COVID-19_Fallzahlen_Kanton_Glarus.xlsx,,43.298584
2767,2020-09-06 02:06:51,2020-06-24 09:30:00,,GL,Glarus,08,46.931042000000005,9.065751,129,129,0,0,,320.1,32.258,,0,13,,,,,,,,,,,,1,0,https://www.gl.ch/public/upload/assets/30317/COVID-19_Fallzahlen_Kanton_Glarus.xlsx,445.344816,
2792,2020-09-06 02:06:51,2020-06-25 09:30:00,,GL,Glarus,08,46.931042000000005,9.065751,129,129,0,0,,320.1,32.258,,0,13,,,,,,,,,,,,0,0,https://www.gl.ch/public/upload/assets/30317/COVID-19_Fallzahlen_Kanton_Glarus.xlsx,445.344816,
2818,2020-09-06 02:06:51,2020-06-26 09:30:00,,GL,Glarus,08,46.931042000000005,9.065751,129,129,0,0,,320.1,32.258,,0,13,,,,,,,,,,,,0,0,https://www.gl.ch/public/upload/assets/30317/COVID-19_Fallzahlen_Kanton_Glarus.xlsx,445.344816,
2882,2020-09-06 02:06:51,2020-06-29 10:00:00,,GL,Glarus,08,46.931042000000005,9.065751,129,129,0,0,,320.1,32.258,,0,13,,,,,,,,,,,,0,0,https://www.gl.ch/public/upload/assets/30317/COVID-19_Fallzahlen_Kanton_Glarus.xlsx,445.344816,
2908,2020-09-06 02:06:51,2020-06-30 11:00:00,,GL,Glarus,08,46.931042000000005,9.065751,129,129,0,0,,320.1,32.258,,0,13,,,,,,,,,,,,0,0,https://www.gl.ch/public/upload/assets/30317/COVID-19_Fallzahlen_Kanton_Glarus.xlsx,445.344816,
2935,2020-09-06 02:06:51,2020-07-01 10:00:00,,GL,Glarus,08,46.931042000000005,9.065751,129,129,0,0,,320.1,32.258,,0,13,,,,,,,,,,,,0,0,https://www.gl.ch/public/upload/assets/30317/COVID-19_Fallzahlen_Kanton_Glarus.xlsx,,
2961,2020-09-06 02:06:51,2020-07-02 10:00:00,,GL,Glarus,08,46.931042000000005,9.065751,129,129,0,0,,320.1,32.258,,0,13,,,,,,,,,,,,0,0,https://www.gl.ch/public/upload/assets/30317/COVID-19_Fallzahlen_Kanton_Glarus.xlsx,,
2987,2020-09-06 02:06:51,2020-07-03 11:00:00,,GL,Glarus,08,46.931042000000005,9.065751,129,129,0,0,,320.1,32.258,,0,13,,,,,,,,,,,,0,0,https://www.gl.ch/public/upload/assets/30317/COVID-19_Fallzahlen_Kanton_Glarus.xlsx,,
3052,2020-09-06 02:06:51,2020-07-06 10:00:00,,GL,Glarus,08,46.931042000000005,9.065751,129,129,0,0,,320.1,32.258,,0,13,,,,,,,,,,,,0,0,https://www.gl.ch/public/upload/assets/30317/COVID-19_Fallzahlen_Kanton_Glarus.xlsx,,
3077,2020-09-06 02:06:51,2020-07-07 11:30:00,,GL,Glarus,08,46.931042000000005,9.065751,130,130,0,0,,322.58,32.258,,0,13,,,,,,,,,,,,1,0,https://www.gl.ch/public/upload/assets/30317/COVID-19_Fallzahlen_Kanton_Glarus.xlsx,448.810569,
3103,2020-09-06 02:06:51,2020-07-08 10:00:00,,GL,Glarus,08,46.931042000000005,9.065751,130,130,0,0,,322.58,32.258,,0,13,,,,,,,,,,,,0,0,https://www.gl.ch/public/upload/assets/30317/COVID-19_Fallzahlen_Kanton_Glarus.xlsx,448.810569,
3128,2020-09-06 02:06:51,2020-07-09 09:30:00,,GL,Glarus,08,46.931042000000005,9.065751,131,131,0,0,,325.06,32.258,,0,13,,,,,,,,,,,,1,0,https://www.gl.ch/public/upload/assets/30317/COVID-19_Fallzahlen_Kanton_Glarus.xlsx,225.26839,
3155,2020-09-06 02:06:51,2020-07-10 09:30:00,,GL,Glarus,08,46.931042000000005,9.065751,131,131,0,0,,325.06,32.258,,0,13,,,,,,,,,,,,0,0,https://www.gl.ch/public/upload/assets/30317/COVID-19_Fallzahlen_Kanton_Glarus.xlsx,225.26839,
3216,2020-09-06 02:06:51,2020-07-13 09:00:00,,GL,Glarus,08,46.931042000000005,9.065751,131,131,0,0,,325.06,32.258,,0,13,,,,,,,,,,,,0,0,https://www.gl.ch/public/upload/assets/30317/COVID-19_Fallzahlen_Kanton_Glarus.xlsx,225.26839,
3243,2020-09-06 02:06:51,2020-07-14 11:30:00,,GL,Glarus,08,46.931042000000005,9.065751,131,131,0,0,,325.06,32.258,,0,13,,,,,,,,,,,,0,0,https://www.gl.ch/public/upload/assets/30317/COVID-19_Fallzahlen_Kanton_Glarus.xlsx,452.276322,
3268,2020-09-06 02:06:51,2020-07-15 09:00:00,,GL,Glarus,08,46.931042000000005,9.065751,133,133,0,0,,330.02,32.258,,0,13,,,,,,,,,,,,2,0,https://www.gl.ch/public/upload/assets/30317/COVID-19_Fallzahlen_Kanton_Glarus.xlsx,151.908168,
3294,2020-09-06 02:06:51,2020-07-16 09:30:00,,GL,Glarus,08,46.931042000000005,9.065751,135,135,0,0,,334.99,32.258,,0,13,,,,,,,,,,,,2,0,https://www.gl.ch/public/upload/assets/30317/COVID-19_Fallzahlen_Kanton_Glarus.xlsx,115.227032,
3321,2020-09-06 02:06:51,2020-07-17 09:00:00,,GL,Glarus,08,46.931042000000005,9.065751,136,136,0,0,,337.47,32.258,,0,13,,,,,,,,,,,,1,0,https://www.gl.ch/public/upload/assets/30317/COVID-19_Fallzahlen_Kanton_Glarus.xlsx,92.524331,
3382,2020-09-06 02:06:51,2020-07-20 11:30:00,,GL,Glarus,08,46.931042000000005,9.065751,136,136,0,0,,337.47,32.258,,0,13,,,,,,,,,,,,0,0,https://www.gl.ch/public/upload/assets/30317/COVID-19_Fallzahlen_Kanton_Glarus.xlsx,92.524331,
3409,2020-09-06 02:06:51,2020-07-21 11:00:00,,GL,Glarus,08,46.931042000000005,9.065751,137,137,0,0,,339.95,32.258,,0,13,,,,,,,,,,,,1,0,https://www.gl.ch/public/upload/assets/30317/COVID-19_Fallzahlen_Kanton_Glarus.xlsx,77.388502,
3434,2020-09-06 02:06:51,2020-07-22 10:30:00,,GL,Glarus,08,46.931042000000005,9.065751,138,138,0,0,,342.43,32.258,,0,13,,,,,,,,,,,,1,0,https://www.gl.ch/public/upload/assets/30317/COVID-19_Fallzahlen_Kanton_Glarus.xlsx,93.910785,
3460,2020-09-06 02:06:51,2020-07-23 10:00:00,,GL,Glarus,08,46.931042000000005,9.065751,138,138,1,1,,342.43,32.258,,0,13,,,,,,,,,,,,0,0,https://www.gl.ch/public/upload/assets/30317/COVID-19_Fallzahlen_Kanton_Glarus.xlsx,157.684636,
3487,2020-09-06 02:06:51,2020-07-24 11:00:00,,GL,Glarus,08,46.931042000000005,9.065751,138,138,0,1,,342.43,32.258,,0,13,,,,,,,,,,,,0,0,https://www.gl.ch/public/upload/assets/30317/COVID-19_Fallzahlen_Kanton_Glarus.xlsx,237.398693,
3549,2020-09-06 02:06:51,2020-07-27 10:30:00,,GL,Glarus,08,46.931042000000005,9.065751,138,138,0,1,,342.43,32.258,,0,13,,,,,,,,,,,,0,0,https://www.gl.ch/public/upload/assets/30317/COVID-19_Fallzahlen_Kanton_Glarus.xlsx,237.398693,
3574,2020-09-06 02:06:51,2020-07-28 10:00:00,,GL,Glarus,08,46.931042000000005,9.065751,138,138,0,1,,342.43,32.258,,0,13,,,,,,,,,,,,0,0,https://www.gl.ch/public/upload/assets/30317/COVID-19_Fallzahlen_Kanton_Glarus.xlsx,476.536586,
3601,2020-09-06 02:06:51,2020-07-29 11:00:00,,GL,Glarus,08,46.931042000000005,9.065751,138,138,0,1,,342.43,32.258,,0,13,,,,,,,,,,,,0,0,https://www.gl.ch/public/upload/assets/30317/COVID-19_Fallzahlen_Kanton_Glarus.xlsx,,
3628,2020-09-06 02:06:51,2020-07-30 09:30:00,,GL,Glarus,08,46.931042000000005,9.065751,139,139,0,1,,344.91,32.258,,0,13,,,,,,,,,,,,1,0,https://www.gl.ch/public/upload/assets/30317/COVID-19_Fallzahlen_Kanton_Glarus.xlsx,480.002337,
3655,2020-09-06 02:06:51,2020-07-31 09:30:00,,GL,Glarus,08,46.931042000000005,9.065751,141,141,0,1,,349.88,32.258,,0,13,,,,,,,,,,,,2,0,https://www.gl.ch/public/upload/assets/30317/COVID-19_Fallzahlen_Kanton_Glarus.xlsx,161.150508,
3719,2020-09-06 02:06:51,2020-08-03 09:30:00,,GL,Glarus,08,46.931042000000005,9.065751,141,141,-1,0,,349.88,32.258,,0,13,,,,,,,,,,,,0,0,https://www.gl.ch/public/upload/assets/30317/COVID-19_Fallzahlen_Kanton_Glarus.xlsx,161.150508,
3745,2020-09-06 02:06:51,2020-08-04 09:30:00,,GL,Glarus,08,46.931042000000005,9.065751,142,142,0,0,,352.36,32.258,,0,13,,,,,,,,,,,,1,0,https://www.gl.ch/public/upload/assets/30317/COVID-19_Fallzahlen_Kanton_Glarus.xlsx,121.292504,
3772,2020-09-06 02:06:51,2020-08-05 09:30:00,,GL,Glarus,08,46.931042000000005,9.065751,144,144,0,0,,357.32,32.258,,0,13,,,,,,,,,,,,2,0,https://www.gl.ch/public/upload/assets/30317/COVID-19_Fallzahlen_Kanton_Glarus.xlsx,81.432502,
3798,2020-09-06 02:06:51,2020-08-06 09:30:00,,GL,Glarus,08,46.931042000000005,9.065751,145,145,0,0,,359.8,32.258,,0,13,,,,,,,,,,,,1,0,https://www.gl.ch/public/upload/assets/30317/COVID-19_Fallzahlen_Kanton_Glarus.xlsx,82.010212,
3825,2020-09-06 02:06:51,2020-08-07 10:30:00,,GL,Glarus,08,46.931042000000005,9.065751,145,145,0,0,,359.8,32.258,,0,13,,,,,,,,,,,,0,0,https://www.gl.ch/public/upload/assets/30317/COVID-19_Fallzahlen_Kanton_Glarus.xlsx,123.891979,
3890,2020-09-06 02:06:51,2020-08-10 09:30:00,,GL,Glarus,08,46.931042000000005,9.065751,146,146,0,0,,362.28,32.258,,0,13,,,,,,,,,,,,1,0,https://www.gl.ch/public/upload/assets/30317/COVID-19_Fallzahlen_Kanton_Glarus.xlsx,99.456556,
3916,2020-09-06 02:06:51,2020-08-11 09:30:00,,GL,Glarus,08,46.931042000000005,9.065751,147,147,0,0,,364.76,32.258,,0,13,,,,,,,,,,,,1,0,https://www.gl.ch/public/upload/assets/30317/COVID-19_Fallzahlen_Kanton_Glarus.xlsx,100.149773,
3942,2020-09-06 02:06:51,2020-08-12 10:00:00,,GL,Glarus,08,46.931042000000005,9.065751,149,149,0,0,,369.73,32.258,,0,13,,,,,,,,,,,,2,0,https://www.gl.ch/public/upload/assets/30317/COVID-19_Fallzahlen_Kanton_Glarus.xlsx,101.536204,
3968,2020-09-06 02:06:51,2020-08-13 10:00:00,,GL,Glarus,08,46.931042000000005,9.065751,150,150,0,0,,372.21,32.258,,0,13,,,,,,,,,,,,1,0,https://www.gl.ch/public/upload/assets/30317/COVID-19_Fallzahlen_Kanton_Glarus.xlsx,102.229418,
3995,2020-09-06 02:06:51,2020-08-14 09:30:00,,GL,Glarus,08,46.931042000000005,9.065751,150,150,0,0,,372.21,32.258,,0,13,,,,,,,,,,,,0,0,https://www.gl.ch/public/upload/assets/30317/COVID-19_Fallzahlen_Kanton_Glarus.xlsx,102.229418,
4055,2020-09-06 02:06:51,2020-08-17 09:30:00,,GL,Glarus,08,46.931042000000005,9.065751,151,151,0,0,,374.69,32.258,,0,13,,,,,,,,,,,,1,0,https://www.gl.ch/public/upload/assets/30317/COVID-19_Fallzahlen_Kanton_Glarus.xlsx,102.922631,
4082,2020-09-06 02:06:51,2020-08-18 09:30:00,,GL,Glarus,08,46.931042000000005,9.065751,153,153,0,0,,379.65,32.258,,0,13,,,,,,,,,,,,2,0,https://www.gl.ch/public/upload/assets/30317/COVID-19_Fallzahlen_Kanton_Glarus.xlsx,86.631844,
4109,2020-09-06 02:06:51,2020-08-19 09:30:00,,GL,Glarus,08,46.931042000000005,9.065751,154,154,0,0,,382.13,32.258,,0,13,,,,,,,,,,,,1,0,https://www.gl.ch/public/upload/assets/30317/COVID-19_Fallzahlen_Kanton_Glarus.xlsx,105.002265,
4134,2020-09-06 02:06:51,2020-08-20 10:00:00,,GL,Glarus,08,46.931042000000005,9.065751,156,156,0,0,,387.1,32.258,,0,13,,,,,,,,,,,,2,0,https://www.gl.ch/public/upload/assets/30317/COVID-19_Fallzahlen_Kanton_Glarus.xlsx,88.364938,
4161,2020-09-06 02:06:51,2020-08-21 10:00:00,,GL,Glarus,08,46.931042000000005,9.065751,157,157,0,0,,389.58,32.258,,0,13,,,,,,,,,,,,1,0,https://www.gl.ch/public/upload/assets/30317/COVID-19_Fallzahlen_Kanton_Glarus.xlsx,75.985465,
4223,2020-09-06 02:06:51,2020-08-24 09:00:00,,GL,Glarus,08,46.931042000000005,9.065751,161,161,0,0,,399.5,32.258,,0,13,,,,,,,,,,,,4,0,https://www.gl.ch/public/upload/assets/30317/COVID-19_Fallzahlen_Kanton_Glarus.xlsx,54.046961,
4249,2020-09-06 02:06:51,2020-08-25 09:30:00,,GL,Glarus,08,46.931042000000005,9.065751,162,162,0,0,,401.99,32.258,,0,13,,,,,,,,,,,,1,0,https://www.gl.ch/public/upload/assets/30317/COVID-19_Fallzahlen_Kanton_Glarus.xlsx,60.633871,
4275,2020-09-06 02:06:51,2020-08-26 10:00:00,,GL,Glarus,08,46.931042000000005,9.065751,162,162,0,0,,401.99,32.258,,0,13,,,,,,,,,,,,0,0,https://www.gl.ch/public/upload/assets/30317/COVID-19_Fallzahlen_Kanton_Glarus.xlsx,68.433658,
4302,2020-09-06 02:06:51,2020-08-27 09:30:00,,GL,Glarus,08,46.931042000000005,9.065751,163,163,0,0,,404.47,32.258,,0,13,,,,,,,,,,,,1,0,https://www.gl.ch/public/upload/assets/30317/COVID-19_Fallzahlen_Kanton_Glarus.xlsx,78.956591,
4329,2020-09-06 02:06:51,2020-08-28 10:00:00,,GL,Glarus,08,46.931042000000005,9.065751,163,163,0,0,,404.47,32.258,,0,13,,,,,,,,,,,,0,0,https://www.gl.ch/public/upload/assets/30317/COVID-19_Fallzahlen_Kanton_Glarus.xlsx,92.408793,
4391,2020-09-06 02:06:51,2020-08-31 09:00:00,,GL,Glarus,08,46.931042000000005,9.065751,164,164,0,0,,406.95,32.258,,0,13,,,,,,,,,,,,1,0,https://www.gl.ch/public/upload/assets/30317/COVID-19_Fallzahlen_Kanton_Glarus.xlsx,187.722029,
4417,2020-09-06 02:06:51,2020-09-01 09:30:00,,GL,Glarus,08,46.931042000000005,9.065751,166,166,0,0,,411.91,32.258,,0,13,,,,,,,,,,,,2,0,https://www.gl.ch/public/upload/assets/30317/COVID-19_Fallzahlen_Kanton_Glarus.xlsx,142.088128,
4443,2020-09-06 02:06:51,2020-09-02 09:30:00,,GL,Glarus,08,46.931042000000005,9.065751,166,166,0,0,,411.91,32.258,,0,13,,,,,,,,,,,,0,0,https://www.gl.ch/public/upload/assets/30317/COVID-19_Fallzahlen_Kanton_Glarus.xlsx,142.088128,
4469,2020-09-06 02:06:51,2020-09-03 10:00:00,,GL,Glarus,08,46.931042000000005,9.065751,166,166,0,0,,411.91,32.258,,0,13,,,,,,,,,,,,0,0,https://www.gl.ch/public/upload/assets/30317/COVID-19_Fallzahlen_Kanton_Glarus.xlsx,190.032585,
4491,2020-09-06 02:06:51,2020-09-04 10:30:00,,GL,Glarus,08,46.931042000000005,9.065751,166,166,0,0,,411.91,32.258,,0,13,,,,,,,,,,,,0,0,https://www.gl.ch/public/upload/assets/30317/COVID-19_Fallzahlen_Kanton_Glarus.xlsx,190.032585,
