,last_update,timestamp,tests_performed,abbreviation_canton,name_canton,number_canton,lat,long,total_positive_cases,total_currently_positive_cases,new_hosp,total_hospitalized,intensive_care,total_currently_positive_per_100k,deaths_per_100k,released,ncumul_ICU_intub,deaths,ncumul_vent,current_isolated,current_quarantined,TotalPosTests1,ninst_ICU_intub,ncumul_confirmed_non_resident,current_hosp_non_resident,ncumul_ICF,new_positive_cases,new_deaths,source,doubling_time_total_positive,doubling_time_fatalities
35,2020-07-20 18:04:49,2020-02-26 02:00:00,,GR,Graubünden/Grigioni,01,46.656248,9.628198,2,2,0,0,0,1.01,0.0,,0,0,0,0.0,0.0,,,,,,0,0,https://services1.arcgis.com/YAuo6vcW85VPu7OE/arcgis/rest/services/Fallzahlen_Total_Kanton/FeatureServer/0/query?where=1%3D1&objectIds=&time=&resultType=none&outFields=*&returnHiddenFields=false&returnIdsOnly=false&returnUniqueIdsOnly=false&returnCountOnly=false&returnDistinctValues=false&cacheHint=false&orderByFields=Eingangs_Datum&groupByFieldsForStatistics=&outStatistics=&having=&resultOffset=&resultRecordCount=&sqlFormat=standard&f=pjson,0.0,0.0
40,2020-07-20 18:04:49,2020-02-27 02:00:00,,GR,Graubünden/Grigioni,01,46.656248,9.628198,2,2,0,0,0,1.01,0.0,,0,0,0,0.0,0.0,,,,,,0,0,https://services1.arcgis.com/YAuo6vcW85VPu7OE/arcgis/rest/services/Fallzahlen_Total_Kanton/FeatureServer/0/query?where=1%3D1&objectIds=&time=&resultType=none&outFields=*&returnHiddenFields=false&returnIdsOnly=false&returnUniqueIdsOnly=false&returnCountOnly=false&returnDistinctValues=false&cacheHint=false&orderByFields=Eingangs_Datum&groupByFieldsForStatistics=&outStatistics=&having=&resultOffset=&resultRecordCount=&sqlFormat=standard&f=pjson,0.0,0.0
49,2020-07-20 18:04:49,2020-02-28 02:00:00,,GR,Graubünden/Grigioni,01,46.656248,9.628198,6,6,0,0,0,3.03,0.0,,0,0,0,0.0,0.0,,,,,,4,0,https://services1.arcgis.com/YAuo6vcW85VPu7OE/arcgis/rest/services/Fallzahlen_Total_Kanton/FeatureServer/0/query?where=1%3D1&objectIds=&time=&resultType=none&outFields=*&returnHiddenFields=false&returnIdsOnly=false&returnUniqueIdsOnly=false&returnCountOnly=false&returnDistinctValues=false&cacheHint=false&orderByFields=Eingangs_Datum&groupByFieldsForStatistics=&outStatistics=&having=&resultOffset=&resultRecordCount=&sqlFormat=standard&f=pjson,0.0,0.0
58,2020-07-20 18:04:49,2020-02-29 02:00:00,,GR,Graubünden/Grigioni,01,46.656248,9.628198,6,6,0,0,0,3.03,0.0,,0,0,0,0.0,0.0,,,,,,0,0,https://services1.arcgis.com/YAuo6vcW85VPu7OE/arcgis/rest/services/Fallzahlen_Total_Kanton/FeatureServer/0/query?where=1%3D1&objectIds=&time=&resultType=none&outFields=*&returnHiddenFields=false&returnIdsOnly=false&returnUniqueIdsOnly=false&returnCountOnly=false&returnDistinctValues=false&cacheHint=false&orderByFields=Eingangs_Datum&groupByFieldsForStatistics=&outStatistics=&having=&resultOffset=&resultRecordCount=&sqlFormat=standard&f=pjson,0.0,0.0
71,2020-07-20 18:04:49,2020-03-01 02:00:00,,GR,Graubünden/Grigioni,01,46.656248,9.628198,6,6,0,0,0,3.03,0.0,,0,0,0,0.0,0.0,,,,,,0,0,https://services1.arcgis.com/YAuo6vcW85VPu7OE/arcgis/rest/services/Fallzahlen_Total_Kanton/FeatureServer/0/query?where=1%3D1&objectIds=&time=&resultType=none&outFields=*&returnHiddenFields=false&returnIdsOnly=false&returnUniqueIdsOnly=false&returnCountOnly=false&returnDistinctValues=false&cacheHint=false&orderByFields=Eingangs_Datum&groupByFieldsForStatistics=&outStatistics=&having=&resultOffset=&resultRecordCount=&sqlFormat=standard&f=pjson,0.0,0.0
86,2020-07-20 18:04:49,2020-03-02 02:00:00,,GR,Graubünden/Grigioni,01,46.656248,9.628198,9,9,0,0,0,4.55,0.0,,0,0,0,0.0,0.0,,,,,,3,0,https://services1.arcgis.com/YAuo6vcW85VPu7OE/arcgis/rest/services/Fallzahlen_Total_Kanton/FeatureServer/0/query?where=1%3D1&objectIds=&time=&resultType=none&outFields=*&returnHiddenFields=false&returnIdsOnly=false&returnUniqueIdsOnly=false&returnCountOnly=false&returnDistinctValues=false&cacheHint=false&orderByFields=Eingangs_Datum&groupByFieldsForStatistics=&outStatistics=&having=&resultOffset=&resultRecordCount=&sqlFormat=standard&f=pjson,2.304227,0.0
100,2020-07-20 18:04:49,2020-03-03 02:00:00,,GR,Graubünden/Grigioni,01,46.656248,9.628198,10,10,0,0,0,5.05,0.0,,0,0,0,0.0,0.0,,,,,,1,0,https://services1.arcgis.com/YAuo6vcW85VPu7OE/arcgis/rest/services/Fallzahlen_Total_Kanton/FeatureServer/0/query?where=1%3D1&objectIds=&time=&resultType=none&outFields=*&returnHiddenFields=false&returnIdsOnly=false&returnUniqueIdsOnly=false&returnCountOnly=false&returnDistinctValues=false&cacheHint=false&orderByFields=Eingangs_Datum&groupByFieldsForStatistics=&outStatistics=&having=&resultOffset=&resultRecordCount=&sqlFormat=standard&f=pjson,2.153383,0.0
116,2020-07-20 18:04:49,2020-03-04 02:00:00,,GR,Graubünden/Grigioni,01,46.656248,9.628198,13,13,0,0,0,6.57,0.0,,0,0,0,0.0,0.0,,,,,,3,0,https://services1.arcgis.com/YAuo6vcW85VPu7OE/arcgis/rest/services/Fallzahlen_Total_Kanton/FeatureServer/0/query?where=1%3D1&objectIds=&time=&resultType=none&outFields=*&returnHiddenFields=false&returnIdsOnly=false&returnUniqueIdsOnly=false&returnCountOnly=false&returnDistinctValues=false&cacheHint=false&orderByFields=Eingangs_Datum&groupByFieldsForStatistics=&outStatistics=&having=&resultOffset=&resultRecordCount=&sqlFormat=standard&f=pjson,4.482386,0.0
134,2020-07-20 18:04:49,2020-03-05 02:00:00,,GR,Graubünden/Grigioni,01,46.656248,9.628198,15,15,0,0,0,7.58,0.0,,0,0,0,0.0,0.0,,,,,,2,0,https://services1.arcgis.com/YAuo6vcW85VPu7OE/arcgis/rest/services/Fallzahlen_Total_Kanton/FeatureServer/0/query?where=1%3D1&objectIds=&time=&resultType=none&outFields=*&returnHiddenFields=false&returnIdsOnly=false&returnUniqueIdsOnly=false&returnCountOnly=false&returnDistinctValues=false&cacheHint=false&orderByFields=Eingangs_Datum&groupByFieldsForStatistics=&outStatistics=&having=&resultOffset=&resultRecordCount=&sqlFormat=standard&f=pjson,3.782354,0.0
149,2020-07-20 18:04:49,2020-03-06 02:00:00,,GR,Graubünden/Grigioni,01,46.656248,9.628198,16,16,0,0,0,8.08,0.0,,0,0,0,0.0,0.0,,,,,,1,0,https://services1.arcgis.com/YAuo6vcW85VPu7OE/arcgis/rest/services/Fallzahlen_Total_Kanton/FeatureServer/0/query?where=1%3D1&objectIds=&time=&resultType=none&outFields=*&returnHiddenFields=false&returnIdsOnly=false&returnUniqueIdsOnly=false&returnCountOnly=false&returnDistinctValues=false&cacheHint=false&orderByFields=Eingangs_Datum&groupByFieldsForStatistics=&outStatistics=&having=&resultOffset=&resultRecordCount=&sqlFormat=standard&f=pjson,3.533475,0.0
166,2020-07-20 18:04:49,2020-03-07 02:00:00,,GR,Graubünden/Grigioni,01,46.656248,9.628198,18,18,0,0,0,9.1,0.0,,0,0,0,0.0,0.0,,,,,,2,0,https://services1.arcgis.com/YAuo6vcW85VPu7OE/arcgis/rest/services/Fallzahlen_Total_Kanton/FeatureServer/0/query?where=1%3D1&objectIds=&time=&resultType=none&outFields=*&returnHiddenFields=false&returnIdsOnly=false&returnUniqueIdsOnly=false&returnCountOnly=false&returnDistinctValues=false&cacheHint=false&orderByFields=Eingangs_Datum&groupByFieldsForStatistics=&outStatistics=&having=&resultOffset=&resultRecordCount=&sqlFormat=standard&f=pjson,5.0,0.0
181,2020-07-20 18:04:49,2020-03-08 02:00:00,,GR,Graubünden/Grigioni,01,46.656248,9.628198,19,19,0,0,0,9.6,0.0,,0,0,0,0.0,0.0,,,,,,1,0,https://services1.arcgis.com/YAuo6vcW85VPu7OE/arcgis/rest/services/Fallzahlen_Total_Kanton/FeatureServer/0/query?where=1%3D1&objectIds=&time=&resultType=none&outFields=*&returnHiddenFields=false&returnIdsOnly=false&returnUniqueIdsOnly=false&returnCountOnly=false&returnDistinctValues=false&cacheHint=false&orderByFields=Eingangs_Datum&groupByFieldsForStatistics=&outStatistics=&having=&resultOffset=&resultRecordCount=&sqlFormat=standard&f=pjson,5.399571,0.0
198,2020-07-20 18:04:49,2020-03-09 02:00:00,,GR,Graubünden/Grigioni,01,46.656248,9.628198,28,28,0,0,0,14.15,0.0,,0,0,0,0.0,0.0,,,,,,9,0,https://services1.arcgis.com/YAuo6vcW85VPu7OE/arcgis/rest/services/Fallzahlen_Total_Kanton/FeatureServer/0/query?where=1%3D1&objectIds=&time=&resultType=none&outFields=*&returnHiddenFields=false&returnIdsOnly=false&returnUniqueIdsOnly=false&returnCountOnly=false&returnDistinctValues=false&cacheHint=false&orderByFields=Eingangs_Datum&groupByFieldsForStatistics=&outStatistics=&having=&resultOffset=&resultRecordCount=&sqlFormat=standard&f=pjson,4.517058,0.0
213,2020-07-20 18:04:49,2020-03-10 02:00:00,,GR,Graubünden/Grigioni,01,46.656248,9.628198,32,32,0,0,0,16.17,0.0,,0,0,0,0.0,0.0,,,,,,4,0,https://services1.arcgis.com/YAuo6vcW85VPu7OE/arcgis/rest/services/Fallzahlen_Total_Kanton/FeatureServer/0/query?where=1%3D1&objectIds=&time=&resultType=none&outFields=*&returnHiddenFields=false&returnIdsOnly=false&returnUniqueIdsOnly=false&returnCountOnly=false&returnDistinctValues=false&cacheHint=false&orderByFields=Eingangs_Datum&groupByFieldsForStatistics=&outStatistics=&having=&resultOffset=&resultRecordCount=&sqlFormat=standard&f=pjson,4.574108,0.0
229,2020-07-20 18:04:49,2020-03-11 02:00:00,,GR,Graubünden/Grigioni,01,46.656248,9.628198,44,44,0,0,0,22.23,0.0,,0,0,0,0.0,0.0,,,,,,12,0,https://services1.arcgis.com/YAuo6vcW85VPu7OE/arcgis/rest/services/Fallzahlen_Total_Kanton/FeatureServer/0/query?where=1%3D1&objectIds=&time=&resultType=none&outFields=*&returnHiddenFields=false&returnIdsOnly=false&returnUniqueIdsOnly=false&returnCountOnly=false&returnDistinctValues=false&cacheHint=false&orderByFields=Eingangs_Datum&groupByFieldsForStatistics=&outStatistics=&having=&resultOffset=&resultRecordCount=&sqlFormat=standard&f=pjson,3.425991,0.0
248,2020-07-20 18:04:49,2020-03-12 02:00:00,,GR,Graubünden/Grigioni,01,46.656248,9.628198,53,53,0,0,0,26.78,0.0,,0,0,0,0.0,0.0,,,,,,9,0,https://services1.arcgis.com/YAuo6vcW85VPu7OE/arcgis/rest/services/Fallzahlen_Total_Kanton/FeatureServer/0/query?where=1%3D1&objectIds=&time=&resultType=none&outFields=*&returnHiddenFields=false&returnIdsOnly=false&returnUniqueIdsOnly=false&returnCountOnly=false&returnDistinctValues=false&cacheHint=false&orderByFields=Eingangs_Datum&groupByFieldsForStatistics=&outStatistics=&having=&resultOffset=&resultRecordCount=&sqlFormat=standard&f=pjson,3.209252,0.0
268,2020-07-20 18:04:49,2020-03-13 02:00:00,,GR,Graubünden/Grigioni,01,46.656248,9.628198,65,65,0,0,0,32.84,0.0,,0,0,0,0.0,0.0,,,,,,12,0,https://services1.arcgis.com/YAuo6vcW85VPu7OE/arcgis/rest/services/Fallzahlen_Total_Kanton/FeatureServer/0/query?where=1%3D1&objectIds=&time=&resultType=none&outFields=*&returnHiddenFields=false&returnIdsOnly=false&returnUniqueIdsOnly=false&returnCountOnly=false&returnDistinctValues=false&cacheHint=false&orderByFields=Eingangs_Datum&groupByFieldsForStatistics=&outStatistics=&having=&resultOffset=&resultRecordCount=&sqlFormat=standard&f=pjson,2.81779,0.0
288,2020-07-20 18:04:49,2020-03-14 02:00:00,,GR,Graubünden/Grigioni,01,46.656248,9.628198,73,73,6,6,1,36.89,0.0,,0,0,0,0.0,0.0,,,,,,8,0,https://services1.arcgis.com/YAuo6vcW85VPu7OE/arcgis/rest/services/Fallzahlen_Total_Kanton/FeatureServer/0/query?where=1%3D1&objectIds=&time=&resultType=none&outFields=*&returnHiddenFields=false&returnIdsOnly=false&returnUniqueIdsOnly=false&returnCountOnly=false&returnDistinctValues=false&cacheHint=false&orderByFields=Eingangs_Datum&groupByFieldsForStatistics=&outStatistics=&having=&resultOffset=&resultRecordCount=&sqlFormat=standard&f=pjson,3.616716,0.0
304,2020-07-20 18:04:49,2020-03-15 02:00:00,,GR,Graubünden/Grigioni,01,46.656248,9.628198,93,93,-6,0,0,46.99,0.0,,0,0,0,0.0,0.0,,,,,,20,0,https://services1.arcgis.com/YAuo6vcW85VPu7OE/arcgis/rest/services/Fallzahlen_Total_Kanton/FeatureServer/0/query?where=1%3D1&objectIds=&time=&resultType=none&outFields=*&returnHiddenFields=false&returnIdsOnly=false&returnUniqueIdsOnly=false&returnCountOnly=false&returnDistinctValues=false&cacheHint=false&orderByFields=Eingangs_Datum&groupByFieldsForStatistics=&outStatistics=&having=&resultOffset=&resultRecordCount=&sqlFormat=standard&f=pjson,3.248528,0.0
325,2020-07-20 18:04:49,2020-03-16 02:00:00,,GR,Graubünden/Grigioni,01,46.656248,9.628198,118,118,9,9,1,59.63,0.505,,0,1,1,0.0,0.0,,,,,,25,1,https://services1.arcgis.com/YAuo6vcW85VPu7OE/arcgis/rest/services/Fallzahlen_Total_Kanton/FeatureServer/0/query?where=1%3D1&objectIds=&time=&resultType=none&outFields=*&returnHiddenFields=false&returnIdsOnly=false&returnUniqueIdsOnly=false&returnCountOnly=false&returnDistinctValues=false&cacheHint=false&orderByFields=Eingangs_Datum&groupByFieldsForStatistics=&outStatistics=&having=&resultOffset=&resultRecordCount=&sqlFormat=standard&f=pjson,3.513181,0.0
344,2020-07-20 18:04:49,2020-03-17 02:00:00,,GR,Graubünden/Grigioni,01,46.656248,9.628198,152,152,0,9,1,76.81,0.505,,0,1,1,0.0,0.0,,,,,,34,0,https://services1.arcgis.com/YAuo6vcW85VPu7OE/arcgis/rest/services/Fallzahlen_Total_Kanton/FeatureServer/0/query?where=1%3D1&objectIds=&time=&resultType=none&outFields=*&returnHiddenFields=false&returnIdsOnly=false&returnUniqueIdsOnly=false&returnCountOnly=false&returnDistinctValues=false&cacheHint=false&orderByFields=Eingangs_Datum&groupByFieldsForStatistics=&outStatistics=&having=&resultOffset=&resultRecordCount=&sqlFormat=standard&f=pjson,3.289458,0.0
365,2020-07-20 18:04:49,2020-03-18 02:00:00,,GR,Graubünden/Grigioni,01,46.656248,9.628198,204,204,4,13,2,103.08,0.505,,0,1,2,0.0,0.0,,,,,,52,0,https://services1.arcgis.com/YAuo6vcW85VPu7OE/arcgis/rest/services/Fallzahlen_Total_Kanton/FeatureServer/0/query?where=1%3D1&objectIds=&time=&resultType=none&outFields=*&returnHiddenFields=false&returnIdsOnly=false&returnUniqueIdsOnly=false&returnCountOnly=false&returnDistinctValues=false&cacheHint=false&orderByFields=Eingangs_Datum&groupByFieldsForStatistics=&outStatistics=&having=&resultOffset=&resultRecordCount=&sqlFormat=standard&f=pjson,3.030197,0.0
388,2020-07-20 18:04:49,2020-03-19 02:00:00,,GR,Graubünden/Grigioni,01,46.656248,9.628198,252,252,5,18,2,127.34,1.011,,0,2,2,0.0,0.0,,,,,,48,1,https://services1.arcgis.com/YAuo6vcW85VPu7OE/arcgis/rest/services/Fallzahlen_Total_Kanton/FeatureServer/0/query?where=1%3D1&objectIds=&time=&resultType=none&outFields=*&returnHiddenFields=false&returnIdsOnly=false&returnUniqueIdsOnly=false&returnCountOnly=false&returnDistinctValues=false&cacheHint=false&orderByFields=Eingangs_Datum&groupByFieldsForStatistics=&outStatistics=&having=&resultOffset=&resultRecordCount=&sqlFormat=standard&f=pjson,2.797273,0.0
409,2020-07-20 18:04:49,2020-03-20 02:00:00,,GR,Graubünden/Grigioni,01,46.656248,9.628198,283,283,6,24,3,143.0,1.516,,0,3,3,0.0,0.0,,,,,,31,1,https://services1.arcgis.com/YAuo6vcW85VPu7OE/arcgis/rest/services/Fallzahlen_Total_Kanton/FeatureServer/0/query?where=1%3D1&objectIds=&time=&resultType=none&outFields=*&returnHiddenFields=false&returnIdsOnly=false&returnUniqueIdsOnly=false&returnCountOnly=false&returnDistinctValues=false&cacheHint=false&orderByFields=Eingangs_Datum&groupByFieldsForStatistics=&outStatistics=&having=&resultOffset=&resultRecordCount=&sqlFormat=standard&f=pjson,3.114296,0.0
432,2020-07-20 18:04:49,2020-03-21 02:00:00,,GR,Graubünden/Grigioni,01,46.656248,9.628198,311,311,0,24,3,157.15,2.021,,0,4,3,0.0,0.0,,,,,,28,1,https://services1.arcgis.com/YAuo6vcW85VPu7OE/arcgis/rest/services/Fallzahlen_Total_Kanton/FeatureServer/0/query?where=1%3D1&objectIds=&time=&resultType=none&outFields=*&returnHiddenFields=false&returnIdsOnly=false&returnUniqueIdsOnly=false&returnCountOnly=false&returnDistinctValues=false&cacheHint=false&orderByFields=Eingangs_Datum&groupByFieldsForStatistics=&outStatistics=&having=&resultOffset=&resultRecordCount=&sqlFormat=standard&f=pjson,3.576211,2.5
452,2020-07-20 18:04:49,2020-03-22 02:00:00,,GR,Graubünden/Grigioni,01,46.656248,9.628198,327,327,3,27,3,165.23,2.021,,0,4,3,0.0,0.0,,,,,,16,0,https://services1.arcgis.com/YAuo6vcW85VPu7OE/arcgis/rest/services/Fallzahlen_Total_Kanton/FeatureServer/0/query?where=1%3D1&objectIds=&time=&resultType=none&outFields=*&returnHiddenFields=false&returnIdsOnly=false&returnUniqueIdsOnly=false&returnCountOnly=false&returnDistinctValues=false&cacheHint=false&orderByFields=Eingangs_Datum&groupByFieldsForStatistics=&outStatistics=&having=&resultOffset=&resultRecordCount=&sqlFormat=standard&f=pjson,4.523989,2.5
473,2020-07-20 18:04:49,2020-03-23 02:00:00,,GR,Graubünden/Grigioni,01,46.656248,9.628198,386,386,2,29,5,195.05,2.527,,0,5,3,0.0,0.0,,,,,,59,1,https://services1.arcgis.com/YAuo6vcW85VPu7OE/arcgis/rest/services/Fallzahlen_Total_Kanton/FeatureServer/0/query?where=1%3D1&objectIds=&time=&resultType=none&outFields=*&returnHiddenFields=false&returnIdsOnly=false&returnUniqueIdsOnly=false&returnCountOnly=false&returnDistinctValues=false&cacheHint=false&orderByFields=Eingangs_Datum&groupByFieldsForStatistics=&outStatistics=&having=&resultOffset=&resultRecordCount=&sqlFormat=standard&f=pjson,5.434595,2.153383
499,2020-07-20 18:04:49,2020-03-24 02:00:00,,GR,Graubünden/Grigioni,01,46.656248,9.628198,419,419,14,43,5,211.72,3.032,,0,6,3,0.0,0.0,,,,,,33,1,https://services1.arcgis.com/YAuo6vcW85VPu7OE/arcgis/rest/services/Fallzahlen_Total_Kanton/FeatureServer/0/query?where=1%3D1&objectIds=&time=&resultType=none&outFields=*&returnHiddenFields=false&returnIdsOnly=false&returnUniqueIdsOnly=false&returnCountOnly=false&returnDistinctValues=false&cacheHint=false&orderByFields=Eingangs_Datum&groupByFieldsForStatistics=&outStatistics=&having=&resultOffset=&resultRecordCount=&sqlFormat=standard&f=pjson,6.816386,3.154649
526,2020-07-20 18:04:49,2020-03-25 02:00:00,,GR,Graubünden/Grigioni,01,46.656248,9.628198,458,458,2,45,8,231.43,4.042,,0,8,6,0.0,0.0,,,,,,39,2,https://services1.arcgis.com/YAuo6vcW85VPu7OE/arcgis/rest/services/Fallzahlen_Total_Kanton/FeatureServer/0/query?where=1%3D1&objectIds=&time=&resultType=none&outFields=*&returnHiddenFields=false&returnIdsOnly=false&returnUniqueIdsOnly=false&returnCountOnly=false&returnDistinctValues=false&cacheHint=false&orderByFields=Eingangs_Datum&groupByFieldsForStatistics=&outStatistics=&having=&resultOffset=&resultRecordCount=&sqlFormat=standard&f=pjson,7.198952,3.533475
552,2020-07-20 18:04:49,2020-03-26 02:00:00,,GR,Graubünden/Grigioni,01,46.656248,9.628198,487,487,7,52,11,246.08,4.042,,0,8,7,0.0,0.0,,,,,,29,0,https://services1.arcgis.com/YAuo6vcW85VPu7OE/arcgis/rest/services/Fallzahlen_Total_Kanton/FeatureServer/0/query?where=1%3D1&objectIds=&time=&resultType=none&outFields=*&returnHiddenFields=false&returnIdsOnly=false&returnUniqueIdsOnly=false&returnCountOnly=false&returnDistinctValues=false&cacheHint=false&orderByFields=Eingangs_Datum&groupByFieldsForStatistics=&outStatistics=&having=&resultOffset=&resultRecordCount=&sqlFormat=standard&f=pjson,7.727889,5.0
579,2020-07-20 18:04:49,2020-03-27 02:00:00,,GR,Graubünden/Grigioni,01,46.656248,9.628198,513,513,6,58,11,259.22,4.548,,0,9,7,0.0,0.0,,,,,,26,1,https://services1.arcgis.com/YAuo6vcW85VPu7OE/arcgis/rest/services/Fallzahlen_Total_Kanton/FeatureServer/0/query?where=1%3D1&objectIds=&time=&resultType=none&outFields=*&returnHiddenFields=false&returnIdsOnly=false&returnUniqueIdsOnly=false&returnCountOnly=false&returnDistinctValues=false&cacheHint=false&orderByFields=Eingangs_Datum&groupByFieldsForStatistics=&outStatistics=&having=&resultOffset=&resultRecordCount=&sqlFormat=standard&f=pjson,7.696236,4.273778
605,2020-07-20 18:04:49,2020-03-28 02:00:00,,GR,Graubünden/Grigioni,01,46.656248,9.628198,527,527,5,63,11,266.3,6.064,,0,12,8,0.0,0.0,,,,,,14,3,https://services1.arcgis.com/YAuo6vcW85VPu7OE/arcgis/rest/services/Fallzahlen_Total_Kanton/FeatureServer/0/query?where=1%3D1&objectIds=&time=&resultType=none&outFields=*&returnHiddenFields=false&returnIdsOnly=false&returnUniqueIdsOnly=false&returnCountOnly=false&returnDistinctValues=false&cacheHint=false&orderByFields=Eingangs_Datum&groupByFieldsForStatistics=&outStatistics=&having=&resultOffset=&resultRecordCount=&sqlFormat=standard&f=pjson,11.130847,3.95872
629,2020-07-20 18:04:49,2020-03-29 01:00:00,,GR,Graubünden/Grigioni,01,46.656248,9.628198,542,542,0,63,11,273.88,7.58,,0,15,8,0.0,0.0,,,,,,15,3,https://services1.arcgis.com/YAuo6vcW85VPu7OE/arcgis/rest/services/Fallzahlen_Total_Kanton/FeatureServer/0/query?where=1%3D1&objectIds=&time=&resultType=none&outFields=*&returnHiddenFields=false&returnIdsOnly=false&returnUniqueIdsOnly=false&returnCountOnly=false&returnDistinctValues=false&cacheHint=false&orderByFields=Eingangs_Datum&groupByFieldsForStatistics=&outStatistics=&having=&resultOffset=&resultRecordCount=&sqlFormat=standard&f=pjson,13.464655,3.782354
655,2020-07-20 18:04:49,2020-03-30 01:00:00,,GR,Graubünden/Grigioni,01,46.656248,9.628198,591,591,-5,58,9,298.64,9.601,,0,19,9,0.0,0.0,,,,,,49,4,https://services1.arcgis.com/YAuo6vcW85VPu7OE/arcgis/rest/services/Fallzahlen_Total_Kanton/FeatureServer/0/query?where=1%3D1&objectIds=&time=&resultType=none&outFields=*&returnHiddenFields=false&returnIdsOnly=false&returnUniqueIdsOnly=false&returnCountOnly=false&returnDistinctValues=false&cacheHint=false&orderByFields=Eingangs_Datum&groupByFieldsForStatistics=&outStatistics=&having=&resultOffset=&resultRecordCount=&sqlFormat=standard&f=pjson,13.593955,4.006643
681,2020-07-20 18:04:49,2020-03-31 01:00:00,,GR,Graubünden/Grigioni,01,46.656248,9.628198,617,617,0,58,10,311.77,11.622,,0,23,10,0.0,0.0,,,,,,26,4,https://services1.arcgis.com/YAuo6vcW85VPu7OE/arcgis/rest/services/Fallzahlen_Total_Kanton/FeatureServer/0/query?where=1%3D1&objectIds=&time=&resultType=none&outFields=*&returnHiddenFields=false&returnIdsOnly=false&returnUniqueIdsOnly=false&returnCountOnly=false&returnDistinctValues=false&cacheHint=false&orderByFields=Eingangs_Datum&groupByFieldsForStatistics=&outStatistics=&having=&resultOffset=&resultRecordCount=&sqlFormat=standard&f=pjson,14.647777,3.281783
707,2020-07-20 18:04:49,2020-04-01 01:00:00,,GR,Graubünden/Grigioni,01,46.656248,9.628198,635,635,1,59,11,320.87,13.138,,0,26,11,0.0,0.0,,,,,,18,3,https://services1.arcgis.com/YAuo6vcW85VPu7OE/arcgis/rest/services/Fallzahlen_Total_Kanton/FeatureServer/0/query?where=1%3D1&objectIds=&time=&resultType=none&outFields=*&returnHiddenFields=false&returnIdsOnly=false&returnUniqueIdsOnly=false&returnCountOnly=false&returnDistinctValues=false&cacheHint=false&orderByFields=Eingangs_Datum&groupByFieldsForStatistics=&outStatistics=&having=&resultOffset=&resultRecordCount=&sqlFormat=standard&f=pjson,16.244432,3.266875
734,2020-07-20 18:04:49,2020-04-02 01:00:00,,GR,Graubünden/Grigioni,01,46.656248,9.628198,655,655,1,60,11,330.98,14.149,,0,28,11,0.0,0.0,,,,,,20,2,https://services1.arcgis.com/YAuo6vcW85VPu7OE/arcgis/rest/services/Fallzahlen_Total_Kanton/FeatureServer/0/query?where=1%3D1&objectIds=&time=&resultType=none&outFields=*&returnHiddenFields=false&returnIdsOnly=false&returnUniqueIdsOnly=false&returnCountOnly=false&returnDistinctValues=false&cacheHint=false&orderByFields=Eingangs_Datum&groupByFieldsForStatistics=&outStatistics=&having=&resultOffset=&resultRecordCount=&sqlFormat=standard&f=pjson,15.939204,4.090339
761,2020-07-20 18:04:49,2020-04-03 01:00:00,,GR,Graubünden/Grigioni,01,46.656248,9.628198,678,678,-9,51,10,342.6,15.159,,0,30,10,0.0,0.0,,,,,,23,2,https://services1.arcgis.com/YAuo6vcW85VPu7OE/arcgis/rest/services/Fallzahlen_Total_Kanton/FeatureServer/0/query?where=1%3D1&objectIds=&time=&resultType=none&outFields=*&returnHiddenFields=false&returnIdsOnly=false&returnUniqueIdsOnly=false&returnCountOnly=false&returnDistinctValues=false&cacheHint=false&orderByFields=Eingangs_Datum&groupByFieldsForStatistics=&outStatistics=&having=&resultOffset=&resultRecordCount=&sqlFormat=standard&f=pjson,15.480239,5.0
787,2020-07-20 18:04:49,2020-04-04 01:00:00,,GR,Graubünden/Grigioni,01,46.656248,9.628198,680,680,1,52,10,343.61,15.159,,0,30,10,0.0,0.0,,,,,,2,0,https://services1.arcgis.com/YAuo6vcW85VPu7OE/arcgis/rest/services/Fallzahlen_Total_Kanton/FeatureServer/0/query?where=1%3D1&objectIds=&time=&resultType=none&outFields=*&returnHiddenFields=false&returnIdsOnly=false&returnUniqueIdsOnly=false&returnCountOnly=false&returnDistinctValues=false&cacheHint=false&orderByFields=Eingangs_Datum&groupByFieldsForStatistics=&outStatistics=&having=&resultOffset=&resultRecordCount=&sqlFormat=standard&f=pjson,24.706412,7.587678
811,2020-07-20 18:04:49,2020-04-05 01:00:00,,GR,Graubünden/Grigioni,01,46.656248,9.628198,682,682,-3,49,9,344.62,16.675,,0,33,9,0.0,0.0,,,,,,2,3,https://services1.arcgis.com/YAuo6vcW85VPu7OE/arcgis/rest/services/Fallzahlen_Total_Kanton/FeatureServer/0/query?where=1%3D1&objectIds=&time=&resultType=none&outFields=*&returnHiddenFields=false&returnIdsOnly=false&returnUniqueIdsOnly=false&returnCountOnly=false&returnDistinctValues=false&cacheHint=false&orderByFields=Eingangs_Datum&groupByFieldsForStatistics=&outStatistics=&having=&resultOffset=&resultRecordCount=&sqlFormat=standard&f=pjson,34.601777,9.600022
837,2020-07-20 18:04:49,2020-04-06 01:00:00,,GR,Graubünden/Grigioni,01,46.656248,9.628198,699,699,3,52,9,353.21,17.18,,0,34,9,0.0,0.0,,,,,,17,1,https://services1.arcgis.com/YAuo6vcW85VPu7OE/arcgis/rest/services/Fallzahlen_Total_Kanton/FeatureServer/0/query?where=1%3D1&objectIds=&time=&resultType=none&outFields=*&returnHiddenFields=false&returnIdsOnly=false&returnUniqueIdsOnly=false&returnCountOnly=false&returnDistinctValues=false&cacheHint=false&orderByFields=Eingangs_Datum&groupByFieldsForStatistics=&outStatistics=&having=&resultOffset=&resultRecordCount=&sqlFormat=standard&f=pjson,36.091737,12.919125
864,2020-07-20 18:04:49,2020-04-07 01:00:00,,GR,Graubünden/Grigioni,01,46.656248,9.628198,715,715,-3,49,8,361.29,17.686,,0,35,8,0.0,0.0,,,,,,16,1,https://services1.arcgis.com/YAuo6vcW85VPu7OE/arcgis/rest/services/Fallzahlen_Total_Kanton/FeatureServer/0/query?where=1%3D1&objectIds=&time=&resultType=none&outFields=*&returnHiddenFields=false&returnIdsOnly=false&returnUniqueIdsOnly=false&returnCountOnly=false&returnDistinctValues=false&cacheHint=false&orderByFields=Eingangs_Datum&groupByFieldsForStatistics=&outStatistics=&having=&resultOffset=&resultRecordCount=&sqlFormat=standard&f=pjson,39.541841,15.531419
891,2020-07-20 18:04:49,2020-04-08 01:00:00,,GR,Graubünden/Grigioni,01,46.656248,9.628198,734,734,-11,38,7,370.89,17.686,,0,35,7,0.0,0.0,,,,,,19,0,https://services1.arcgis.com/YAuo6vcW85VPu7OE/arcgis/rest/services/Fallzahlen_Total_Kanton/FeatureServer/0/query?where=1%3D1&objectIds=&time=&resultType=none&outFields=*&returnHiddenFields=false&returnIdsOnly=false&returnUniqueIdsOnly=false&returnCountOnly=false&returnDistinctValues=false&cacheHint=false&orderByFields=Eingangs_Datum&groupByFieldsForStatistics=&outStatistics=&having=&resultOffset=&resultRecordCount=&sqlFormat=standard&f=pjson,43.670109,22.482781
918,2020-07-20 18:04:49,2020-04-09 01:00:00,,GR,Graubünden/Grigioni,01,46.656248,9.628198,740,740,1,39,7,373.93,18.191,,0,36,7,0.0,0.0,,,,,,6,1,https://services1.arcgis.com/YAuo6vcW85VPu7OE/arcgis/rest/services/Fallzahlen_Total_Kanton/FeatureServer/0/query?where=1%3D1&objectIds=&time=&resultType=none&outFields=*&returnHiddenFields=false&returnIdsOnly=false&returnUniqueIdsOnly=false&returnCountOnly=false&returnDistinctValues=false&cacheHint=false&orderByFields=Eingangs_Datum&groupByFieldsForStatistics=&outStatistics=&having=&resultOffset=&resultRecordCount=&sqlFormat=standard&f=pjson,40.98679,19.00892
944,2020-07-20 18:04:49,2020-04-10 01:00:00,,GR,Graubünden/Grigioni,01,46.656248,9.628198,749,749,-4,35,6,378.47,18.191,,0,36,6,0.0,0.0,,,,,,9,0,https://services1.arcgis.com/YAuo6vcW85VPu7OE/arcgis/rest/services/Fallzahlen_Total_Kanton/FeatureServer/0/query?where=1%3D1&objectIds=&time=&resultType=none&outFields=*&returnHiddenFields=false&returnIdsOnly=false&returnUniqueIdsOnly=false&returnCountOnly=false&returnDistinctValues=false&cacheHint=false&orderByFields=Eingangs_Datum&groupByFieldsForStatistics=&outStatistics=&having=&resultOffset=&resultRecordCount=&sqlFormat=standard&f=pjson,36.983895,39.830836
970,2020-07-20 18:04:49,2020-04-11 01:00:00,,GR,Graubünden/Grigioni,01,46.656248,9.628198,752,752,0,35,6,379.99,18.191,,0,36,5,0.0,0.0,,,,,,3,0,https://services1.arcgis.com/YAuo6vcW85VPu7OE/arcgis/rest/services/Fallzahlen_Total_Kanton/FeatureServer/0/query?where=1%3D1&objectIds=&time=&resultType=none&outFields=*&returnHiddenFields=false&returnIdsOnly=false&returnUniqueIdsOnly=false&returnCountOnly=false&returnDistinctValues=false&cacheHint=false&orderByFields=Eingangs_Datum&groupByFieldsForStatistics=&outStatistics=&having=&resultOffset=&resultRecordCount=&sqlFormat=standard&f=pjson,47.420241,60.633871
994,2020-07-20 18:04:49,2020-04-12 01:00:00,,GR,Graubünden/Grigioni,01,46.656248,9.628198,752,752,0,35,7,379.99,18.191,,0,36,5,0.0,0.0,,,,,,0,0,https://services1.arcgis.com/YAuo6vcW85VPu7OE/arcgis/rest/services/Fallzahlen_Total_Kanton/FeatureServer/0/query?where=1%3D1&objectIds=&time=&resultType=none&outFields=*&returnHiddenFields=false&returnIdsOnly=false&returnUniqueIdsOnly=false&returnCountOnly=false&returnDistinctValues=false&cacheHint=false&orderByFields=Eingangs_Datum&groupByFieldsForStatistics=&outStatistics=&having=&resultOffset=&resultRecordCount=&sqlFormat=standard&f=pjson,68.691302,123.025489
1020,2020-07-20 18:04:49,2020-04-13 01:00:00,,GR,Graubünden/Grigioni,01,46.656248,9.628198,755,755,-1,34,6,381.51,18.696,,0,37,5,0.0,0.0,,,,,,3,1,https://services1.arcgis.com/YAuo6vcW85VPu7OE/arcgis/rest/services/Fallzahlen_Total_Kanton/FeatureServer/0/query?where=1%3D1&objectIds=&time=&resultType=none&outFields=*&returnHiddenFields=false&returnIdsOnly=false&returnUniqueIdsOnly=false&returnCountOnly=false&returnDistinctValues=false&cacheHint=false&orderByFields=Eingangs_Datum&groupByFieldsForStatistics=&outStatistics=&having=&resultOffset=&resultRecordCount=&sqlFormat=standard&f=pjson,122.860443,62.367198
1046,2020-07-20 18:04:49,2020-04-14 01:00:00,,GR,Graubünden/Grigioni,01,46.656248,9.628198,762,762,0,34,6,385.04,18.696,,0,37,5,0.0,0.0,,,,,,7,0,https://services1.arcgis.com/YAuo6vcW85VPu7OE/arcgis/rest/services/Fallzahlen_Total_Kanton/FeatureServer/0/query?where=1%3D1&objectIds=&time=&resultType=none&outFields=*&returnHiddenFields=false&returnIdsOnly=false&returnUniqueIdsOnly=false&returnCountOnly=false&returnDistinctValues=false&cacheHint=false&orderByFields=Eingangs_Datum&groupByFieldsForStatistics=&outStatistics=&having=&resultOffset=&resultRecordCount=&sqlFormat=standard&f=pjson,118.29916,126.491447
1073,2020-07-20 18:04:49,2020-04-15 01:00:00,,GR,Graubünden/Grigioni,01,46.656248,9.628198,769,769,2,36,7,388.58,19.202,,0,38,6,0.0,0.0,,,,,,7,1,https://services1.arcgis.com/YAuo6vcW85VPu7OE/arcgis/rest/services/Fallzahlen_Total_Kanton/FeatureServer/0/query?where=1%3D1&objectIds=&time=&resultType=none&outFields=*&returnHiddenFields=false&returnIdsOnly=false&returnUniqueIdsOnly=false&returnCountOnly=false&returnDistinctValues=false&cacheHint=false&orderByFields=Eingangs_Datum&groupByFieldsForStatistics=&outStatistics=&having=&resultOffset=&resultRecordCount=&sqlFormat=standard&f=pjson,131.517067,64.1005
1100,2020-07-20 18:04:49,2020-04-16 01:00:00,,GR,Graubünden/Grigioni,01,46.656248,9.628198,775,775,1,37,8,391.61,19.707,,0,39,7,0.0,0.0,,,,,,6,1,https://services1.arcgis.com/YAuo6vcW85VPu7OE/arcgis/rest/services/Fallzahlen_Total_Kanton/FeatureServer/0/query?where=1%3D1&objectIds=&time=&resultType=none&outFields=*&returnHiddenFields=false&returnIdsOnly=false&returnUniqueIdsOnly=false&returnCountOnly=false&returnDistinctValues=false&cacheHint=false&orderByFields=Eingangs_Datum&groupByFieldsForStatistics=&outStatistics=&having=&resultOffset=&resultRecordCount=&sqlFormat=standard&f=pjson,115.038663,43.298584
1127,2020-07-20 18:04:49,2020-04-17 01:00:00,,GR,Graubünden/Grigioni,01,46.656248,9.628198,777,777,-4,33,7,392.62,20.212,,0,40,6,0.0,0.0,,,,,,2,1,https://services1.arcgis.com/YAuo6vcW85VPu7OE/arcgis/rest/services/Fallzahlen_Total_Kanton/FeatureServer/0/query?where=1%3D1&objectIds=&time=&resultType=none&outFields=*&returnHiddenFields=false&returnIdsOnly=false&returnUniqueIdsOnly=false&returnCountOnly=false&returnDistinctValues=false&cacheHint=false&orderByFields=Eingangs_Datum&groupByFieldsForStatistics=&outStatistics=&having=&resultOffset=&resultRecordCount=&sqlFormat=standard&f=pjson,105.972759,32.894067
1152,2020-07-20 18:04:49,2020-04-18 01:00:00,,GR,Graubünden/Grigioni,01,46.656248,9.628198,784,784,-4,29,8,396.16,20.212,,0,40,6,0.0,0.0,,,,,,7,0,https://services1.arcgis.com/YAuo6vcW85VPu7OE/arcgis/rest/services/Fallzahlen_Total_Kanton/FeatureServer/0/query?where=1%3D1&objectIds=&time=&resultType=none&outFields=*&returnHiddenFields=false&returnIdsOnly=false&returnUniqueIdsOnly=false&returnCountOnly=false&returnDistinctValues=false&cacheHint=false&orderByFields=Eingangs_Datum&groupByFieldsForStatistics=&outStatistics=&having=&resultOffset=&resultRecordCount=&sqlFormat=standard&f=pjson,91.950624,44.45443
1177,2020-07-20 18:04:49,2020-04-19 01:00:00,,GR,Graubünden/Grigioni,01,46.656248,9.628198,787,787,-1,28,7,397.68,20.718,,0,41,7,0.0,0.0,,,,,,3,1,https://services1.arcgis.com/YAuo6vcW85VPu7OE/arcgis/rest/services/Fallzahlen_Total_Kanton/FeatureServer/0/query?where=1%3D1&objectIds=&time=&resultType=none&outFields=*&returnHiddenFields=false&returnIdsOnly=false&returnUniqueIdsOnly=false&returnCountOnly=false&returnDistinctValues=false&cacheHint=false&orderByFields=Eingangs_Datum&groupByFieldsForStatistics=&outStatistics=&having=&resultOffset=&resultRecordCount=&sqlFormat=standard&f=pjson,107.359175,33.761283
1203,2020-07-20 18:04:49,2020-04-20 01:00:00,,GR,Graubünden/Grigioni,01,46.656248,9.628198,794,794,1,29,7,401.21,21.223,,0,42,7,0.0,0.0,,,,,,7,1,https://services1.arcgis.com/YAuo6vcW85VPu7OE/arcgis/rest/services/Fallzahlen_Total_Kanton/FeatureServer/0/query?where=1%3D1&objectIds=&time=&resultType=none&outFields=*&returnHiddenFields=false&returnIdsOnly=false&returnUniqueIdsOnly=false&returnCountOnly=false&returnDistinctValues=false&cacheHint=false&orderByFields=Eingangs_Datum&groupByFieldsForStatistics=&outStatistics=&having=&resultOffset=&resultRecordCount=&sqlFormat=standard&f=pjson,108.329665,34.628459
1230,2020-07-20 18:04:49,2020-04-21 01:00:00,,GR,Graubünden/Grigioni,01,46.656248,9.628198,797,797,-2,27,6,402.73,21.728,,0,43,6,0.0,0.0,,,,,,3,1,https://services1.arcgis.com/YAuo6vcW85VPu7OE/arcgis/rest/services/Fallzahlen_Total_Kanton/FeatureServer/0/query?where=1%3D1&objectIds=&time=&resultType=none&outFields=*&returnHiddenFields=false&returnIdsOnly=false&returnUniqueIdsOnly=false&returnCountOnly=false&returnDistinctValues=false&cacheHint=false&orderByFields=Eingangs_Datum&groupByFieldsForStatistics=&outStatistics=&having=&resultOffset=&resultRecordCount=&sqlFormat=standard&f=pjson,123.813208,35.495598
1257,2020-07-20 18:04:49,2020-04-22 01:00:00,,GR,Graubünden/Grigioni,01,46.656248,9.628198,798,798,-1,26,7,403.23,21.728,,0,43,7,0.0,0.0,,,,,,1,0,https://services1.arcgis.com/YAuo6vcW85VPu7OE/arcgis/rest/services/Fallzahlen_Total_Kanton/FeatureServer/0/query?where=1%3D1&objectIds=&time=&resultType=none&outFields=*&returnHiddenFields=false&returnIdsOnly=false&returnUniqueIdsOnly=false&returnCountOnly=false&returnDistinctValues=false&cacheHint=false&orderByFields=Eingangs_Datum&groupByFieldsForStatistics=&outStatistics=&having=&resultOffset=&resultRecordCount=&sqlFormat=standard&f=pjson,129.957394,47.921795
1284,2020-07-20 18:04:49,2020-04-23 01:00:00,,GR,Graubünden/Grigioni,01,46.656248,9.628198,802,802,0,26,7,405.26,21.728,,0,43,7,0.0,0.0,,,,,,4,0,https://services1.arcgis.com/YAuo6vcW85VPu7OE/arcgis/rest/services/Fallzahlen_Total_Kanton/FeatureServer/0/query?where=1%3D1&objectIds=&time=&resultType=none&outFields=*&returnHiddenFields=false&returnIdsOnly=false&returnUniqueIdsOnly=false&returnCountOnly=false&returnDistinctValues=false&cacheHint=false&orderByFields=Eingangs_Datum&groupByFieldsForStatistics=&outStatistics=&having=&resultOffset=&resultRecordCount=&sqlFormat=standard&f=pjson,152.678365,47.921795
1311,2020-07-20 18:04:49,2020-04-24 01:00:00,,GR,Graubünden/Grigioni,01,46.656248,9.628198,803,803,3,29,9,405.76,22.233,,0,44,8,0.0,0.0,,,,,,1,1,https://services1.arcgis.com/YAuo6vcW85VPu7OE/arcgis/rest/services/Fallzahlen_Total_Kanton/FeatureServer/0/query?where=1%3D1&objectIds=&time=&resultType=none&outFields=*&returnHiddenFields=false&returnIdsOnly=false&returnUniqueIdsOnly=false&returnCountOnly=false&returnDistinctValues=false&cacheHint=false&orderByFields=Eingangs_Datum&groupByFieldsForStatistics=&outStatistics=&having=&resultOffset=&resultRecordCount=&sqlFormat=standard&f=pjson,172.19794,49.077532
1336,2020-07-20 18:04:49,2020-04-25 01:00:00,,GR,Graubünden/Grigioni,01,46.656248,9.628198,806,806,-1,28,9,407.28,22.233,,0,44,8,0.0,0.0,,,,,,3,0,https://services1.arcgis.com/YAuo6vcW85VPu7OE/arcgis/rest/services/Fallzahlen_Total_Kanton/FeatureServer/0/query?where=1%3D1&objectIds=&time=&resultType=none&outFields=*&returnHiddenFields=false&returnIdsOnly=false&returnUniqueIdsOnly=false&returnCountOnly=false&returnDistinctValues=false&cacheHint=false&orderByFields=Eingangs_Datum&groupByFieldsForStatistics=&outStatistics=&having=&resultOffset=&resultRecordCount=&sqlFormat=standard&f=pjson,231.044728,74.499887
1359,2020-07-20 18:04:49,2020-04-26 01:00:00,,GR,Graubünden/Grigioni,01,46.656248,9.628198,807,807,0,28,8,407.78,22.233,,0,44,8,0.0,0.0,,,,,,1,0,https://services1.arcgis.com/YAuo6vcW85VPu7OE/arcgis/rest/services/Fallzahlen_Total_Kanton/FeatureServer/0/query?where=1%3D1&objectIds=&time=&resultType=none&outFields=*&returnHiddenFields=false&returnIdsOnly=false&returnUniqueIdsOnly=false&returnCountOnly=false&returnDistinctValues=false&cacheHint=false&orderByFields=Eingangs_Datum&groupByFieldsForStatistics=&outStatistics=&having=&resultOffset=&resultRecordCount=&sqlFormat=standard&f=pjson,277.948418,150.752872
1385,2020-07-20 18:04:49,2020-04-27 01:00:00,,GR,Graubünden/Grigioni,01,46.656248,9.628198,809,809,1,29,8,408.79,22.739,,0,45,8,0.0,0.0,,,,,,2,1,https://services1.arcgis.com/YAuo6vcW85VPu7OE/arcgis/rest/services/Fallzahlen_Total_Kanton/FeatureServer/0/query?where=1%3D1&objectIds=&time=&resultType=none&outFields=*&returnHiddenFields=false&returnIdsOnly=false&returnUniqueIdsOnly=false&returnCountOnly=false&returnDistinctValues=false&cacheHint=false&orderByFields=Eingangs_Datum&groupByFieldsForStatistics=&outStatistics=&having=&resultOffset=&resultRecordCount=&sqlFormat=standard&f=pjson,253.1523,76.23306
1412,2020-07-20 18:04:49,2020-04-28 01:00:00,,GR,Graubünden/Grigioni,01,46.656248,9.628198,814,814,-2,27,7,411.32,22.739,,0,45,7,0.0,0.0,,,,,,5,0,https://services1.arcgis.com/YAuo6vcW85VPu7OE/arcgis/rest/services/Fallzahlen_Total_Kanton/FeatureServer/0/query?where=1%3D1&objectIds=&time=&resultType=none&outFields=*&returnHiddenFields=false&returnIdsOnly=false&returnUniqueIdsOnly=false&returnCountOnly=false&returnDistinctValues=false&cacheHint=false&orderByFields=Eingangs_Datum&groupByFieldsForStatistics=&outStatistics=&having=&resultOffset=&resultRecordCount=&sqlFormat=standard&f=pjson,233.355261,76.23306
1439,2020-07-20 18:04:49,2020-04-29 01:00:00,,GR,Graubünden/Grigioni,01,46.656248,9.628198,814,814,-4,23,6,411.32,22.739,,0,45,6,0.0,0.0,,,,,,0,0,https://services1.arcgis.com/YAuo6vcW85VPu7OE/arcgis/rest/services/Fallzahlen_Total_Kanton/FeatureServer/0/query?where=1%3D1&objectIds=&time=&resultType=none&outFields=*&returnHiddenFields=false&returnIdsOnly=false&returnUniqueIdsOnly=false&returnCountOnly=false&returnDistinctValues=false&cacheHint=false&orderByFields=Eingangs_Datum&groupByFieldsForStatistics=&outStatistics=&having=&resultOffset=&resultRecordCount=&sqlFormat=standard&f=pjson,254.727659,154.218757
1466,2020-07-20 18:04:49,2020-04-30 01:00:00,,GR,Graubünden/Grigioni,01,46.656248,9.628198,815,815,-2,21,6,411.82,22.739,,0,45,6,0.0,0.0,,,,,,1,0,https://services1.arcgis.com/YAuo6vcW85VPu7OE/arcgis/rest/services/Fallzahlen_Total_Kanton/FeatureServer/0/query?where=1%3D1&objectIds=&time=&resultType=none&outFields=*&returnHiddenFields=false&returnIdsOnly=false&returnUniqueIdsOnly=false&returnCountOnly=false&returnDistinctValues=false&cacheHint=false&orderByFields=Eingangs_Datum&groupByFieldsForStatistics=&outStatistics=&having=&resultOffset=&resultRecordCount=&sqlFormat=standard&f=pjson,312.105565,154.218757
1493,2020-07-20 18:04:49,2020-05-01 01:00:00,,GR,Graubünden/Grigioni,01,46.656248,9.628198,816,816,0,21,6,412.33,22.739,,0,45,6,0.0,0.0,,,,,,1,0,https://services1.arcgis.com/YAuo6vcW85VPu7OE/arcgis/rest/services/Fallzahlen_Total_Kanton/FeatureServer/0/query?where=1%3D1&objectIds=&time=&resultType=none&outFields=*&returnHiddenFields=false&returnIdsOnly=false&returnUniqueIdsOnly=false&returnCountOnly=false&returnDistinctValues=false&cacheHint=false&orderByFields=Eingangs_Datum&groupByFieldsForStatistics=&outStatistics=&having=&resultOffset=&resultRecordCount=&sqlFormat=standard&f=pjson,312.490651,154.218757
1519,2020-07-20 18:04:49,2020-05-02 01:00:00,,GR,Graubünden/Grigioni,01,46.656248,9.628198,816,816,-2,19,6,412.33,22.739,,0,45,6,0.0,0.0,,,,,,0,0,https://services1.arcgis.com/YAuo6vcW85VPu7OE/arcgis/rest/services/Fallzahlen_Total_Kanton/FeatureServer/0/query?where=1%3D1&objectIds=&time=&resultType=none&outFields=*&returnHiddenFields=false&returnIdsOnly=false&returnUniqueIdsOnly=false&returnCountOnly=false&returnDistinctValues=false&cacheHint=false&orderByFields=Eingangs_Datum&groupByFieldsForStatistics=&outStatistics=&having=&resultOffset=&resultRecordCount=&sqlFormat=standard&f=pjson,402.270429,
1543,2020-07-20 18:04:49,2020-05-03 01:00:00,,GR,Graubünden/Grigioni,01,46.656248,9.628198,816,816,-1,18,6,412.33,22.739,,0,45,6,0.0,0.0,,,,,,0,0,https://services1.arcgis.com/YAuo6vcW85VPu7OE/arcgis/rest/services/Fallzahlen_Total_Kanton/FeatureServer/0/query?where=1%3D1&objectIds=&time=&resultType=none&outFields=*&returnHiddenFields=false&returnIdsOnly=false&returnUniqueIdsOnly=false&returnCountOnly=false&returnDistinctValues=false&cacheHint=false&orderByFields=Eingangs_Datum&groupByFieldsForStatistics=&outStatistics=&having=&resultOffset=&resultRecordCount=&sqlFormat=standard&f=pjson,1412.286672,
1568,2020-07-20 18:04:49,2020-05-04 01:00:00,,GR,Graubünden/Grigioni,01,46.656248,9.628198,817,817,-2,16,5,412.83,22.739,,0,45,5,0.0,0.0,,,,,,1,0,https://services1.arcgis.com/YAuo6vcW85VPu7OE/arcgis/rest/services/Fallzahlen_Total_Kanton/FeatureServer/0/query?where=1%3D1&objectIds=&time=&resultType=none&outFields=*&returnHiddenFields=false&returnIdsOnly=false&returnUniqueIdsOnly=false&returnCountOnly=false&returnDistinctValues=false&cacheHint=false&orderByFields=Eingangs_Datum&groupByFieldsForStatistics=&outStatistics=&having=&resultOffset=&resultRecordCount=&sqlFormat=standard&f=pjson,942.10148,
1595,2020-07-20 18:04:49,2020-05-05 01:00:00,,GR,Graubünden/Grigioni,01,46.656248,9.628198,817,817,2,18,5,412.83,22.739,,0,45,5,0.0,0.0,,,,,,0,0,https://services1.arcgis.com/YAuo6vcW85VPu7OE/arcgis/rest/services/Fallzahlen_Total_Kanton/FeatureServer/0/query?where=1%3D1&objectIds=&time=&resultType=none&outFields=*&returnHiddenFields=false&returnIdsOnly=false&returnUniqueIdsOnly=false&returnCountOnly=false&returnDistinctValues=false&cacheHint=false&orderByFields=Eingangs_Datum&groupByFieldsForStatistics=&outStatistics=&having=&resultOffset=&resultRecordCount=&sqlFormat=standard&f=pjson,1414.01954,
1622,2020-07-20 18:04:49,2020-05-06 01:00:00,,GR,Graubünden/Grigioni,01,46.656248,9.628198,819,819,2,20,6,413.85,22.739,,0,45,5,0.0,0.0,,,,,,2,0,https://services1.arcgis.com/YAuo6vcW85VPu7OE/arcgis/rest/services/Fallzahlen_Total_Kanton/FeatureServer/0/query?where=1%3D1&objectIds=&time=&resultType=none&outFields=*&returnHiddenFields=false&returnIdsOnly=false&returnUniqueIdsOnly=false&returnCountOnly=false&returnDistinctValues=false&cacheHint=false&orderByFields=Eingangs_Datum&groupByFieldsForStatistics=&outStatistics=&having=&resultOffset=&resultRecordCount=&sqlFormat=standard&f=pjson,944.411974,
1648,2020-07-20 18:04:49,2020-05-07 01:00:00,,GR,Graubünden/Grigioni,01,46.656248,9.628198,820,820,-6,14,6,414.35,23.244,,0,46,5,0.0,0.0,,,,,,1,1,https://services1.arcgis.com/YAuo6vcW85VPu7OE/arcgis/rest/services/Fallzahlen_Total_Kanton/FeatureServer/0/query?where=1%3D1&objectIds=&time=&resultType=none&outFields=*&returnHiddenFields=false&returnIdsOnly=false&returnUniqueIdsOnly=false&returnCountOnly=false&returnDistinctValues=false&cacheHint=false&orderByFields=Eingangs_Datum&groupByFieldsForStatistics=&outStatistics=&having=&resultOffset=&resultRecordCount=&sqlFormat=standard&f=pjson,708.74158,157.684636
1674,2020-07-20 18:04:49,2020-05-08 01:00:00,,GR,Graubünden/Grigioni,01,46.656248,9.628198,820,820,-1,13,6,414.35,23.244,,0,46,5,0.0,0.0,,,,,,0,0,https://services1.arcgis.com/YAuo6vcW85VPu7OE/arcgis/rest/services/Fallzahlen_Total_Kanton/FeatureServer/0/query?where=1%3D1&objectIds=&time=&resultType=none&outFields=*&returnHiddenFields=false&returnIdsOnly=false&returnUniqueIdsOnly=false&returnCountOnly=false&returnDistinctValues=false&cacheHint=false&orderByFields=Eingangs_Datum&groupByFieldsForStatistics=&outStatistics=&having=&resultOffset=&resultRecordCount=&sqlFormat=standard&f=pjson,708.74158,157.684636
1700,2020-07-20 18:04:49,2020-05-09 01:00:00,,GR,Graubünden/Grigioni,01,46.656248,9.628198,820,820,0,13,6,414.35,23.244,,0,46,5,0.0,0.0,,,,,,0,0,https://services1.arcgis.com/YAuo6vcW85VPu7OE/arcgis/rest/services/Fallzahlen_Total_Kanton/FeatureServer/0/query?where=1%3D1&objectIds=&time=&resultType=none&outFields=*&returnHiddenFields=false&returnIdsOnly=false&returnUniqueIdsOnly=false&returnCountOnly=false&returnDistinctValues=false&cacheHint=false&orderByFields=Eingangs_Datum&groupByFieldsForStatistics=&outStatistics=&having=&resultOffset=&resultRecordCount=&sqlFormat=standard&f=pjson,945.56722,157.684636
1722,2020-07-20 18:04:49,2020-05-10 01:00:00,,GR,Graubünden/Grigioni,01,46.656248,9.628198,820,820,-2,11,5,414.35,23.749,,0,47,5,0.0,0.0,,,,,,0,1,https://services1.arcgis.com/YAuo6vcW85VPu7OE/arcgis/rest/services/Fallzahlen_Total_Kanton/FeatureServer/0/query?where=1%3D1&objectIds=&time=&resultType=none&outFields=*&returnHiddenFields=false&returnIdsOnly=false&returnUniqueIdsOnly=false&returnCountOnly=false&returnDistinctValues=false&cacheHint=false&orderByFields=Eingangs_Datum&groupByFieldsForStatistics=&outStatistics=&having=&resultOffset=&resultRecordCount=&sqlFormat=standard&f=pjson,945.56722,79.699367
1745,2020-07-20 18:04:49,2020-05-11 01:00:00,,GR,Graubünden/Grigioni,01,46.656248,9.628198,821,821,1,12,5,414.86,23.749,,0,47,5,0.0,0.0,,,,,,1,0,https://services1.arcgis.com/YAuo6vcW85VPu7OE/arcgis/rest/services/Fallzahlen_Total_Kanton/FeatureServer/0/query?where=1%3D1&objectIds=&time=&resultType=none&outFields=*&returnHiddenFields=false&returnIdsOnly=false&returnUniqueIdsOnly=false&returnCountOnly=false&returnDistinctValues=false&cacheHint=false&orderByFields=Eingangs_Datum&groupByFieldsForStatistics=&outStatistics=&having=&resultOffset=&resultRecordCount=&sqlFormat=standard&f=pjson,1420.951016,79.699367
1772,2020-07-20 18:04:49,2020-05-12 01:00:00,,GR,Graubünden/Grigioni,01,46.656248,9.628198,823,823,0,12,5,415.87,23.749,,0,47,5,0.0,0.0,,,,,,2,0,https://services1.arcgis.com/YAuo6vcW85VPu7OE/arcgis/rest/services/Fallzahlen_Total_Kanton/FeatureServer/0/query?where=1%3D1&objectIds=&time=&resultType=none&outFields=*&returnHiddenFields=false&returnIdsOnly=false&returnUniqueIdsOnly=false&returnCountOnly=false&returnDistinctValues=false&cacheHint=false&orderByFields=Eingangs_Datum&groupByFieldsForStatistics=&outStatistics=&having=&resultOffset=&resultRecordCount=&sqlFormat=standard&f=pjson,949.03296,161.150508
1797,2020-07-20 18:04:49,2020-05-13 01:00:00,,GR,Graubünden/Grigioni,01,46.656248,9.628198,823,823,-1,11,5,415.87,23.749,,0,47,5,1.0,3.0,,,,,,0,0,https://services1.arcgis.com/YAuo6vcW85VPu7OE/arcgis/rest/services/Fallzahlen_Total_Kanton/FeatureServer/0/query?where=1%3D1&objectIds=&time=&resultType=none&outFields=*&returnHiddenFields=false&returnIdsOnly=false&returnUniqueIdsOnly=false&returnCountOnly=false&returnDistinctValues=false&cacheHint=false&orderByFields=Eingangs_Datum&groupByFieldsForStatistics=&outStatistics=&having=&resultOffset=&resultRecordCount=&sqlFormat=standard&f=pjson,949.03296,161.150508
1823,2020-07-20 18:04:49,2020-05-14 01:00:00,,GR,Graubünden/Grigioni,01,46.656248,9.628198,823,823,0,11,5,415.87,24.255,,0,48,5,2.0,4.0,,,,,,0,1,https://services1.arcgis.com/YAuo6vcW85VPu7OE/arcgis/rest/services/Fallzahlen_Total_Kanton/FeatureServer/0/query?where=1%3D1&objectIds=&time=&resultType=none&outFields=*&returnHiddenFields=false&returnIdsOnly=false&returnUniqueIdsOnly=false&returnCountOnly=false&returnDistinctValues=false&cacheHint=false&orderByFields=Eingangs_Datum&groupByFieldsForStatistics=&outStatistics=&having=&resultOffset=&resultRecordCount=&sqlFormat=standard&f=pjson,949.03296,81.432502
1849,2020-07-20 18:04:49,2020-05-15 01:00:00,,GR,Graubünden/Grigioni,01,46.656248,9.628198,823,823,-2,9,4,415.87,24.255,,0,48,4,2.0,4.0,,,,,,0,0,https://services1.arcgis.com/YAuo6vcW85VPu7OE/arcgis/rest/services/Fallzahlen_Total_Kanton/FeatureServer/0/query?where=1%3D1&objectIds=&time=&resultType=none&outFields=*&returnHiddenFields=false&returnIdsOnly=false&returnUniqueIdsOnly=false&returnCountOnly=false&returnDistinctValues=false&cacheHint=false&orderByFields=Eingangs_Datum&groupByFieldsForStatistics=&outStatistics=&having=&resultOffset=&resultRecordCount=&sqlFormat=standard&f=pjson,949.03296,164.616375
1872,2020-07-20 18:04:49,2020-05-16 01:00:00,,GR,Graubünden/Grigioni,01,46.656248,9.628198,823,823,0,9,4,415.87,24.255,,0,48,4,1.0,4.0,,,,,,0,0,https://services1.arcgis.com/YAuo6vcW85VPu7OE/arcgis/rest/services/Fallzahlen_Total_Kanton/FeatureServer/0/query?where=1%3D1&objectIds=&time=&resultType=none&outFields=*&returnHiddenFields=false&returnIdsOnly=false&returnUniqueIdsOnly=false&returnCountOnly=false&returnDistinctValues=false&cacheHint=false&orderByFields=Eingangs_Datum&groupByFieldsForStatistics=&outStatistics=&having=&resultOffset=&resultRecordCount=&sqlFormat=standard&f=pjson,1424.416753,164.616375
1892,2020-07-20 18:04:49,2020-05-17 01:00:00,,GR,Graubünden/Grigioni,01,46.656248,9.628198,823,823,-2,7,3,415.87,24.76,,0,49,3,1.0,4.0,,,,,,0,1,https://services1.arcgis.com/YAuo6vcW85VPu7OE/arcgis/rest/services/Fallzahlen_Total_Kanton/FeatureServer/0/query?where=1%3D1&objectIds=&time=&resultType=none&outFields=*&returnHiddenFields=false&returnIdsOnly=false&returnUniqueIdsOnly=false&returnCountOnly=false&returnDistinctValues=false&cacheHint=false&orderByFields=Eingangs_Datum&groupByFieldsForStatistics=&outStatistics=&having=&resultOffset=&resultRecordCount=&sqlFormat=standard&f=pjson,,83.165626
1915,2020-07-20 18:04:49,2020-05-18 01:00:00,,GR,Graubünden/Grigioni,01,46.656248,9.628198,824,824,-3,4,2,416.37,24.76,,0,49,2,2.0,5.0,,,,,,1,0,https://services1.arcgis.com/YAuo6vcW85VPu7OE/arcgis/rest/services/Fallzahlen_Total_Kanton/FeatureServer/0/query?where=1%3D1&objectIds=&time=&resultType=none&outFields=*&returnHiddenFields=false&returnIdsOnly=false&returnUniqueIdsOnly=false&returnCountOnly=false&returnDistinctValues=false&cacheHint=false&orderByFields=Eingangs_Datum&groupByFieldsForStatistics=&outStatistics=&having=&resultOffset=&resultRecordCount=&sqlFormat=standard&f=pjson,2854.033165,83.165626
1940,2020-07-20 18:04:49,2020-05-19 01:00:00,,GR,Graubünden/Grigioni,01,46.656248,9.628198,825,825,0,4,2,416.88,24.76,,0,49,2,2.0,5.0,,,,,,1,0,https://services1.arcgis.com/YAuo6vcW85VPu7OE/arcgis/rest/services/Fallzahlen_Total_Kanton/FeatureServer/0/query?where=1%3D1&objectIds=&time=&resultType=none&outFields=*&returnHiddenFields=false&returnIdsOnly=false&returnUniqueIdsOnly=false&returnCountOnly=false&returnDistinctValues=false&cacheHint=false&orderByFields=Eingangs_Datum&groupByFieldsForStatistics=&outStatistics=&having=&resultOffset=&resultRecordCount=&sqlFormat=standard&f=pjson,1427.882491,168.082236
1967,2020-07-20 18:04:49,2020-05-20 01:00:00,,GR,Graubünden/Grigioni,01,46.656248,9.628198,825,825,0,4,2,416.88,24.76,,0,49,2,2.0,5.0,,,,,,0,0,https://services1.arcgis.com/YAuo6vcW85VPu7OE/arcgis/rest/services/Fallzahlen_Total_Kanton/FeatureServer/0/query?where=1%3D1&objectIds=&time=&resultType=none&outFields=*&returnHiddenFields=false&returnIdsOnly=false&returnUniqueIdsOnly=false&returnCountOnly=false&returnDistinctValues=false&cacheHint=false&orderByFields=Eingangs_Datum&groupByFieldsForStatistics=&outStatistics=&having=&resultOffset=&resultRecordCount=&sqlFormat=standard&f=pjson,1427.882491,168.082236
1992,2020-07-20 18:04:49,2020-05-21 01:00:00,,GR,Graubünden/Grigioni,01,46.656248,9.628198,825,825,0,4,2,416.88,24.76,,0,49,2,2.0,4.0,,,,,,0,0,https://services1.arcgis.com/YAuo6vcW85VPu7OE/arcgis/rest/services/Fallzahlen_Total_Kanton/FeatureServer/0/query?where=1%3D1&objectIds=&time=&resultType=none&outFields=*&returnHiddenFields=false&returnIdsOnly=false&returnUniqueIdsOnly=false&returnCountOnly=false&returnDistinctValues=false&cacheHint=false&orderByFields=Eingangs_Datum&groupByFieldsForStatistics=&outStatistics=&having=&resultOffset=&resultRecordCount=&sqlFormat=standard&f=pjson,1427.882491,168.082236
2015,2020-07-20 18:04:49,2020-05-22 01:00:00,,GR,Graubünden/Grigioni,01,46.656248,9.628198,826,826,0,4,2,417.38,24.76,,0,49,2,3.0,3.0,,,,,,1,0,https://services1.arcgis.com/YAuo6vcW85VPu7OE/arcgis/rest/services/Fallzahlen_Total_Kanton/FeatureServer/0/query?where=1%3D1&objectIds=&time=&resultType=none&outFields=*&returnHiddenFields=false&returnIdsOnly=false&returnUniqueIdsOnly=false&returnCountOnly=false&returnDistinctValues=false&cacheHint=false&orderByFields=Eingangs_Datum&groupByFieldsForStatistics=&outStatistics=&having=&resultOffset=&resultRecordCount=&sqlFormat=standard&f=pjson,952.4987,
2035,2020-07-20 18:04:49,2020-05-23 01:00:00,,GR,Graubünden/Grigioni,01,46.656248,9.628198,826,826,0,4,2,417.38,24.76,,0,49,2,3.0,2.0,,,,,,0,0,https://services1.arcgis.com/YAuo6vcW85VPu7OE/arcgis/rest/services/Fallzahlen_Total_Kanton/FeatureServer/0/query?where=1%3D1&objectIds=&time=&resultType=none&outFields=*&returnHiddenFields=false&returnIdsOnly=false&returnUniqueIdsOnly=false&returnCountOnly=false&returnDistinctValues=false&cacheHint=false&orderByFields=Eingangs_Datum&groupByFieldsForStatistics=&outStatistics=&having=&resultOffset=&resultRecordCount=&sqlFormat=standard&f=pjson,1429.61536,
2055,2020-07-20 18:04:49,2020-05-24 01:00:00,,GR,Graubünden/Grigioni,01,46.656248,9.628198,826,826,0,4,2,417.38,24.76,,0,49,2,2.0,0.0,,,,,,0,0,https://services1.arcgis.com/YAuo6vcW85VPu7OE/arcgis/rest/services/Fallzahlen_Total_Kanton/FeatureServer/0/query?where=1%3D1&objectIds=&time=&resultType=none&outFields=*&returnHiddenFields=false&returnIdsOnly=false&returnUniqueIdsOnly=false&returnCountOnly=false&returnDistinctValues=false&cacheHint=false&orderByFields=Eingangs_Datum&groupByFieldsForStatistics=&outStatistics=&having=&resultOffset=&resultRecordCount=&sqlFormat=standard&f=pjson,2860.964638,
2078,2020-07-20 18:04:49,2020-05-25 01:00:00,,GR,Graubünden/Grigioni,01,46.656248,9.628198,827,827,1,5,2,417.89,24.76,,0,49,2,2.0,2.0,,,,,,1,0,https://services1.arcgis.com/YAuo6vcW85VPu7OE/arcgis/rest/services/Fallzahlen_Total_Kanton/FeatureServer/0/query?where=1%3D1&objectIds=&time=&resultType=none&outFields=*&returnHiddenFields=false&returnIdsOnly=false&returnUniqueIdsOnly=false&returnCountOnly=false&returnDistinctValues=false&cacheHint=false&orderByFields=Eingangs_Datum&groupByFieldsForStatistics=&outStatistics=&having=&resultOffset=&resultRecordCount=&sqlFormat=standard&f=pjson,1431.348229,
2103,2020-07-20 18:04:49,2020-05-26 01:00:00,,GR,Graubünden/Grigioni,01,46.656248,9.628198,827,827,-1,4,2,417.89,24.76,,0,49,2,2.0,2.0,,,,,,0,0,https://services1.arcgis.com/YAuo6vcW85VPu7OE/arcgis/rest/services/Fallzahlen_Total_Kanton/FeatureServer/0/query?where=1%3D1&objectIds=&time=&resultType=none&outFields=*&returnHiddenFields=false&returnIdsOnly=false&returnUniqueIdsOnly=false&returnCountOnly=false&returnDistinctValues=false&cacheHint=false&orderByFields=Eingangs_Datum&groupByFieldsForStatistics=&outStatistics=&having=&resultOffset=&resultRecordCount=&sqlFormat=standard&f=pjson,1431.348229,
2130,2020-07-20 18:04:49,2020-05-27 01:00:00,,GR,Graubünden/Grigioni,01,46.656248,9.628198,827,827,0,4,2,417.89,24.76,,0,49,2,2.0,9.0,,,,,,0,0,https://services1.arcgis.com/YAuo6vcW85VPu7OE/arcgis/rest/services/Fallzahlen_Total_Kanton/FeatureServer/0/query?where=1%3D1&objectIds=&time=&resultType=none&outFields=*&returnHiddenFields=false&returnIdsOnly=false&returnUniqueIdsOnly=false&returnCountOnly=false&returnDistinctValues=false&cacheHint=false&orderByFields=Eingangs_Datum&groupByFieldsForStatistics=&outStatistics=&having=&resultOffset=&resultRecordCount=&sqlFormat=standard&f=pjson,2864.430374,
2156,2020-07-20 18:04:49,2020-05-28 01:00:00,,GR,Graubünden/Grigioni,01,46.656248,9.628198,827,827,-2,2,1,417.89,24.76,,0,49,1,2.0,9.0,,,,,,0,0,https://services1.arcgis.com/YAuo6vcW85VPu7OE/arcgis/rest/services/Fallzahlen_Total_Kanton/FeatureServer/0/query?where=1%3D1&objectIds=&time=&resultType=none&outFields=*&returnHiddenFields=false&returnIdsOnly=false&returnUniqueIdsOnly=false&returnCountOnly=false&returnDistinctValues=false&cacheHint=false&orderByFields=Eingangs_Datum&groupByFieldsForStatistics=&outStatistics=&having=&resultOffset=&resultRecordCount=&sqlFormat=standard&f=pjson,2864.430374,
2182,2020-07-20 18:04:49,2020-05-29 01:00:00,,GR,Graubünden/Grigioni,01,46.656248,9.628198,827,827,0,2,1,417.89,24.76,,0,49,1,2.0,9.0,,,,,,0,0,https://services1.arcgis.com/YAuo6vcW85VPu7OE/arcgis/rest/services/Fallzahlen_Total_Kanton/FeatureServer/0/query?where=1%3D1&objectIds=&time=&resultType=none&outFields=*&returnHiddenFields=false&returnIdsOnly=false&returnUniqueIdsOnly=false&returnCountOnly=false&returnDistinctValues=false&cacheHint=false&orderByFields=Eingangs_Datum&groupByFieldsForStatistics=&outStatistics=&having=&resultOffset=&resultRecordCount=&sqlFormat=standard&f=pjson,2864.430374,
2205,2020-07-20 18:04:49,2020-05-30 01:00:00,,GR,Graubünden/Grigioni,01,46.656248,9.628198,827,827,0,2,1,417.89,24.76,,0,49,1,2.0,9.0,,,,,,0,0,https://services1.arcgis.com/YAuo6vcW85VPu7OE/arcgis/rest/services/Fallzahlen_Total_Kanton/FeatureServer/0/query?where=1%3D1&objectIds=&time=&resultType=none&outFields=*&returnHiddenFields=false&returnIdsOnly=false&returnUniqueIdsOnly=false&returnCountOnly=false&returnDistinctValues=false&cacheHint=false&orderByFields=Eingangs_Datum&groupByFieldsForStatistics=&outStatistics=&having=&resultOffset=&resultRecordCount=&sqlFormat=standard&f=pjson,,
2224,2020-07-20 18:04:49,2020-05-31 01:00:00,,GR,Graubünden/Grigioni,01,46.656248,9.628198,827,827,0,2,1,417.89,24.76,,0,49,1,2.0,9.0,,,,,,0,0,https://services1.arcgis.com/YAuo6vcW85VPu7OE/arcgis/rest/services/Fallzahlen_Total_Kanton/FeatureServer/0/query?where=1%3D1&objectIds=&time=&resultType=none&outFields=*&returnHiddenFields=false&returnIdsOnly=false&returnUniqueIdsOnly=false&returnCountOnly=false&returnDistinctValues=false&cacheHint=false&orderByFields=Eingangs_Datum&groupByFieldsForStatistics=&outStatistics=&having=&resultOffset=&resultRecordCount=&sqlFormat=standard&f=pjson,,
2244,2020-07-20 18:04:49,2020-06-01 01:00:00,,GR,Graubünden/Grigioni,01,46.656248,9.628198,827,827,0,2,1,417.89,24.76,,0,49,1,0.0,7.0,,,,,,0,0,https://services1.arcgis.com/YAuo6vcW85VPu7OE/arcgis/rest/services/Fallzahlen_Total_Kanton/FeatureServer/0/query?where=1%3D1&objectIds=&time=&resultType=none&outFields=*&returnHiddenFields=false&returnIdsOnly=false&returnUniqueIdsOnly=false&returnCountOnly=false&returnDistinctValues=false&cacheHint=false&orderByFields=Eingangs_Datum&groupByFieldsForStatistics=&outStatistics=&having=&resultOffset=&resultRecordCount=&sqlFormat=standard&f=pjson,,
2266,2020-07-20 18:04:49,2020-06-02 01:00:00,,GR,Graubünden/Grigioni,01,46.656248,9.628198,828,828,0,2,1,418.39,24.76,,0,49,1,0.0,6.0,,,,,,1,0,https://services1.arcgis.com/YAuo6vcW85VPu7OE/arcgis/rest/services/Fallzahlen_Total_Kanton/FeatureServer/0/query?where=1%3D1&objectIds=&time=&resultType=none&outFields=*&returnHiddenFields=false&returnIdsOnly=false&returnUniqueIdsOnly=false&returnCountOnly=false&returnDistinctValues=false&cacheHint=false&orderByFields=Eingangs_Datum&groupByFieldsForStatistics=&outStatistics=&having=&resultOffset=&resultRecordCount=&sqlFormat=standard&f=pjson,2867.896111,
2292,2020-07-20 18:04:49,2020-06-03 01:00:00,,GR,Graubünden/Grigioni,01,46.656248,9.628198,828,828,0,2,1,418.39,24.76,,0,49,1,1.0,18.0,,,,,,0,0,https://services1.arcgis.com/YAuo6vcW85VPu7OE/arcgis/rest/services/Fallzahlen_Total_Kanton/FeatureServer/0/query?where=1%3D1&objectIds=&time=&resultType=none&outFields=*&returnHiddenFields=false&returnIdsOnly=false&returnUniqueIdsOnly=false&returnCountOnly=false&returnDistinctValues=false&cacheHint=false&orderByFields=Eingangs_Datum&groupByFieldsForStatistics=&outStatistics=&having=&resultOffset=&resultRecordCount=&sqlFormat=standard&f=pjson,2867.896111,
2317,2020-07-20 18:04:49,2020-06-04 01:00:00,,GR,Graubünden/Grigioni,01,46.656248,9.628198,828,828,0,2,1,418.39,24.76,,0,49,1,1.0,18.0,,,,,,0,0,https://services1.arcgis.com/YAuo6vcW85VPu7OE/arcgis/rest/services/Fallzahlen_Total_Kanton/FeatureServer/0/query?where=1%3D1&objectIds=&time=&resultType=none&outFields=*&returnHiddenFields=false&returnIdsOnly=false&returnUniqueIdsOnly=false&returnCountOnly=false&returnDistinctValues=false&cacheHint=false&orderByFields=Eingangs_Datum&groupByFieldsForStatistics=&outStatistics=&having=&resultOffset=&resultRecordCount=&sqlFormat=standard&f=pjson,2867.896111,
2341,2020-07-20 18:04:49,2020-06-05 01:00:00,,GR,Graubünden/Grigioni,01,46.656248,9.628198,828,828,0,2,1,418.39,24.76,,0,49,1,1.0,11.0,,,,,,0,0,https://services1.arcgis.com/YAuo6vcW85VPu7OE/arcgis/rest/services/Fallzahlen_Total_Kanton/FeatureServer/0/query?where=1%3D1&objectIds=&time=&resultType=none&outFields=*&returnHiddenFields=false&returnIdsOnly=false&returnUniqueIdsOnly=false&returnCountOnly=false&returnDistinctValues=false&cacheHint=false&orderByFields=Eingangs_Datum&groupByFieldsForStatistics=&outStatistics=&having=&resultOffset=&resultRecordCount=&sqlFormat=standard&f=pjson,2867.896111,
2362,2020-07-20 18:04:49,2020-06-06 01:00:00,,GR,Graubünden/Grigioni,01,46.656248,9.628198,828,828,0,2,1,418.39,24.76,,0,49,1,1.0,11.0,,,,,,0,0,https://services1.arcgis.com/YAuo6vcW85VPu7OE/arcgis/rest/services/Fallzahlen_Total_Kanton/FeatureServer/0/query?where=1%3D1&objectIds=&time=&resultType=none&outFields=*&returnHiddenFields=false&returnIdsOnly=false&returnUniqueIdsOnly=false&returnCountOnly=false&returnDistinctValues=false&cacheHint=false&orderByFields=Eingangs_Datum&groupByFieldsForStatistics=&outStatistics=&having=&resultOffset=&resultRecordCount=&sqlFormat=standard&f=pjson,2867.896111,
2380,2020-07-20 18:04:49,2020-06-07 01:00:00,,GR,Graubünden/Grigioni,01,46.656248,9.628198,828,828,-1,1,1,418.39,24.76,,0,49,1,1.0,11.0,,,,,,0,0,https://services1.arcgis.com/YAuo6vcW85VPu7OE/arcgis/rest/services/Fallzahlen_Total_Kanton/FeatureServer/0/query?where=1%3D1&objectIds=&time=&resultType=none&outFields=*&returnHiddenFields=false&returnIdsOnly=false&returnUniqueIdsOnly=false&returnCountOnly=false&returnDistinctValues=false&cacheHint=false&orderByFields=Eingangs_Datum&groupByFieldsForStatistics=&outStatistics=&having=&resultOffset=&resultRecordCount=&sqlFormat=standard&f=pjson,,
2402,2020-07-20 18:04:49,2020-06-08 01:00:00,,GR,Graubünden/Grigioni,01,46.656248,9.628198,828,828,-1,0,0,418.39,25.265,,0,50,0,1.0,9.0,,,,,,0,1,https://services1.arcgis.com/YAuo6vcW85VPu7OE/arcgis/rest/services/Fallzahlen_Total_Kanton/FeatureServer/0/query?where=1%3D1&objectIds=&time=&resultType=none&outFields=*&returnHiddenFields=false&returnIdsOnly=false&returnUniqueIdsOnly=false&returnCountOnly=false&returnDistinctValues=false&cacheHint=false&orderByFields=Eingangs_Datum&groupByFieldsForStatistics=&outStatistics=&having=&resultOffset=&resultRecordCount=&sqlFormat=standard&f=pjson,,171.548092
2427,2020-07-20 18:04:49,2020-06-09 01:00:00,,GR,Graubünden/Grigioni,01,46.656248,9.628198,828,828,0,0,0,418.39,25.265,,0,50,0,1.0,9.0,,,,,,0,0,https://services1.arcgis.com/YAuo6vcW85VPu7OE/arcgis/rest/services/Fallzahlen_Total_Kanton/FeatureServer/0/query?where=1%3D1&objectIds=&time=&resultType=none&outFields=*&returnHiddenFields=false&returnIdsOnly=false&returnUniqueIdsOnly=false&returnCountOnly=false&returnDistinctValues=false&cacheHint=false&orderByFields=Eingangs_Datum&groupByFieldsForStatistics=&outStatistics=&having=&resultOffset=&resultRecordCount=&sqlFormat=standard&f=pjson,,171.548092
2451,2020-07-20 18:04:49,2020-06-10 01:00:00,,GR,Graubünden/Grigioni,01,46.656248,9.628198,829,829,0,0,0,418.9,25.265,,0,50,0,1.0,9.0,,,,,,1,0,https://services1.arcgis.com/YAuo6vcW85VPu7OE/arcgis/rest/services/Fallzahlen_Total_Kanton/FeatureServer/0/query?where=1%3D1&objectIds=&time=&resultType=none&outFields=*&returnHiddenFields=false&returnIdsOnly=false&returnUniqueIdsOnly=false&returnCountOnly=false&returnDistinctValues=false&cacheHint=false&orderByFields=Eingangs_Datum&groupByFieldsForStatistics=&outStatistics=&having=&resultOffset=&resultRecordCount=&sqlFormat=standard&f=pjson,2871.361847,171.548092
2474,2020-07-20 18:04:49,2020-06-11 01:00:00,,GR,Graubünden/Grigioni,01,46.656248,9.628198,829,829,1,1,0,418.9,25.265,,0,50,0,2.0,1.0,,,,,,0,0,https://services1.arcgis.com/YAuo6vcW85VPu7OE/arcgis/rest/services/Fallzahlen_Total_Kanton/FeatureServer/0/query?where=1%3D1&objectIds=&time=&resultType=none&outFields=*&returnHiddenFields=false&returnIdsOnly=false&returnUniqueIdsOnly=false&returnCountOnly=false&returnDistinctValues=false&cacheHint=false&orderByFields=Eingangs_Datum&groupByFieldsForStatistics=&outStatistics=&having=&resultOffset=&resultRecordCount=&sqlFormat=standard&f=pjson,2871.361847,171.548092
2496,2020-07-20 18:04:49,2020-06-12 01:00:00,,GR,Graubünden/Grigioni,01,46.656248,9.628198,829,829,0,1,0,418.9,25.265,,0,50,0,2.0,6.0,,,,,,0,0,https://services1.arcgis.com/YAuo6vcW85VPu7OE/arcgis/rest/services/Fallzahlen_Total_Kanton/FeatureServer/0/query?where=1%3D1&objectIds=&time=&resultType=none&outFields=*&returnHiddenFields=false&returnIdsOnly=false&returnUniqueIdsOnly=false&returnCountOnly=false&returnDistinctValues=false&cacheHint=false&orderByFields=Eingangs_Datum&groupByFieldsForStatistics=&outStatistics=&having=&resultOffset=&resultRecordCount=&sqlFormat=standard&f=pjson,2871.361847,171.548092
2515,2020-07-20 18:04:49,2020-06-13 01:00:00,,GR,Graubünden/Grigioni,01,46.656248,9.628198,829,829,0,1,0,418.9,25.265,,0,50,0,2.0,6.0,,,,,,0,0,https://services1.arcgis.com/YAuo6vcW85VPu7OE/arcgis/rest/services/Fallzahlen_Total_Kanton/FeatureServer/0/query?where=1%3D1&objectIds=&time=&resultType=none&outFields=*&returnHiddenFields=false&returnIdsOnly=false&returnUniqueIdsOnly=false&returnCountOnly=false&returnDistinctValues=false&cacheHint=false&orderByFields=Eingangs_Datum&groupByFieldsForStatistics=&outStatistics=&having=&resultOffset=&resultRecordCount=&sqlFormat=standard&f=pjson,2871.361847,
2534,2020-07-20 18:04:49,2020-06-14 01:00:00,,GR,Graubünden/Grigioni,01,46.656248,9.628198,829,829,0,1,0,418.9,25.265,,0,50,0,2.0,6.0,,,,,,0,0,https://services1.arcgis.com/YAuo6vcW85VPu7OE/arcgis/rest/services/Fallzahlen_Total_Kanton/FeatureServer/0/query?where=1%3D1&objectIds=&time=&resultType=none&outFields=*&returnHiddenFields=false&returnIdsOnly=false&returnUniqueIdsOnly=false&returnCountOnly=false&returnDistinctValues=false&cacheHint=false&orderByFields=Eingangs_Datum&groupByFieldsForStatistics=&outStatistics=&having=&resultOffset=&resultRecordCount=&sqlFormat=standard&f=pjson,2871.361847,
2557,2020-07-20 18:04:49,2020-06-15 01:00:00,,GR,Graubünden/Grigioni,01,46.656248,9.628198,829,829,-1,0,0,418.9,25.265,,0,50,0,1.0,6.0,,,,,,0,0,https://services1.arcgis.com/YAuo6vcW85VPu7OE/arcgis/rest/services/Fallzahlen_Total_Kanton/FeatureServer/0/query?where=1%3D1&objectIds=&time=&resultType=none&outFields=*&returnHiddenFields=false&returnIdsOnly=false&returnUniqueIdsOnly=false&returnCountOnly=false&returnDistinctValues=false&cacheHint=false&orderByFields=Eingangs_Datum&groupByFieldsForStatistics=&outStatistics=&having=&resultOffset=&resultRecordCount=&sqlFormat=standard&f=pjson,,
2581,2020-07-20 18:04:49,2020-06-16 01:00:00,,GR,Graubünden/Grigioni,01,46.656248,9.628198,829,829,0,0,0,418.9,25.265,,0,50,0,1.0,6.0,,,,,,0,0,https://services1.arcgis.com/YAuo6vcW85VPu7OE/arcgis/rest/services/Fallzahlen_Total_Kanton/FeatureServer/0/query?where=1%3D1&objectIds=&time=&resultType=none&outFields=*&returnHiddenFields=false&returnIdsOnly=false&returnUniqueIdsOnly=false&returnCountOnly=false&returnDistinctValues=false&cacheHint=false&orderByFields=Eingangs_Datum&groupByFieldsForStatistics=&outStatistics=&having=&resultOffset=&resultRecordCount=&sqlFormat=standard&f=pjson,,
2605,2020-07-20 18:04:49,2020-06-17 01:00:00,,GR,Graubünden/Grigioni,01,46.656248,9.628198,829,829,0,0,0,418.9,25.265,,0,50,0,1.0,6.0,,,,,,0,0,https://services1.arcgis.com/YAuo6vcW85VPu7OE/arcgis/rest/services/Fallzahlen_Total_Kanton/FeatureServer/0/query?where=1%3D1&objectIds=&time=&resultType=none&outFields=*&returnHiddenFields=false&returnIdsOnly=false&returnUniqueIdsOnly=false&returnCountOnly=false&returnDistinctValues=false&cacheHint=false&orderByFields=Eingangs_Datum&groupByFieldsForStatistics=&outStatistics=&having=&resultOffset=&resultRecordCount=&sqlFormat=standard&f=pjson,,
2629,2020-07-20 18:04:49,2020-06-18 01:00:00,,GR,Graubünden/Grigioni,01,46.656248,9.628198,829,829,0,0,0,418.9,25.265,,0,50,0,1.0,6.0,,,,,,0,0,https://services1.arcgis.com/YAuo6vcW85VPu7OE/arcgis/rest/services/Fallzahlen_Total_Kanton/FeatureServer/0/query?where=1%3D1&objectIds=&time=&resultType=none&outFields=*&returnHiddenFields=false&returnIdsOnly=false&returnUniqueIdsOnly=false&returnCountOnly=false&returnDistinctValues=false&cacheHint=false&orderByFields=Eingangs_Datum&groupByFieldsForStatistics=&outStatistics=&having=&resultOffset=&resultRecordCount=&sqlFormat=standard&f=pjson,,
2654,2020-07-20 18:04:49,2020-06-19 01:00:00,,GR,Graubünden/Grigioni,01,46.656248,9.628198,829,829,0,0,0,418.9,25.265,,0,50,0,1.0,6.0,,,,,,0,0,https://services1.arcgis.com/YAuo6vcW85VPu7OE/arcgis/rest/services/Fallzahlen_Total_Kanton/FeatureServer/0/query?where=1%3D1&objectIds=&time=&resultType=none&outFields=*&returnHiddenFields=false&returnIdsOnly=false&returnUniqueIdsOnly=false&returnCountOnly=false&returnDistinctValues=false&cacheHint=false&orderByFields=Eingangs_Datum&groupByFieldsForStatistics=&outStatistics=&having=&resultOffset=&resultRecordCount=&sqlFormat=standard&f=pjson,,
2675,2020-07-20 18:04:49,2020-06-20 01:00:00,,GR,Graubünden/Grigioni,01,46.656248,9.628198,829,829,0,0,0,418.9,25.265,,0,50,0,1.0,6.0,,,,,,0,0,https://services1.arcgis.com/YAuo6vcW85VPu7OE/arcgis/rest/services/Fallzahlen_Total_Kanton/FeatureServer/0/query?where=1%3D1&objectIds=&time=&resultType=none&outFields=*&returnHiddenFields=false&returnIdsOnly=false&returnUniqueIdsOnly=false&returnCountOnly=false&returnDistinctValues=false&cacheHint=false&orderByFields=Eingangs_Datum&groupByFieldsForStatistics=&outStatistics=&having=&resultOffset=&resultRecordCount=&sqlFormat=standard&f=pjson,,
2694,2020-07-20 18:04:49,2020-06-21 01:00:00,,GR,Graubünden/Grigioni,01,46.656248,9.628198,829,829,0,0,0,418.9,25.265,,0,50,0,1.0,6.0,,,,,,0,0,https://services1.arcgis.com/YAuo6vcW85VPu7OE/arcgis/rest/services/Fallzahlen_Total_Kanton/FeatureServer/0/query?where=1%3D1&objectIds=&time=&resultType=none&outFields=*&returnHiddenFields=false&returnIdsOnly=false&returnUniqueIdsOnly=false&returnCountOnly=false&returnDistinctValues=false&cacheHint=false&orderByFields=Eingangs_Datum&groupByFieldsForStatistics=&outStatistics=&having=&resultOffset=&resultRecordCount=&sqlFormat=standard&f=pjson,,
2716,2020-07-20 18:04:49,2020-06-22 01:00:00,,GR,Graubünden/Grigioni,01,46.656248,9.628198,830,830,1,1,0,419.4,25.265,,0,50,0,0.0,0.0,,,,,,1,0,https://services1.arcgis.com/YAuo6vcW85VPu7OE/arcgis/rest/services/Fallzahlen_Total_Kanton/FeatureServer/0/query?where=1%3D1&objectIds=&time=&resultType=none&outFields=*&returnHiddenFields=false&returnIdsOnly=false&returnUniqueIdsOnly=false&returnCountOnly=false&returnDistinctValues=false&cacheHint=false&orderByFields=Eingangs_Datum&groupByFieldsForStatistics=&outStatistics=&having=&resultOffset=&resultRecordCount=&sqlFormat=standard&f=pjson,2874.827583,
2741,2020-07-20 18:04:49,2020-06-23 01:00:00,,GR,Graubünden/Grigioni,01,46.656248,9.628198,830,830,0,1,0,419.4,25.265,,0,50,0,1.0,13.0,,,,,,0,0,https://services1.arcgis.com/YAuo6vcW85VPu7OE/arcgis/rest/services/Fallzahlen_Total_Kanton/FeatureServer/0/query?where=1%3D1&objectIds=&time=&resultType=none&outFields=*&returnHiddenFields=false&returnIdsOnly=false&returnUniqueIdsOnly=false&returnCountOnly=false&returnDistinctValues=false&cacheHint=false&orderByFields=Eingangs_Datum&groupByFieldsForStatistics=&outStatistics=&having=&resultOffset=&resultRecordCount=&sqlFormat=standard&f=pjson,2874.827583,
2766,2020-07-20 18:04:49,2020-06-24 01:00:00,,GR,Graubünden/Grigioni,01,46.656248,9.628198,830,830,0,1,0,419.4,25.265,,0,50,0,1.0,13.0,,,,,,0,0,https://services1.arcgis.com/YAuo6vcW85VPu7OE/arcgis/rest/services/Fallzahlen_Total_Kanton/FeatureServer/0/query?where=1%3D1&objectIds=&time=&resultType=none&outFields=*&returnHiddenFields=false&returnIdsOnly=false&returnUniqueIdsOnly=false&returnCountOnly=false&returnDistinctValues=false&cacheHint=false&orderByFields=Eingangs_Datum&groupByFieldsForStatistics=&outStatistics=&having=&resultOffset=&resultRecordCount=&sqlFormat=standard&f=pjson,2874.827583,
2791,2020-07-20 18:04:49,2020-06-25 01:00:00,,GR,Graubünden/Grigioni,01,46.656248,9.628198,832,832,-1,0,0,420.41,25.265,,0,50,0,1.0,13.0,,,,,,2,0,https://services1.arcgis.com/YAuo6vcW85VPu7OE/arcgis/rest/services/Fallzahlen_Total_Kanton/FeatureServer/0/query?where=1%3D1&objectIds=&time=&resultType=none&outFields=*&returnHiddenFields=false&returnIdsOnly=false&returnUniqueIdsOnly=false&returnCountOnly=false&returnDistinctValues=false&cacheHint=false&orderByFields=Eingangs_Datum&groupByFieldsForStatistics=&outStatistics=&having=&resultOffset=&resultRecordCount=&sqlFormat=standard&f=pjson,959.430179,
2817,2020-07-20 18:04:49,2020-06-26 01:00:00,,GR,Graubünden/Grigioni,01,46.656248,9.628198,835,835,0,0,0,421.93,25.265,,0,50,0,3.0,27.0,,,,,,3,0,https://services1.arcgis.com/YAuo6vcW85VPu7OE/arcgis/rest/services/Fallzahlen_Total_Kanton/FeatureServer/0/query?where=1%3D1&objectIds=&time=&resultType=none&outFields=*&returnHiddenFields=false&returnIdsOnly=false&returnUniqueIdsOnly=false&returnCountOnly=false&returnDistinctValues=false&cacheHint=false&orderByFields=Eingangs_Datum&groupByFieldsForStatistics=&outStatistics=&having=&resultOffset=&resultRecordCount=&sqlFormat=standard&f=pjson,480.579962,
2840,2020-07-20 18:04:49,2020-06-27 01:00:00,,GR,Graubünden/Grigioni,01,46.656248,9.628198,835,835,0,0,0,421.93,25.265,,0,50,0,5.0,47.0,,,,,,0,0,https://services1.arcgis.com/YAuo6vcW85VPu7OE/arcgis/rest/services/Fallzahlen_Total_Kanton/FeatureServer/0/query?where=1%3D1&objectIds=&time=&resultType=none&outFields=*&returnHiddenFields=false&returnIdsOnly=false&returnUniqueIdsOnly=false&returnCountOnly=false&returnDistinctValues=false&cacheHint=false&orderByFields=Eingangs_Datum&groupByFieldsForStatistics=&outStatistics=&having=&resultOffset=&resultRecordCount=&sqlFormat=standard&f=pjson,577.043293,
2859,2020-07-20 18:04:49,2020-06-28 01:00:00,,GR,Graubünden/Grigioni,01,46.656248,9.628198,835,835,0,0,0,421.93,25.265,,0,50,0,6.0,73.0,,,,,,0,0,https://services1.arcgis.com/YAuo6vcW85VPu7OE/arcgis/rest/services/Fallzahlen_Total_Kanton/FeatureServer/0/query?where=1%3D1&objectIds=&time=&resultType=none&outFields=*&returnHiddenFields=false&returnIdsOnly=false&returnUniqueIdsOnly=false&returnCountOnly=false&returnDistinctValues=false&cacheHint=false&orderByFields=Eingangs_Datum&groupByFieldsForStatistics=&outStatistics=&having=&resultOffset=&resultRecordCount=&sqlFormat=standard&f=pjson,577.043293,
2881,2020-07-20 18:04:49,2020-06-29 01:00:00,,GR,Graubünden/Grigioni,01,46.656248,9.628198,835,835,0,0,0,421.93,25.265,,0,50,0,6.0,77.0,,,,,,0,0,https://services1.arcgis.com/YAuo6vcW85VPu7OE/arcgis/rest/services/Fallzahlen_Total_Kanton/FeatureServer/0/query?where=1%3D1&objectIds=&time=&resultType=none&outFields=*&returnHiddenFields=false&returnIdsOnly=false&returnUniqueIdsOnly=false&returnCountOnly=false&returnDistinctValues=false&cacheHint=false&orderByFields=Eingangs_Datum&groupByFieldsForStatistics=&outStatistics=&having=&resultOffset=&resultRecordCount=&sqlFormat=standard&f=pjson,577.043293,
2907,2020-07-20 18:04:49,2020-06-30 01:00:00,,GR,Graubünden/Grigioni,01,46.656248,9.628198,836,836,0,0,0,422.44,25.265,,0,50,0,7.0,77.0,,,,,,1,0,https://services1.arcgis.com/YAuo6vcW85VPu7OE/arcgis/rest/services/Fallzahlen_Total_Kanton/FeatureServer/0/query?where=1%3D1&objectIds=&time=&resultType=none&outFields=*&returnHiddenFields=false&returnIdsOnly=false&returnUniqueIdsOnly=false&returnCountOnly=false&returnDistinctValues=false&cacheHint=false&orderByFields=Eingangs_Datum&groupByFieldsForStatistics=&outStatistics=&having=&resultOffset=&resultRecordCount=&sqlFormat=standard&f=pjson,722.604551,
2934,2020-07-20 18:04:49,2020-07-01 01:00:00,,GR,Graubünden/Grigioni,01,46.656248,9.628198,836,836,0,0,0,422.44,25.265,,0,50,0,7.0,71.0,,,,,,0,0,https://services1.arcgis.com/YAuo6vcW85VPu7OE/arcgis/rest/services/Fallzahlen_Total_Kanton/FeatureServer/0/query?where=1%3D1&objectIds=&time=&resultType=none&outFields=*&returnHiddenFields=false&returnIdsOnly=false&returnUniqueIdsOnly=false&returnCountOnly=false&returnDistinctValues=false&cacheHint=false&orderByFields=Eingangs_Datum&groupByFieldsForStatistics=&outStatistics=&having=&resultOffset=&resultRecordCount=&sqlFormat=standard&f=pjson,2895.622001,
2960,2020-07-20 18:04:49,2020-07-02 01:00:00,,GR,Graubünden/Grigioni,01,46.656248,9.628198,837,837,0,0,0,422.94,25.265,,0,50,0,7.0,73.0,,,,,,1,0,https://services1.arcgis.com/YAuo6vcW85VPu7OE/arcgis/rest/services/Fallzahlen_Total_Kanton/FeatureServer/0/query?where=1%3D1&objectIds=&time=&resultType=none&outFields=*&returnHiddenFields=false&returnIdsOnly=false&returnUniqueIdsOnly=false&returnCountOnly=false&returnDistinctValues=false&cacheHint=false&orderByFields=Eingangs_Datum&groupByFieldsForStatistics=&outStatistics=&having=&resultOffset=&resultRecordCount=&sqlFormat=standard&f=pjson,1448.676916,
2986,2020-07-20 18:04:49,2020-07-03 01:00:00,,GR,Graubünden/Grigioni,01,46.656248,9.628198,838,838,0,0,0,423.45,25.265,,0,50,0,7.0,66.0,,,,,,1,0,https://services1.arcgis.com/YAuo6vcW85VPu7OE/arcgis/rest/services/Fallzahlen_Total_Kanton/FeatureServer/0/query?where=1%3D1&objectIds=&time=&resultType=none&outFields=*&returnHiddenFields=false&returnIdsOnly=false&returnUniqueIdsOnly=false&returnCountOnly=false&returnDistinctValues=false&cacheHint=false&orderByFields=Eingangs_Datum&groupByFieldsForStatistics=&outStatistics=&having=&resultOffset=&resultRecordCount=&sqlFormat=standard&f=pjson,966.361658,
3008,2020-07-20 18:04:49,2020-07-04 01:00:00,,GR,Graubünden/Grigioni,01,46.656248,9.628198,838,838,0,0,0,423.45,25.265,,0,50,0,7.0,67.0,,,,,,0,0,https://services1.arcgis.com/YAuo6vcW85VPu7OE/arcgis/rest/services/Fallzahlen_Total_Kanton/FeatureServer/0/query?where=1%3D1&objectIds=&time=&resultType=none&outFields=*&returnHiddenFields=false&returnIdsOnly=false&returnUniqueIdsOnly=false&returnCountOnly=false&returnDistinctValues=false&cacheHint=false&orderByFields=Eingangs_Datum&groupByFieldsForStatistics=&outStatistics=&having=&resultOffset=&resultRecordCount=&sqlFormat=standard&f=pjson,966.361658,
3026,2020-07-20 18:04:49,2020-07-05 01:00:00,,GR,Graubünden/Grigioni,01,46.656248,9.628198,839,839,0,0,0,423.95,25.265,,0,50,0,7.0,66.0,,,,,,1,0,https://services1.arcgis.com/YAuo6vcW85VPu7OE/arcgis/rest/services/Fallzahlen_Total_Kanton/FeatureServer/0/query?where=1%3D1&objectIds=&time=&resultType=none&outFields=*&returnHiddenFields=false&returnIdsOnly=false&returnUniqueIdsOnly=false&returnCountOnly=false&returnDistinctValues=false&cacheHint=false&orderByFields=Eingangs_Datum&groupByFieldsForStatistics=&outStatistics=&having=&resultOffset=&resultRecordCount=&sqlFormat=standard&f=pjson,967.516905,
3051,2020-07-20 18:04:49,2020-07-06 01:00:00,,GR,Graubünden/Grigioni,01,46.656248,9.628198,840,840,0,0,0,424.46,25.265,,0,50,0,7.0,28.0,,,,,,1,0,https://services1.arcgis.com/YAuo6vcW85VPu7OE/arcgis/rest/services/Fallzahlen_Total_Kanton/FeatureServer/0/query?where=1%3D1&objectIds=&time=&resultType=none&outFields=*&returnHiddenFields=false&returnIdsOnly=false&returnUniqueIdsOnly=false&returnCountOnly=false&returnDistinctValues=false&cacheHint=false&orderByFields=Eingangs_Datum&groupByFieldsForStatistics=&outStatistics=&having=&resultOffset=&resultRecordCount=&sqlFormat=standard&f=pjson,726.070293,
3076,2020-07-20 18:04:49,2020-07-07 01:00:00,,GR,Graubünden/Grigioni,01,46.656248,9.628198,841,841,0,0,0,424.96,25.265,,0,50,0,5.0,9.0,,,,,,1,0,https://services1.arcgis.com/YAuo6vcW85VPu7OE/arcgis/rest/services/Fallzahlen_Total_Kanton/FeatureServer/0/query?where=1%3D1&objectIds=&time=&resultType=none&outFields=*&returnHiddenFields=false&returnIdsOnly=false&returnUniqueIdsOnly=false&returnCountOnly=false&returnDistinctValues=false&cacheHint=false&orderByFields=Eingangs_Datum&groupByFieldsForStatistics=&outStatistics=&having=&resultOffset=&resultRecordCount=&sqlFormat=standard&f=pjson,726.936729,
3102,2020-07-20 18:04:49,2020-07-08 01:00:00,,GR,Graubünden/Grigioni,01,46.656248,9.628198,843,843,1,1,0,425.97,25.265,,0,50,0,6.0,11.0,,,,,,2,0,https://services1.arcgis.com/YAuo6vcW85VPu7OE/arcgis/rest/services/Fallzahlen_Total_Kanton/FeatureServer/0/query?where=1%3D1&objectIds=&time=&resultType=none&outFields=*&returnHiddenFields=false&returnIdsOnly=false&returnUniqueIdsOnly=false&returnCountOnly=false&returnDistinctValues=false&cacheHint=false&orderByFields=Eingangs_Datum&groupByFieldsForStatistics=&outStatistics=&having=&resultOffset=&resultRecordCount=&sqlFormat=standard&f=pjson,582.588487,
3127,2020-07-20 18:04:49,2020-07-09 01:00:00,,GR,Graubünden/Grigioni,01,46.656248,9.628198,845,845,0,1,0,426.98,25.265,,0,50,0,8.0,89.0,,,,,,2,0,https://services1.arcgis.com/YAuo6vcW85VPu7OE/arcgis/rest/services/Fallzahlen_Total_Kanton/FeatureServer/0/query?where=1%3D1&objectIds=&time=&resultType=none&outFields=*&returnHiddenFields=false&returnIdsOnly=false&returnUniqueIdsOnly=false&returnCountOnly=false&returnDistinctValues=false&cacheHint=false&orderByFields=Eingangs_Datum&groupByFieldsForStatistics=&outStatistics=&having=&resultOffset=&resultRecordCount=&sqlFormat=standard&f=pjson,416.628564,
3154,2020-07-20 18:04:49,2020-07-10 01:00:00,,GR,Graubünden/Grigioni,01,46.656248,9.628198,845,845,0,1,0,426.98,25.265,,0,50,0,7.0,125.0,,,,,,0,0,https://services1.arcgis.com/YAuo6vcW85VPu7OE/arcgis/rest/services/Fallzahlen_Total_Kanton/FeatureServer/0/query?where=1%3D1&objectIds=&time=&resultType=none&outFields=*&returnHiddenFields=false&returnIdsOnly=false&returnUniqueIdsOnly=false&returnCountOnly=false&returnDistinctValues=false&cacheHint=false&orderByFields=Eingangs_Datum&groupByFieldsForStatistics=&outStatistics=&having=&resultOffset=&resultRecordCount=&sqlFormat=standard&f=pjson,486.356214,
3175,2020-07-20 18:04:49,2020-07-11 01:00:00,,GR,Graubünden/Grigioni,01,46.656248,9.628198,846,846,1,2,0,427.49,25.265,,0,50,0,8.0,130.0,,,,,,1,0,https://services1.arcgis.com/YAuo6vcW85VPu7OE/arcgis/rest/services/Fallzahlen_Total_Kanton/FeatureServer/0/query?where=1%3D1&objectIds=&time=&resultType=none&outFields=*&returnHiddenFields=false&returnIdsOnly=false&returnUniqueIdsOnly=false&returnCountOnly=false&returnDistinctValues=false&cacheHint=false&orderByFields=Eingangs_Datum&groupByFieldsForStatistics=&outStatistics=&having=&resultOffset=&resultRecordCount=&sqlFormat=standard&f=pjson,486.933839,
3193,2020-07-20 18:04:49,2020-07-12 01:00:00,,GR,Graubünden/Grigioni,01,46.656248,9.628198,848,848,0,2,0,428.5,25.265,,0,50,0,10.0,136.0,,,,,,2,0,https://services1.arcgis.com/YAuo6vcW85VPu7OE/arcgis/rest/services/Fallzahlen_Total_Kanton/FeatureServer/0/query?where=1%3D1&objectIds=&time=&resultType=none&outFields=*&returnHiddenFields=false&returnIdsOnly=false&returnUniqueIdsOnly=false&returnCountOnly=false&returnDistinctValues=false&cacheHint=false&orderByFields=Eingangs_Datum&groupByFieldsForStatistics=&outStatistics=&having=&resultOffset=&resultRecordCount=&sqlFormat=standard&f=pjson,418.113887,
3214,2020-07-20 18:04:49,2020-07-13 01:00:00,,GR,Graubünden/Grigioni,01,46.656248,9.628198,849,849,1,3,0,429.0,25.265,,0,50,0,11.0,135.0,,,,,,1,0,https://services1.arcgis.com/YAuo6vcW85VPu7OE/arcgis/rest/services/Fallzahlen_Total_Kanton/FeatureServer/0/query?where=1%3D1&objectIds=&time=&resultType=none&outFields=*&returnHiddenFields=false&returnIdsOnly=false&returnUniqueIdsOnly=false&returnCountOnly=false&returnDistinctValues=false&cacheHint=false&orderByFields=Eingangs_Datum&groupByFieldsForStatistics=&outStatistics=&having=&resultOffset=&resultRecordCount=&sqlFormat=standard&f=pjson,488.666714,
3240,2020-07-20 18:04:49,2020-07-14 01:00:00,,GR,Graubünden/Grigioni,01,46.656248,9.628198,850,850,-2,1,0,429.51,25.265,,0,50,0,8.0,137.0,,,,,,1,0,https://services1.arcgis.com/YAuo6vcW85VPu7OE/arcgis/rest/services/Fallzahlen_Total_Kanton/FeatureServer/0/query?where=1%3D1&objectIds=&time=&resultType=none&outFields=*&returnHiddenFields=false&returnIdsOnly=false&returnUniqueIdsOnly=false&returnCountOnly=false&returnDistinctValues=false&cacheHint=false&orderByFields=Eingangs_Datum&groupByFieldsForStatistics=&outStatistics=&having=&resultOffset=&resultRecordCount=&sqlFormat=standard&f=pjson,587.440532,
3264,2020-07-20 18:04:49,2020-07-15 01:00:00,,GR,Graubünden/Grigioni,01,46.656248,9.628198,850,850,0,1,0,429.51,25.265,,0,50,0,8.0,51.0,,,,,,0,0,https://services1.arcgis.com/YAuo6vcW85VPu7OE/arcgis/rest/services/Fallzahlen_Total_Kanton/FeatureServer/0/query?where=1%3D1&objectIds=&time=&resultType=none&outFields=*&returnHiddenFields=false&returnIdsOnly=false&returnUniqueIdsOnly=false&returnCountOnly=false&returnDistinctValues=false&cacheHint=false&orderByFields=Eingangs_Datum&groupByFieldsForStatistics=&outStatistics=&having=&resultOffset=&resultRecordCount=&sqlFormat=standard&f=pjson,587.440532,
3288,2020-07-20 18:04:49,2020-07-16 01:00:00,,GR,Graubünden/Grigioni,01,46.656248,9.628198,852,852,0,1,0,430.52,25.265,,0,50,0,10.0,47.0,,,,,,2,0,https://services1.arcgis.com/YAuo6vcW85VPu7OE/arcgis/rest/services/Fallzahlen_Total_Kanton/FeatureServer/0/query?where=1%3D1&objectIds=&time=&resultType=none&outFields=*&returnHiddenFields=false&returnIdsOnly=false&returnUniqueIdsOnly=false&returnCountOnly=false&returnDistinctValues=false&cacheHint=false&orderByFields=Eingangs_Datum&groupByFieldsForStatistics=&outStatistics=&having=&resultOffset=&resultRecordCount=&sqlFormat=standard&f=pjson,490.399589,
3313,2020-07-20 18:04:49,2020-07-17 01:00:00,,GR,Graubünden/Grigioni,01,46.656248,9.628198,853,853,0,1,0,431.03,25.265,,0,50,0,11.0,42.0,,,,,,1,0,https://services1.arcgis.com/YAuo6vcW85VPu7OE/arcgis/rest/services/Fallzahlen_Total_Kanton/FeatureServer/0/query?where=1%3D1&objectIds=&time=&resultType=none&outFields=*&returnHiddenFields=false&returnIdsOnly=false&returnUniqueIdsOnly=false&returnCountOnly=false&returnDistinctValues=false&cacheHint=false&orderByFields=Eingangs_Datum&groupByFieldsForStatistics=&outStatistics=&having=&resultOffset=&resultRecordCount=&sqlFormat=standard&f=pjson,589.519979,
3332,2020-07-20 18:04:49,2020-07-18 01:00:00,,GR,Graubünden/Grigioni,01,46.656248,9.628198,853,853,0,1,0,431.03,25.265,,0,50,0,11.0,37.0,,,,,,0,0,https://services1.arcgis.com/YAuo6vcW85VPu7OE/arcgis/rest/services/Fallzahlen_Total_Kanton/FeatureServer/0/query?where=1%3D1&objectIds=&time=&resultType=none&outFields=*&returnHiddenFields=false&returnIdsOnly=false&returnUniqueIdsOnly=false&returnCountOnly=false&returnDistinctValues=false&cacheHint=false&orderByFields=Eingangs_Datum&groupByFieldsForStatistics=&outStatistics=&having=&resultOffset=&resultRecordCount=&sqlFormat=standard&f=pjson,737.333956,
3347,2020-07-20 18:04:49,2020-07-19 01:00:00,,GR,Graubünden/Grigioni,01,46.656248,9.628198,853,853,0,1,0,431.03,25.265,,0,50,0,10.0,23.0,,,,,,0,0,https://services1.arcgis.com/YAuo6vcW85VPu7OE/arcgis/rest/services/Fallzahlen_Total_Kanton/FeatureServer/0/query?where=1%3D1&objectIds=&time=&resultType=none&outFields=*&returnHiddenFields=false&returnIdsOnly=false&returnUniqueIdsOnly=false&returnCountOnly=false&returnDistinctValues=false&cacheHint=false&orderByFields=Eingangs_Datum&groupByFieldsForStatistics=&outStatistics=&having=&resultOffset=&resultRecordCount=&sqlFormat=standard&f=pjson,983.690356,
