,last_update,timestamp,tests_performed,abbreviation_canton,name_canton,number_canton,lat,long,total_positive_cases,total_currently_positive_cases,new_hosp,total_hospitalized,intensive_care,total_currently_positive_per_100k,deaths_per_100k,released,ncumul_ICU_intub,deaths,ncumul_vent,current_isolated,current_quarantined,ncumul_confirmed_non_resident,current_hosp_non_resident,current_quarantined_riskareatravel,current_quarantined_total,diff_tested,current_hosp_resident,TotalPosTests1,ninst_ICU_intub,ncumul_ICF,new_positive_cases,new_deaths,source,doubling_time_total_positive,doubling_time_fatalities
41,2020-08-01 16:05:46,2020-02-27 02:00:00,,JU,Jura,26,47.350744,7.156107,1,1,0,1,0,1.36,0.0,,0,0,,,,,,,,,,,,,0,0,https://www.jura.ch/Htdocs/Files/v/34949.xlsx/Departements/CHA/SIC/Carrousel/Coronavirus/Cornavirus/Chiffres/Donnees_31_07.xlsx?download=1,0.0,0.0
50,2020-08-01 16:05:46,2020-02-28 02:00:00,,JU,Jura,26,47.350744,7.156107,1,1,0,1,0,1.36,0.0,,0,0,,,,,,,,,,,,,0,0,https://www.jura.ch/Htdocs/Files/v/34949.xlsx/Departements/CHA/SIC/Carrousel/Coronavirus/Cornavirus/Chiffres/Donnees_31_07.xlsx?download=1,0.0,0.0
59,2020-08-01 16:05:46,2020-02-29 02:00:00,,JU,Jura,26,47.350744,7.156107,1,1,0,1,0,1.36,0.0,,0,0,,,,,,,,,,,,,0,0,https://www.jura.ch/Htdocs/Files/v/34949.xlsx/Departements/CHA/SIC/Carrousel/Coronavirus/Cornavirus/Chiffres/Donnees_31_07.xlsx?download=1,0.0,0.0
72,2020-08-01 16:05:46,2020-03-01 02:00:00,,JU,Jura,26,47.350744,7.156107,1,1,0,1,0,1.36,0.0,,0,0,,,,,,,,,,,,,0,0,https://www.jura.ch/Htdocs/Files/v/34949.xlsx/Departements/CHA/SIC/Carrousel/Coronavirus/Cornavirus/Chiffres/Donnees_31_07.xlsx?download=1,0.0,0.0
87,2020-08-01 16:05:46,2020-03-02 02:00:00,,JU,Jura,26,47.350744,7.156107,1,1,0,1,0,1.36,0.0,,0,0,,,,,,,,,,,,,0,0,https://www.jura.ch/Htdocs/Files/v/34949.xlsx/Departements/CHA/SIC/Carrousel/Coronavirus/Cornavirus/Chiffres/Donnees_31_07.xlsx?download=1,0.0,0.0
101,2020-08-01 16:05:46,2020-03-03 02:00:00,,JU,Jura,26,47.350744,7.156107,2,2,0,1,0,2.73,0.0,,0,0,,,,,,,,,,,,,1,0,https://www.jura.ch/Htdocs/Files/v/34949.xlsx/Departements/CHA/SIC/Carrousel/Coronavirus/Cornavirus/Chiffres/Donnees_31_07.xlsx?download=1,5.0,0.0
117,2020-08-01 16:05:46,2020-03-04 02:00:00,,JU,Jura,26,47.350744,7.156107,2,2,0,1,0,2.73,0.0,,0,0,,,,,,,,,,,,,0,0,https://www.jura.ch/Htdocs/Files/v/34949.xlsx/Departements/CHA/SIC/Carrousel/Coronavirus/Cornavirus/Chiffres/Donnees_31_07.xlsx?download=1,5.0,0.0
135,2020-08-01 16:05:46,2020-03-05 02:00:00,,JU,Jura,26,47.350744,7.156107,4,4,1,2,0,5.46,0.0,,0,0,,,,,,,,,,,,,2,0,https://www.jura.ch/Htdocs/Files/v/34949.xlsx/Departements/CHA/SIC/Carrousel/Coronavirus/Cornavirus/Chiffres/Donnees_31_07.xlsx?download=1,2.5,0.0
150,2020-08-01 16:05:46,2020-03-06 02:00:00,,JU,Jura,26,47.350744,7.156107,4,4,3,5,0,5.46,0.0,,0,0,,,,,,,,,,,,,0,0,https://www.jura.ch/Htdocs/Files/v/34949.xlsx/Departements/CHA/SIC/Carrousel/Coronavirus/Cornavirus/Chiffres/Donnees_31_07.xlsx?download=1,2.5,0.0
167,2020-08-01 16:05:46,2020-03-07 02:00:00,,JU,Jura,26,47.350744,7.156107,5,5,0,5,0,6.82,0.0,,0,0,,,,,,,,,,,,,1,0,https://www.jura.ch/Htdocs/Files/v/34949.xlsx/Departements/CHA/SIC/Carrousel/Coronavirus/Cornavirus/Chiffres/Donnees_31_07.xlsx?download=1,2.153383,0.0
182,2020-08-01 16:05:46,2020-03-08 02:00:00,,JU,Jura,26,47.350744,7.156107,5,5,0,5,0,6.82,0.0,,0,0,,,,,,,,,,,,,0,0,https://www.jura.ch/Htdocs/Files/v/34949.xlsx/Departements/CHA/SIC/Carrousel/Coronavirus/Cornavirus/Chiffres/Donnees_31_07.xlsx?download=1,3.782354,0.0
199,2020-08-01 16:05:46,2020-03-09 02:00:00,,JU,Jura,26,47.350744,7.156107,7,7,0,5,0,9.55,0.0,,0,0,,,,,,,,,,,,,2,0,https://www.jura.ch/Htdocs/Files/v/34949.xlsx/Departements/CHA/SIC/Carrousel/Coronavirus/Cornavirus/Chiffres/Donnees_31_07.xlsx?download=1,2.766474,0.0
214,2020-08-01 16:05:46,2020-03-10 02:00:00,,JU,Jura,26,47.350744,7.156107,7,7,0,5,0,9.55,0.0,,0,0,,,,,,,,,,,,,0,0,https://www.jura.ch/Htdocs/Files/v/34949.xlsx/Departements/CHA/SIC/Carrousel/Coronavirus/Cornavirus/Chiffres/Donnees_31_07.xlsx?download=1,6.193063,0.0
230,2020-08-01 16:05:46,2020-03-11 02:00:00,,JU,Jura,26,47.350744,7.156107,7,7,1,6,0,9.55,0.0,,0,0,,,,,,,,,,,,,0,0,https://www.jura.ch/Htdocs/Files/v/34949.xlsx/Departements/CHA/SIC/Carrousel/Coronavirus/Cornavirus/Chiffres/Donnees_31_07.xlsx?download=1,6.193063,0.0
249,2020-08-01 16:05:46,2020-03-12 02:00:00,,JU,Jura,26,47.350744,7.156107,12,12,0,6,0,16.37,0.0,,0,0,,,,,,,,,,,,,5,0,https://www.jura.ch/Htdocs/Files/v/34949.xlsx/Departements/CHA/SIC/Carrousel/Coronavirus/Cornavirus/Chiffres/Donnees_31_07.xlsx?download=1,3.95872,0.0
269,2020-08-01 16:05:46,2020-03-13 02:00:00,,JU,Jura,26,47.350744,7.156107,17,17,2,8,0,23.19,0.0,,0,0,,,,,,,,,,,,,5,0,https://www.jura.ch/Htdocs/Files/v/34949.xlsx/Departements/CHA/SIC/Carrousel/Coronavirus/Cornavirus/Chiffres/Donnees_31_07.xlsx?download=1,2.832003,0.0
289,2020-08-01 16:05:46,2020-03-14 02:00:00,,JU,Jura,26,47.350744,7.156107,18,18,0,8,0,24.56,0.0,,0,0,,,,,,,,,,,,,1,0,https://www.jura.ch/Htdocs/Files/v/34949.xlsx/Departements/CHA/SIC/Carrousel/Coronavirus/Cornavirus/Chiffres/Donnees_31_07.xlsx?download=1,3.669536,0.0
305,2020-08-01 16:05:46,2020-03-15 02:00:00,,JU,Jura,26,47.350744,7.156107,19,19,1,9,0,25.92,0.0,,0,0,,,,,,,,,,,,,1,0,https://www.jura.ch/Htdocs/Files/v/34949.xlsx/Departements/CHA/SIC/Carrousel/Coronavirus/Cornavirus/Chiffres/Donnees_31_07.xlsx?download=1,3.470842,0.0
326,2020-08-01 16:05:46,2020-03-16 02:00:00,,JU,Jura,26,47.350744,7.156107,25,25,0,9,0,34.11,0.0,,0,0,,,,,,,,,,,,,6,0,https://www.jura.ch/Htdocs/Files/v/34949.xlsx/Departements/CHA/SIC/Carrousel/Coronavirus/Cornavirus/Chiffres/Donnees_31_07.xlsx?download=1,2.722568,0.0
345,2020-08-01 16:05:46,2020-03-17 02:00:00,,JU,Jura,26,47.350744,7.156107,29,29,2,11,0,39.56,0.0,,0,0,,,,,,,,,,,,,4,0,https://www.jura.ch/Htdocs/Files/v/34949.xlsx/Departements/CHA/SIC/Carrousel/Coronavirus/Cornavirus/Chiffres/Donnees_31_07.xlsx?download=1,3.927673,0.0
366,2020-08-01 16:05:46,2020-03-18 02:00:00,,JU,Jura,26,47.350744,7.156107,32,32,0,11,0,43.66,0.0,,0,0,,,,,,,,,,,,,3,0,https://www.jura.ch/Htdocs/Files/v/34949.xlsx/Departements/CHA/SIC/Carrousel/Coronavirus/Cornavirus/Chiffres/Donnees_31_07.xlsx?download=1,5.479229,0.0
389,2020-08-01 16:05:46,2020-03-19 02:00:00,,JU,Jura,26,47.350744,7.156107,36,36,1,12,0,49.11,0.0,,0,0,,,,,,,,,,,,,4,0,https://www.jura.ch/Htdocs/Files/v/34949.xlsx/Departements/CHA/SIC/Carrousel/Coronavirus/Cornavirus/Chiffres/Donnees_31_07.xlsx?download=1,5.0,0.0
410,2020-08-01 16:05:46,2020-03-20 02:00:00,,JU,Jura,26,47.350744,7.156107,44,44,2,14,1,60.03,0.0,,0,0,,,,,,,,,,,,,8,0,https://www.jura.ch/Htdocs/Files/v/34949.xlsx/Departements/CHA/SIC/Carrousel/Coronavirus/Cornavirus/Chiffres/Donnees_31_07.xlsx?download=1,4.127101,0.0
433,2020-08-01 16:05:46,2020-03-21 02:00:00,,JU,Jura,26,47.350744,7.156107,54,54,-1,13,1,73.67,0.0,,0,0,,,,,,,,,,,,,10,0,https://www.jura.ch/Htdocs/Files/v/34949.xlsx/Departements/CHA/SIC/Carrousel/Coronavirus/Cornavirus/Chiffres/Donnees_31_07.xlsx?download=1,4.500323,0.0
453,2020-08-01 16:05:46,2020-03-22 02:00:00,,JU,Jura,26,47.350744,7.156107,61,61,5,18,2,83.22,0.0,,0,0,,,,,,,,,,,,,7,0,https://www.jura.ch/Htdocs/Files/v/34949.xlsx/Departements/CHA/SIC/Carrousel/Coronavirus/Cornavirus/Chiffres/Donnees_31_07.xlsx?download=1,4.660891,0.0
474,2020-08-01 16:05:46,2020-03-23 02:00:00,,JU,Jura,26,47.350744,7.156107,69,69,0,18,3,94.13,0.0,,0,0,,,,,,,,,,,,,8,0,https://www.jura.ch/Htdocs/Files/v/34949.xlsx/Departements/CHA/SIC/Carrousel/Coronavirus/Cornavirus/Chiffres/Donnees_31_07.xlsx?download=1,4.5105,0.0
500,2020-08-01 16:05:46,2020-03-24 02:00:00,,JU,Jura,26,47.350744,7.156107,82,82,4,22,4,111.87,0.0,,0,0,,,,,,,,,,,,,13,0,https://www.jura.ch/Htdocs/Files/v/34949.xlsx/Departements/CHA/SIC/Carrousel/Coronavirus/Cornavirus/Chiffres/Donnees_31_07.xlsx?download=1,4.210076,0.0
527,2020-08-01 16:05:46,2020-03-25 02:00:00,,JU,Jura,26,47.350744,7.156107,92,92,1,23,4,125.51,0.0,,0,0,,,,,,,,,,,,,10,0,https://www.jura.ch/Htdocs/Files/v/34949.xlsx/Departements/CHA/SIC/Carrousel/Coronavirus/Cornavirus/Chiffres/Donnees_31_07.xlsx?download=1,4.698673,0.0
553,2020-08-01 16:05:46,2020-03-26 02:00:00,,JU,Jura,26,47.350744,7.156107,100,100,-1,22,4,136.43,0.0,,0,0,,,,,,,,,,,,,8,0,https://www.jura.ch/Htdocs/Files/v/34949.xlsx/Departements/CHA/SIC/Carrousel/Coronavirus/Cornavirus/Chiffres/Donnees_31_07.xlsx?download=1,5.624495,0.0
580,2020-08-01 16:05:46,2020-03-27 02:00:00,,JU,Jura,26,47.350744,7.156107,114,114,3,25,6,155.53,0.0,,0,0,,,,,,,,,,,,,14,0,https://www.jura.ch/Htdocs/Files/v/34949.xlsx/Departements/CHA/SIC/Carrousel/Coronavirus/Cornavirus/Chiffres/Donnees_31_07.xlsx?download=1,5.542299,0.0
606,2020-08-01 16:05:46,2020-03-28 02:00:00,,JU,Jura,26,47.350744,7.156107,119,119,2,27,5,162.35,0.0,,0,0,,,,,,,,,,,,,5,0,https://www.jura.ch/Htdocs/Files/v/34949.xlsx/Departements/CHA/SIC/Carrousel/Coronavirus/Cornavirus/Chiffres/Donnees_31_07.xlsx?download=1,6.35895,0.0
630,2020-08-01 16:05:46,2020-03-29 01:00:00,,JU,Jura,26,47.350744,7.156107,127,127,1,28,5,173.26,0.0,,0,0,,,,,,,,,,,,,8,0,https://www.jura.ch/Htdocs/Files/v/34949.xlsx/Departements/CHA/SIC/Carrousel/Coronavirus/Cornavirus/Chiffres/Donnees_31_07.xlsx?download=1,7.922264,0.0
656,2020-08-01 16:05:46,2020-03-30 01:00:00,,JU,Jura,26,47.350744,7.156107,128,128,0,28,5,174.62,0.0,,0,0,,,,,,,,,,,,,1,0,https://www.jura.ch/Htdocs/Files/v/34949.xlsx/Departements/CHA/SIC/Carrousel/Coronavirus/Cornavirus/Chiffres/Donnees_31_07.xlsx?download=1,10.494544,0.0
682,2020-08-01 16:05:46,2020-03-31 01:00:00,,JU,Jura,26,47.350744,7.156107,140,140,1,29,5,191.0,0.0,,0,0,,,,,,,,,,,,,12,0,https://www.jura.ch/Htdocs/Files/v/34949.xlsx/Departements/CHA/SIC/Carrousel/Coronavirus/Cornavirus/Chiffres/Donnees_31_07.xlsx?download=1,10.300214,0.0
708,2020-08-01 16:05:46,2020-04-01 01:00:00,,JU,Jura,26,47.350744,7.156107,145,145,0,29,5,197.82,0.0,,0,0,,,,,,,,,,,,,5,0,https://www.jura.ch/Htdocs/Files/v/34949.xlsx/Departements/CHA/SIC/Carrousel/Coronavirus/Cornavirus/Chiffres/Donnees_31_07.xlsx?download=1,14.40843,0.0
735,2020-08-01 16:05:46,2020-04-02 01:00:00,,JU,Jura,26,47.350744,7.156107,149,149,0,29,3,203.27,0.0,,0,0,,,,,,,,,,,,,4,0,https://www.jura.ch/Htdocs/Files/v/34949.xlsx/Departements/CHA/SIC/Carrousel/Coronavirus/Cornavirus/Chiffres/Donnees_31_07.xlsx?download=1,15.41541,0.0
762,2020-08-01 16:05:46,2020-04-03 01:00:00,,JU,Jura,26,47.350744,7.156107,149,149,-1,28,3,203.27,0.0,,0,0,,,,,,,,,,,,,0,0,https://www.jura.ch/Htdocs/Files/v/34949.xlsx/Departements/CHA/SIC/Carrousel/Coronavirus/Cornavirus/Chiffres/Donnees_31_07.xlsx?download=1,21.693495,0.0
788,2020-08-01 16:05:46,2020-04-04 01:00:00,,JU,Jura,26,47.350744,7.156107,154,154,-1,27,3,210.1,0.0,,0,0,,,,,,,,,,,,,5,0,https://www.jura.ch/Htdocs/Files/v/34949.xlsx/Departements/CHA/SIC/Carrousel/Coronavirus/Cornavirus/Chiffres/Donnees_31_07.xlsx?download=1,18.741575,0.0
812,2020-08-01 16:05:46,2020-04-05 01:00:00,,JU,Jura,26,47.350744,7.156107,160,160,2,29,4,218.28,0.0,,0,0,,,,,,,,,,,,,6,0,https://www.jura.ch/Htdocs/Files/v/34949.xlsx/Departements/CHA/SIC/Carrousel/Coronavirus/Cornavirus/Chiffres/Donnees_31_07.xlsx?download=1,25.954465,0.0
838,2020-08-01 16:05:46,2020-04-06 01:00:00,,JU,Jura,26,47.350744,7.156107,164,164,-2,27,4,223.74,0.0,,0,0,,,,,,,,,,,,,4,0,https://www.jura.ch/Htdocs/Files/v/34949.xlsx/Departements/CHA/SIC/Carrousel/Coronavirus/Cornavirus/Chiffres/Donnees_31_07.xlsx?download=1,28.146352,0.0
865,2020-08-01 16:05:46,2020-04-07 01:00:00,,JU,Jura,26,47.350744,7.156107,171,171,1,28,4,233.29,0.0,,0,0,,,,,,,,,,,,,7,0,https://www.jura.ch/Htdocs/Files/v/34949.xlsx/Departements/CHA/SIC/Carrousel/Coronavirus/Cornavirus/Chiffres/Donnees_31_07.xlsx?download=1,25.16559,0.0
892,2020-08-01 16:05:46,2020-04-08 01:00:00,,JU,Jura,26,47.350744,7.156107,174,174,3,31,4,237.38,1.364,,0,1,,,,,,,,,,,,,3,1,https://www.jura.ch/Htdocs/Files/v/34949.xlsx/Departements/CHA/SIC/Carrousel/Coronavirus/Cornavirus/Chiffres/Donnees_31_07.xlsx?download=1,22.343875,0.0
919,2020-08-01 16:05:46,2020-04-09 01:00:00,,JU,Jura,26,47.350744,7.156107,179,179,-3,28,5,244.2,1.364,,0,1,,,,,,,,,,,,,5,0,https://www.jura.ch/Htdocs/Files/v/34949.xlsx/Departements/CHA/SIC/Carrousel/Coronavirus/Cornavirus/Chiffres/Donnees_31_07.xlsx?download=1,23.038371,0.0
945,2020-08-01 16:05:46,2020-04-10 01:00:00,,JU,Jura,26,47.350744,7.156107,182,182,-3,25,5,248.29,4.093,,0,3,,,,,,,,,,,,,3,2,https://www.jura.ch/Htdocs/Files/v/34949.xlsx/Departements/CHA/SIC/Carrousel/Coronavirus/Cornavirus/Chiffres/Donnees_31_07.xlsx?download=1,26.901022,0.0
971,2020-08-01 16:05:46,2020-04-11 01:00:00,,JU,Jura,26,47.350744,7.156107,183,183,-2,23,5,249.66,4.093,,0,3,,,,,,,,,,,,,1,0,https://www.jura.ch/Htdocs/Files/v/34949.xlsx/Departements/CHA/SIC/Carrousel/Coronavirus/Cornavirus/Chiffres/Donnees_31_07.xlsx?download=1,31.615988,0.0
995,2020-08-01 16:05:46,2020-04-12 01:00:00,,JU,Jura,26,47.350744,7.156107,183,183,-1,22,5,249.66,4.093,,0,3,,,,,,,,,,,,,0,0,https://www.jura.ch/Htdocs/Files/v/34949.xlsx/Departements/CHA/SIC/Carrousel/Coronavirus/Cornavirus/Chiffres/Donnees_31_07.xlsx?download=1,51.100018,0.0
1021,2020-08-01 16:05:46,2020-04-13 01:00:00,,JU,Jura,26,47.350744,7.156107,184,184,2,24,5,251.02,4.093,,0,3,,,,,,,,,,,,,1,0,https://www.jura.ch/Htdocs/Files/v/34949.xlsx/Departements/CHA/SIC/Carrousel/Coronavirus/Cornavirus/Chiffres/Donnees_31_07.xlsx?download=1,62.020535,3.154649
1047,2020-08-01 16:05:46,2020-04-14 01:00:00,,JU,Jura,26,47.350744,7.156107,185,185,-3,21,5,252.39,4.093,,0,3,,,,,,,,,,,,,1,0,https://www.jura.ch/Htdocs/Files/v/34949.xlsx/Departements/CHA/SIC/Carrousel/Coronavirus/Cornavirus/Chiffres/Donnees_31_07.xlsx?download=1,105.1178,3.154649
1074,2020-08-01 16:05:46,2020-04-15 01:00:00,,JU,Jura,26,47.350744,7.156107,188,188,-4,17,5,256.48,4.093,,0,3,,,,,,,,,,,,,3,0,https://www.jura.ch/Htdocs/Files/v/34949.xlsx/Departements/CHA/SIC/Carrousel/Coronavirus/Cornavirus/Chiffres/Donnees_31_07.xlsx?download=1,106.850823,
1101,2020-08-01 16:05:46,2020-04-16 01:00:00,,JU,Jura,26,47.350744,7.156107,189,189,1,18,5,257.84,4.093,,0,3,,,,,,,,,,,,,1,0,https://www.jura.ch/Htdocs/Files/v/34949.xlsx/Departements/CHA/SIC/Carrousel/Coronavirus/Cornavirus/Chiffres/Donnees_31_07.xlsx?download=1,107.428496,
1128,2020-08-01 16:05:46,2020-04-17 01:00:00,,JU,Jura,26,47.350744,7.156107,191,191,0,18,5,260.57,4.093,,0,3,,,,,,,,,,,,,2,0,https://www.jura.ch/Htdocs/Files/v/34949.xlsx/Departements/CHA/SIC/Carrousel/Coronavirus/Cornavirus/Chiffres/Donnees_31_07.xlsx?download=1,80.99922,
1153,2020-08-01 16:05:46,2020-04-18 01:00:00,,JU,Jura,26,47.350744,7.156107,192,192,-1,17,5,261.94,4.093,,0,3,,,,,,,,,,,,,1,0,https://www.jura.ch/Htdocs/Files/v/34949.xlsx/Departements/CHA/SIC/Carrousel/Coronavirus/Cornavirus/Chiffres/Donnees_31_07.xlsx?download=1,81.432502,
1178,2020-08-01 16:05:46,2020-04-19 01:00:00,,JU,Jura,26,47.350744,7.156107,192,192,-1,16,5,261.94,6.821,,0,5,,,,,,,,,,,,,0,2,https://www.jura.ch/Htdocs/Files/v/34949.xlsx/Departements/CHA/SIC/Carrousel/Coronavirus/Cornavirus/Chiffres/Donnees_31_07.xlsx?download=1,93.316591,6.784577
1204,2020-08-01 16:05:46,2020-04-20 01:00:00,,JU,Jura,26,47.350744,7.156107,195,195,-2,14,4,266.03,8.186,,0,6,,,,,,,,,,,,,3,1,https://www.jura.ch/Htdocs/Files/v/34949.xlsx/Departements/CHA/SIC/Carrousel/Coronavirus/Cornavirus/Chiffres/Donnees_31_07.xlsx?download=1,94.802074,5.0
1231,2020-08-01 16:05:46,2020-04-21 01:00:00,,JU,Jura,26,47.350744,7.156107,195,195,-2,12,4,266.03,8.186,,0,6,,,,,,,,,,,,,0,0,https://www.jura.ch/Htdocs/Files/v/34949.xlsx/Departements/CHA/SIC/Carrousel/Coronavirus/Cornavirus/Chiffres/Donnees_31_07.xlsx?download=1,110.894523,5.0
1258,2020-08-01 16:05:46,2020-04-22 01:00:00,,JU,Jura,26,47.350744,7.156107,196,196,0,12,4,267.39,8.186,,0,6,,,,,,,,,,,,,1,0,https://www.jura.ch/Htdocs/Files/v/34949.xlsx/Departements/CHA/SIC/Carrousel/Coronavirus/Cornavirus/Chiffres/Donnees_31_07.xlsx?download=1,134.116516,5.0
1285,2020-08-01 16:05:46,2020-04-23 01:00:00,,JU,Jura,26,47.350744,7.156107,196,196,-1,11,4,267.39,8.186,,0,6,,,,,,,,,,,,,0,0,https://www.jura.ch/Htdocs/Files/v/34949.xlsx/Departements/CHA/SIC/Carrousel/Coronavirus/Cornavirus/Chiffres/Donnees_31_07.xlsx?download=1,168.082236,5.0
1312,2020-08-01 16:05:46,2020-04-24 01:00:00,,JU,Jura,26,47.350744,7.156107,196,196,1,12,4,267.39,8.186,,0,6,,,,,,,,,,,,,0,0,https://www.jura.ch/Htdocs/Files/v/34949.xlsx/Departements/CHA/SIC/Carrousel/Coronavirus/Cornavirus/Chiffres/Donnees_31_07.xlsx?download=1,168.082236,19.00892
1337,2020-08-01 16:05:46,2020-04-25 01:00:00,,JU,Jura,26,47.350744,7.156107,196,196,0,12,4,267.39,8.186,,0,6,,,,,,,,,,,,,0,0,https://www.jura.ch/Htdocs/Files/v/34949.xlsx/Departements/CHA/SIC/Carrousel/Coronavirus/Cornavirus/Chiffres/Donnees_31_07.xlsx?download=1,677.549892,
1360,2020-08-01 16:05:46,2020-04-26 01:00:00,,JU,Jura,26,47.350744,7.156107,196,196,0,12,4,267.39,8.186,,0,6,,,,,,,,,,,,,0,0,https://www.jura.ch/Htdocs/Files/v/34949.xlsx/Departements/CHA/SIC/Carrousel/Coronavirus/Cornavirus/Chiffres/Donnees_31_07.xlsx?download=1,677.549892,
1386,2020-08-01 16:05:46,2020-04-27 01:00:00,,JU,Jura,26,47.350744,7.156107,196,196,-2,10,4,267.39,9.55,,0,7,,,,,,,,,,,,,0,1,https://www.jura.ch/Htdocs/Files/v/34949.xlsx/Departements/CHA/SIC/Carrousel/Coronavirus/Cornavirus/Chiffres/Donnees_31_07.xlsx?download=1,,22.482781
1413,2020-08-01 16:05:46,2020-04-28 01:00:00,,JU,Jura,26,47.350744,7.156107,197,197,0,10,5,268.76,9.55,,0,7,,,,,,,,,,,,,1,0,https://www.jura.ch/Htdocs/Files/v/34949.xlsx/Departements/CHA/SIC/Carrousel/Coronavirus/Cornavirus/Chiffres/Donnees_31_07.xlsx?download=1,681.015635,22.482781
1440,2020-08-01 16:05:46,2020-04-29 01:00:00,,JU,Jura,26,47.350744,7.156107,197,197,-1,9,5,268.76,9.55,,0,7,,,,,,,,,,,,,0,0,https://www.jura.ch/Htdocs/Files/v/34949.xlsx/Departements/CHA/SIC/Carrousel/Coronavirus/Cornavirus/Chiffres/Donnees_31_07.xlsx?download=1,681.015635,22.482781
1467,2020-08-01 16:05:46,2020-04-30 01:00:00,,JU,Jura,26,47.350744,7.156107,198,198,-1,8,5,270.12,9.55,,0,7,,,,,,,,,,,,,1,0,https://www.jura.ch/Htdocs/Files/v/34949.xlsx/Departements/CHA/SIC/Carrousel/Coronavirus/Cornavirus/Chiffres/Donnees_31_07.xlsx?download=1,341.372054,22.482781
1494,2020-08-01 16:05:46,2020-05-01 01:00:00,,JU,Jura,26,47.350744,7.156107,198,198,0,8,5,270.12,9.55,,0,7,,,,,,,,,,,,,0,0,https://www.jura.ch/Htdocs/Files/v/34949.xlsx/Departements/CHA/SIC/Carrousel/Coronavirus/Cornavirus/Chiffres/Donnees_31_07.xlsx?download=1,341.372054,22.482781
1520,2020-08-01 16:05:46,2020-05-02 01:00:00,,JU,Jura,26,47.350744,7.156107,198,198,0,8,5,270.12,9.55,,0,7,,,,,,,,,,,,,0,0,https://www.jura.ch/Htdocs/Files/v/34949.xlsx/Departements/CHA/SIC/Carrousel/Coronavirus/Cornavirus/Chiffres/Donnees_31_07.xlsx?download=1,341.372054,
1544,2020-08-01 16:05:46,2020-05-03 01:00:00,,JU,Jura,26,47.350744,7.156107,198,198,0,8,5,270.12,9.55,,0,7,,,,,,,,,,,,,0,0,https://www.jura.ch/Htdocs/Files/v/34949.xlsx/Departements/CHA/SIC/Carrousel/Coronavirus/Cornavirus/Chiffres/Donnees_31_07.xlsx?download=1,684.481378,
1569,2020-08-01 16:05:46,2020-05-04 01:00:00,,JU,Jura,26,47.350744,7.156107,198,198,0,8,5,270.12,9.55,,0,7,,,,,,,,,,,,,0,0,https://www.jura.ch/Htdocs/Files/v/34949.xlsx/Departements/CHA/SIC/Carrousel/Coronavirus/Cornavirus/Chiffres/Donnees_31_07.xlsx?download=1,684.481378,
1596,2020-08-01 16:05:46,2020-05-05 01:00:00,,JU,Jura,26,47.350744,7.156107,201,201,0,8,5,274.22,9.55,,0,7,,,,,,,,,,,,,3,0,https://www.jura.ch/Htdocs/Files/v/34949.xlsx/Departements/CHA/SIC/Carrousel/Coronavirus/Cornavirus/Chiffres/Donnees_31_07.xlsx?download=1,230.467094,
1623,2020-08-01 16:05:46,2020-05-06 01:00:00,,JU,Jura,26,47.350744,7.156107,201,201,1,9,5,274.22,9.55,,0,7,,,,,,,,,,,,,0,0,https://www.jura.ch/Htdocs/Files/v/34949.xlsx/Departements/CHA/SIC/Carrousel/Coronavirus/Cornavirus/Chiffres/Donnees_31_07.xlsx?download=1,230.467094,
1649,2020-08-01 16:05:46,2020-05-07 01:00:00,,JU,Jura,26,47.350744,7.156107,201,201,-2,7,4,274.22,9.55,,0,7,,,,,,,,,,,,,0,0,https://www.jura.ch/Htdocs/Files/v/34949.xlsx/Departements/CHA/SIC/Carrousel/Coronavirus/Cornavirus/Chiffres/Donnees_31_07.xlsx?download=1,230.467094,
1675,2020-08-01 16:05:46,2020-05-08 01:00:00,,JU,Jura,26,47.350744,7.156107,202,202,-1,6,4,275.58,9.55,,0,7,,,,,,,,,,,,,1,0,https://www.jura.ch/Htdocs/Files/v/34949.xlsx/Departements/CHA/SIC/Carrousel/Coronavirus/Cornavirus/Chiffres/Donnees_31_07.xlsx?download=1,173.281019,
1701,2020-08-01 16:05:46,2020-05-09 01:00:00,,JU,Jura,26,47.350744,7.156107,202,202,0,6,4,275.58,9.55,,0,7,,,,,,,,,,,,,0,0,https://www.jura.ch/Htdocs/Files/v/34949.xlsx/Departements/CHA/SIC/Carrousel/Coronavirus/Cornavirus/Chiffres/Donnees_31_07.xlsx?download=1,173.281019,
1723,2020-08-01 16:05:46,2020-05-10 01:00:00,,JU,Jura,26,47.350744,7.156107,202,202,0,6,4,275.58,9.55,,0,7,,,,,,,,,,,,,0,0,https://www.jura.ch/Htdocs/Files/v/34949.xlsx/Departements/CHA/SIC/Carrousel/Coronavirus/Cornavirus/Chiffres/Donnees_31_07.xlsx?download=1,698.344351,
1746,2020-08-01 16:05:46,2020-05-11 01:00:00,,JU,Jura,26,47.350744,7.156107,202,202,-2,4,3,275.58,9.55,,0,7,,,,,,,,,,,,,0,0,https://www.jura.ch/Htdocs/Files/v/34949.xlsx/Departements/CHA/SIC/Carrousel/Coronavirus/Cornavirus/Chiffres/Donnees_31_07.xlsx?download=1,698.344351,
1773,2020-08-01 16:05:46,2020-05-12 01:00:00,,JU,Jura,26,47.350744,7.156107,202,202,0,4,3,275.58,9.55,,0,7,,,,,,,,,,,,,0,0,https://www.jura.ch/Htdocs/Files/v/34949.xlsx/Departements/CHA/SIC/Carrousel/Coronavirus/Cornavirus/Chiffres/Donnees_31_07.xlsx?download=1,698.344351,
1798,2020-08-01 16:05:46,2020-05-13 01:00:00,,JU,Jura,26,47.350744,7.156107,202,202,-2,2,2,275.58,9.55,,0,7,,,,,,,,,,,,,0,0,https://www.jura.ch/Htdocs/Files/v/34949.xlsx/Departements/CHA/SIC/Carrousel/Coronavirus/Cornavirus/Chiffres/Donnees_31_07.xlsx?download=1,,
1824,2020-08-01 16:05:46,2020-05-14 01:00:00,,JU,Jura,26,47.350744,7.156107,202,202,0,2,2,275.58,9.55,,0,7,,,,,,,,,,,,,0,0,https://www.jura.ch/Htdocs/Files/v/34949.xlsx/Departements/CHA/SIC/Carrousel/Coronavirus/Cornavirus/Chiffres/Donnees_31_07.xlsx?download=1,,
1850,2020-08-01 16:05:46,2020-05-15 01:00:00,,JU,Jura,26,47.350744,7.156107,202,202,0,2,2,275.58,9.55,,0,7,,,,,,,,,,,,,0,0,https://www.jura.ch/Htdocs/Files/v/34949.xlsx/Departements/CHA/SIC/Carrousel/Coronavirus/Cornavirus/Chiffres/Donnees_31_07.xlsx?download=1,,
1873,2020-08-01 16:05:46,2020-05-16 01:00:00,,JU,Jura,26,47.350744,7.156107,202,202,0,2,2,275.58,9.55,,0,7,,,,,,,,,,,,,0,0,https://www.jura.ch/Htdocs/Files/v/34949.xlsx/Departements/CHA/SIC/Carrousel/Coronavirus/Cornavirus/Chiffres/Donnees_31_07.xlsx?download=1,,
1893,2020-08-01 16:05:46,2020-05-17 01:00:00,,JU,Jura,26,47.350744,7.156107,202,202,1,3,2,275.58,9.55,,0,7,,,,,,,,,,,,,0,0,https://www.jura.ch/Htdocs/Files/v/34949.xlsx/Departements/CHA/SIC/Carrousel/Coronavirus/Cornavirus/Chiffres/Donnees_31_07.xlsx?download=1,,
1916,2020-08-01 16:05:46,2020-05-18 01:00:00,,JU,Jura,26,47.350744,7.156107,202,202,0,3,2,275.58,9.55,,0,7,,,,,,,,,,,,,0,0,https://www.jura.ch/Htdocs/Files/v/34949.xlsx/Departements/CHA/SIC/Carrousel/Coronavirus/Cornavirus/Chiffres/Donnees_31_07.xlsx?download=1,,
1941,2020-08-01 16:05:46,2020-05-19 01:00:00,,JU,Jura,26,47.350744,7.156107,203,203,0,3,2,276.94,9.55,,0,7,,,,,,,,,,,,,1,0,https://www.jura.ch/Htdocs/Files/v/34949.xlsx/Departements/CHA/SIC/Carrousel/Coronavirus/Cornavirus/Chiffres/Donnees_31_07.xlsx?download=1,701.810094,
1968,2020-08-01 16:05:46,2020-05-20 01:00:00,,JU,Jura,26,47.350744,7.156107,203,203,0,3,2,276.94,9.55,,0,7,,,,,,,,,,,,,0,0,https://www.jura.ch/Htdocs/Files/v/34949.xlsx/Departements/CHA/SIC/Carrousel/Coronavirus/Cornavirus/Chiffres/Donnees_31_07.xlsx?download=1,701.810094,
1993,2020-08-01 16:05:46,2020-05-21 01:00:00,,JU,Jura,26,47.350744,7.156107,204,204,1,4,1,278.31,9.55,,0,7,,,,,,,,,,,,,1,0,https://www.jura.ch/Htdocs/Files/v/34949.xlsx/Departements/CHA/SIC/Carrousel/Coronavirus/Cornavirus/Chiffres/Donnees_31_07.xlsx?download=1,351.769349,
2016,2020-08-01 16:05:46,2020-05-22 01:00:00,,JU,Jura,26,47.350744,7.156107,204,204,-2,2,1,278.31,9.55,,0,7,,,,,,,,,,,,,0,0,https://www.jura.ch/Htdocs/Files/v/34949.xlsx/Departements/CHA/SIC/Carrousel/Coronavirus/Cornavirus/Chiffres/Donnees_31_07.xlsx?download=1,351.769349,
2036,2020-08-01 16:05:46,2020-05-23 01:00:00,,JU,Jura,26,47.350744,7.156107,204,204,1,3,2,278.31,9.55,,0,7,,,,,,,,,,,,,0,0,https://www.jura.ch/Htdocs/Files/v/34949.xlsx/Departements/CHA/SIC/Carrousel/Coronavirus/Cornavirus/Chiffres/Donnees_31_07.xlsx?download=1,351.769349,
2056,2020-08-01 16:05:46,2020-05-24 01:00:00,,JU,Jura,26,47.350744,7.156107,204,204,0,3,2,278.31,9.55,,0,7,,,,,,,,,,,,,0,0,https://www.jura.ch/Htdocs/Files/v/34949.xlsx/Departements/CHA/SIC/Carrousel/Coronavirus/Cornavirus/Chiffres/Donnees_31_07.xlsx?download=1,705.275837,
2079,2020-08-01 16:05:46,2020-05-25 01:00:00,,JU,Jura,26,47.350744,7.156107,204,204,0,3,2,278.31,9.55,,0,7,,,,,,,,,,,,,0,0,https://www.jura.ch/Htdocs/Files/v/34949.xlsx/Departements/CHA/SIC/Carrousel/Coronavirus/Cornavirus/Chiffres/Donnees_31_07.xlsx?download=1,705.275837,
2104,2020-08-01 16:05:46,2020-05-26 01:00:00,,JU,Jura,26,47.350744,7.156107,204,204,0,3,2,278.31,9.55,,0,7,,,,,,,,,,,,,0,0,https://www.jura.ch/Htdocs/Files/v/34949.xlsx/Departements/CHA/SIC/Carrousel/Coronavirus/Cornavirus/Chiffres/Donnees_31_07.xlsx?download=1,,
2131,2020-08-01 16:05:46,2020-05-27 01:00:00,,JU,Jura,26,47.350744,7.156107,205,205,0,3,1,279.67,9.55,,0,7,,,,,,,,,,,,,1,0,https://www.jura.ch/Htdocs/Files/v/34949.xlsx/Departements/CHA/SIC/Carrousel/Coronavirus/Cornavirus/Chiffres/Donnees_31_07.xlsx?download=1,708.74158,
2157,2020-08-01 16:05:46,2020-05-28 01:00:00,,JU,Jura,26,47.350744,7.156107,205,205,0,3,1,279.67,9.55,,0,7,,,,,,,,,,,,,0,0,https://www.jura.ch/Htdocs/Files/v/34949.xlsx/Departements/CHA/SIC/Carrousel/Coronavirus/Cornavirus/Chiffres/Donnees_31_07.xlsx?download=1,708.74158,
2183,2020-08-01 16:05:46,2020-05-29 01:00:00,,JU,Jura,26,47.350744,7.156107,205,205,0,3,1,279.67,9.55,,0,7,,,,,,,,,,,,,0,0,https://www.jura.ch/Htdocs/Files/v/34949.xlsx/Departements/CHA/SIC/Carrousel/Coronavirus/Cornavirus/Chiffres/Donnees_31_07.xlsx?download=1,708.74158,
2206,2020-08-01 16:05:46,2020-05-30 01:00:00,,JU,Jura,26,47.350744,7.156107,205,205,0,3,1,279.67,9.55,,0,7,,,,,,,,,,,,,0,0,https://www.jura.ch/Htdocs/Files/v/34949.xlsx/Departements/CHA/SIC/Carrousel/Coronavirus/Cornavirus/Chiffres/Donnees_31_07.xlsx?download=1,708.74158,
2225,2020-08-01 16:05:46,2020-05-31 01:00:00,,JU,Jura,26,47.350744,7.156107,205,205,0,3,1,279.67,9.55,,0,7,,,,,,,,,,,,,0,0,https://www.jura.ch/Htdocs/Files/v/34949.xlsx/Departements/CHA/SIC/Carrousel/Coronavirus/Cornavirus/Chiffres/Donnees_31_07.xlsx?download=1,708.74158,
2245,2020-08-01 16:05:46,2020-06-01 01:00:00,,JU,Jura,26,47.350744,7.156107,205,205,0,3,1,279.67,9.55,,0,7,,,,,,,,,,,,,0,0,https://www.jura.ch/Htdocs/Files/v/34949.xlsx/Departements/CHA/SIC/Carrousel/Coronavirus/Cornavirus/Chiffres/Donnees_31_07.xlsx?download=1,,
2267,2020-08-01 16:05:46,2020-06-02 01:00:00,,JU,Jura,26,47.350744,7.156107,205,205,-2,1,0,279.67,9.55,,0,7,,,,,,,,,,,,,0,0,https://www.jura.ch/Htdocs/Files/v/34949.xlsx/Departements/CHA/SIC/Carrousel/Coronavirus/Cornavirus/Chiffres/Donnees_31_07.xlsx?download=1,,
2293,2020-08-01 16:05:46,2020-06-03 01:00:00,,JU,Jura,26,47.350744,7.156107,205,205,0,1,0,279.67,9.55,,0,7,,,,,,,,,,,,,0,0,https://www.jura.ch/Htdocs/Files/v/34949.xlsx/Departements/CHA/SIC/Carrousel/Coronavirus/Cornavirus/Chiffres/Donnees_31_07.xlsx?download=1,,
2318,2020-08-01 16:05:46,2020-06-04 01:00:00,,JU,Jura,26,47.350744,7.156107,205,205,0,1,0,279.67,9.55,,0,7,,,,,,,,,,,,,0,0,https://www.jura.ch/Htdocs/Files/v/34949.xlsx/Departements/CHA/SIC/Carrousel/Coronavirus/Cornavirus/Chiffres/Donnees_31_07.xlsx?download=1,,
2342,2020-08-01 16:05:46,2020-06-05 01:00:00,,JU,Jura,26,47.350744,7.156107,205,205,0,1,0,279.67,9.55,,0,7,,,,,,,,,,,,,0,0,https://www.jura.ch/Htdocs/Files/v/34949.xlsx/Departements/CHA/SIC/Carrousel/Coronavirus/Cornavirus/Chiffres/Donnees_31_07.xlsx?download=1,,
2363,2020-08-01 16:05:46,2020-06-06 01:00:00,,JU,Jura,26,47.350744,7.156107,205,205,0,1,0,279.67,9.55,,0,7,,,,,,,,,,,,,0,0,https://www.jura.ch/Htdocs/Files/v/34949.xlsx/Departements/CHA/SIC/Carrousel/Coronavirus/Cornavirus/Chiffres/Donnees_31_07.xlsx?download=1,,
2381,2020-08-01 16:05:46,2020-06-07 01:00:00,,JU,Jura,26,47.350744,7.156107,205,205,0,1,0,279.67,9.55,,0,7,,,,,,,,,,,,,0,0,https://www.jura.ch/Htdocs/Files/v/34949.xlsx/Departements/CHA/SIC/Carrousel/Coronavirus/Cornavirus/Chiffres/Donnees_31_07.xlsx?download=1,,
2403,2020-08-01 16:05:46,2020-06-08 01:00:00,,JU,Jura,26,47.350744,7.156107,205,205,0,1,0,279.67,9.55,,0,7,,,,,,,,,,,,,0,0,https://www.jura.ch/Htdocs/Files/v/34949.xlsx/Departements/CHA/SIC/Carrousel/Coronavirus/Cornavirus/Chiffres/Donnees_31_07.xlsx?download=1,,
2428,2020-08-01 16:05:46,2020-06-09 01:00:00,,JU,Jura,26,47.350744,7.156107,205,205,0,1,0,279.67,9.55,,0,7,,,,,,,,,,,,,0,0,https://www.jura.ch/Htdocs/Files/v/34949.xlsx/Departements/CHA/SIC/Carrousel/Coronavirus/Cornavirus/Chiffres/Donnees_31_07.xlsx?download=1,,
2452,2020-08-01 16:05:46,2020-06-10 01:00:00,,JU,Jura,26,47.350744,7.156107,205,205,0,1,0,279.67,9.55,,0,7,,,,,,,,,,,,,0,0,https://www.jura.ch/Htdocs/Files/v/34949.xlsx/Departements/CHA/SIC/Carrousel/Coronavirus/Cornavirus/Chiffres/Donnees_31_07.xlsx?download=1,,
2475,2020-08-01 16:05:46,2020-06-11 01:00:00,,JU,Jura,26,47.350744,7.156107,205,205,0,1,0,279.67,9.55,,0,7,,,,,,,,,,,,,0,0,https://www.jura.ch/Htdocs/Files/v/34949.xlsx/Departements/CHA/SIC/Carrousel/Coronavirus/Cornavirus/Chiffres/Donnees_31_07.xlsx?download=1,,
2497,2020-08-01 16:05:46,2020-06-12 01:00:00,,JU,Jura,26,47.350744,7.156107,205,205,0,1,0,279.67,9.55,,0,7,,,,,,,,,,,,,0,0,https://www.jura.ch/Htdocs/Files/v/34949.xlsx/Departements/CHA/SIC/Carrousel/Coronavirus/Cornavirus/Chiffres/Donnees_31_07.xlsx?download=1,,
2516,2020-08-01 16:05:46,2020-06-13 01:00:00,,JU,Jura,26,47.350744,7.156107,206,206,0,1,0,281.04,9.55,,0,7,,,,,,,,,,,,,1,0,https://www.jura.ch/Htdocs/Files/v/34949.xlsx/Departements/CHA/SIC/Carrousel/Coronavirus/Cornavirus/Chiffres/Donnees_31_07.xlsx?download=1,712.207323,
2535,2020-08-01 16:05:46,2020-06-14 01:00:00,,JU,Jura,26,47.350744,7.156107,206,206,0,1,0,281.04,9.55,,0,7,,,,,,,,,,,,,0,0,https://www.jura.ch/Htdocs/Files/v/34949.xlsx/Departements/CHA/SIC/Carrousel/Coronavirus/Cornavirus/Chiffres/Donnees_31_07.xlsx?download=1,712.207323,
2558,2020-08-01 16:05:46,2020-06-15 01:00:00,,JU,Jura,26,47.350744,7.156107,206,206,0,1,0,281.04,9.55,,0,7,,,,,,,,,,,,,0,0,https://www.jura.ch/Htdocs/Files/v/34949.xlsx/Departements/CHA/SIC/Carrousel/Coronavirus/Cornavirus/Chiffres/Donnees_31_07.xlsx?download=1,712.207323,
2582,2020-08-01 16:05:46,2020-06-16 01:00:00,,JU,Jura,26,47.350744,7.156107,206,206,0,1,0,281.04,9.55,,0,7,,,,,,,,,,,,,0,0,https://www.jura.ch/Htdocs/Files/v/34949.xlsx/Departements/CHA/SIC/Carrousel/Coronavirus/Cornavirus/Chiffres/Donnees_31_07.xlsx?download=1,712.207323,
2606,2020-08-01 16:05:46,2020-06-17 01:00:00,,JU,Jura,26,47.350744,7.156107,206,206,0,1,0,281.04,9.55,,0,7,,,,,,,,,,,,,0,0,https://www.jura.ch/Htdocs/Files/v/34949.xlsx/Departements/CHA/SIC/Carrousel/Coronavirus/Cornavirus/Chiffres/Donnees_31_07.xlsx?download=1,712.207323,
2630,2020-08-01 16:05:46,2020-06-18 01:00:00,,JU,Jura,26,47.350744,7.156107,206,206,0,1,0,281.04,9.55,,0,7,,,,,,,,,,,,,0,0,https://www.jura.ch/Htdocs/Files/v/34949.xlsx/Departements/CHA/SIC/Carrousel/Coronavirus/Cornavirus/Chiffres/Donnees_31_07.xlsx?download=1,,
2655,2020-08-01 16:05:46,2020-06-19 01:00:00,,JU,Jura,26,47.350744,7.156107,206,206,-1,0,0,281.04,9.55,,0,7,,,,,,,,,,,,,0,0,https://www.jura.ch/Htdocs/Files/v/34949.xlsx/Departements/CHA/SIC/Carrousel/Coronavirus/Cornavirus/Chiffres/Donnees_31_07.xlsx?download=1,,
2676,2020-08-01 16:05:46,2020-06-20 01:00:00,,JU,Jura,26,47.350744,7.156107,206,206,0,0,0,281.04,9.55,,0,7,,,,,,,,,,,,,0,0,https://www.jura.ch/Htdocs/Files/v/34949.xlsx/Departements/CHA/SIC/Carrousel/Coronavirus/Cornavirus/Chiffres/Donnees_31_07.xlsx?download=1,,
2695,2020-08-01 16:05:46,2020-06-21 01:00:00,,JU,Jura,26,47.350744,7.156107,208,208,0,0,0,283.77,9.55,,0,7,,,,,,,,,,,,,2,0,https://www.jura.ch/Htdocs/Files/v/34949.xlsx/Departements/CHA/SIC/Carrousel/Coronavirus/Cornavirus/Chiffres/Donnees_31_07.xlsx?download=1,358.700875,
2717,2020-08-01 16:05:46,2020-06-22 01:00:00,,JU,Jura,26,47.350744,7.156107,208,208,0,0,0,283.77,9.55,,0,7,,,,,,,,,,,,,0,0,https://www.jura.ch/Htdocs/Files/v/34949.xlsx/Departements/CHA/SIC/Carrousel/Coronavirus/Cornavirus/Chiffres/Donnees_31_07.xlsx?download=1,358.700875,
2742,2020-08-01 16:05:46,2020-06-23 01:00:00,,JU,Jura,26,47.350744,7.156107,208,208,0,0,0,283.77,9.55,,0,7,,,,,,,,,,,,,0,0,https://www.jura.ch/Htdocs/Files/v/34949.xlsx/Departements/CHA/SIC/Carrousel/Coronavirus/Cornavirus/Chiffres/Donnees_31_07.xlsx?download=1,358.700875,
2767,2020-08-01 16:05:46,2020-06-24 01:00:00,,JU,Jura,26,47.350744,7.156107,208,208,0,0,0,283.77,9.55,,0,7,,,,,,,,,,,,,0,0,https://www.jura.ch/Htdocs/Files/v/34949.xlsx/Departements/CHA/SIC/Carrousel/Coronavirus/Cornavirus/Chiffres/Donnees_31_07.xlsx?download=1,358.700875,
2792,2020-08-01 16:05:46,2020-06-25 01:00:00,,JU,Jura,26,47.350744,7.156107,210,210,0,0,0,286.49,9.55,,0,7,,,,,,,,,,,,,2,0,https://www.jura.ch/Htdocs/Files/v/34949.xlsx/Departements/CHA/SIC/Carrousel/Coronavirus/Cornavirus/Chiffres/Donnees_31_07.xlsx?download=1,180.212713,
2818,2020-08-01 16:05:46,2020-06-26 01:00:00,,JU,Jura,26,47.350744,7.156107,211,211,0,0,0,287.86,9.55,,0,7,,,,,,,,,,,,,1,0,https://www.jura.ch/Htdocs/Files/v/34949.xlsx/Departements/CHA/SIC/Carrousel/Coronavirus/Cornavirus/Chiffres/Donnees_31_07.xlsx?download=1,242.019755,
2841,2020-08-01 16:05:46,2020-06-27 01:00:00,,JU,Jura,26,47.350744,7.156107,214,214,0,0,0,291.95,9.55,,0,7,,,,,,,,,,,,,3,0,https://www.jura.ch/Htdocs/Files/v/34949.xlsx/Departements/CHA/SIC/Carrousel/Coronavirus/Cornavirus/Chiffres/Donnees_31_07.xlsx?download=1,121.870166,
2860,2020-08-01 16:05:46,2020-06-28 01:00:00,,JU,Jura,26,47.350744,7.156107,216,216,0,0,0,294.68,9.55,,0,7,,,,,,,,,,,,,2,0,https://www.jura.ch/Htdocs/Files/v/34949.xlsx/Departements/CHA/SIC/Carrousel/Coronavirus/Cornavirus/Chiffres/Donnees_31_07.xlsx?download=1,91.831102,
2882,2020-08-01 16:05:46,2020-06-29 01:00:00,,JU,Jura,26,47.350744,7.156107,216,216,0,0,0,294.68,9.55,,0,7,,,,,,,,,,,,,0,0,https://www.jura.ch/Htdocs/Files/v/34949.xlsx/Departements/CHA/SIC/Carrousel/Coronavirus/Cornavirus/Chiffres/Donnees_31_07.xlsx?download=1,91.831102,
2908,2020-08-01 16:05:46,2020-06-30 01:00:00,,JU,Jura,26,47.350744,7.156107,217,217,0,0,0,296.04,9.55,,0,7,,,,,,,,,,,,,1,0,https://www.jura.ch/Htdocs/Files/v/34949.xlsx/Departements/CHA/SIC/Carrousel/Coronavirus/Cornavirus/Chiffres/Donnees_31_07.xlsx?download=1,105.695475,
2935,2020-08-01 16:05:46,2020-07-01 01:00:00,,JU,Jura,26,47.350744,7.156107,222,222,0,0,0,302.86,9.55,,0,7,,,,,,,,,,,,,5,0,https://www.jura.ch/Htdocs/Files/v/34949.xlsx/Departements/CHA/SIC/Carrousel/Coronavirus/Cornavirus/Chiffres/Donnees_31_07.xlsx?download=1,68.197307,
2961,2020-08-01 16:05:46,2020-07-02 01:00:00,,JU,Jura,26,47.350744,7.156107,227,227,0,0,0,309.69,9.55,,0,7,,,,,,,,,,,,,5,0,https://www.jura.ch/Htdocs/Files/v/34949.xlsx/Departements/CHA/SIC/Carrousel/Coronavirus/Cornavirus/Chiffres/Donnees_31_07.xlsx?download=1,58.767181,
2987,2020-08-01 16:05:46,2020-07-03 01:00:00,,JU,Jura,26,47.350744,7.156107,235,235,0,0,0,320.6,9.55,,0,7,,,,,,,,,,,,,8,0,https://www.jura.ch/Htdocs/Files/v/34949.xlsx/Departements/CHA/SIC/Carrousel/Coronavirus/Cornavirus/Chiffres/Donnees_31_07.xlsx?download=1,41.108467,
3009,2020-08-01 16:05:46,2020-07-04 01:00:00,,JU,Jura,26,47.350744,7.156107,238,238,0,0,0,324.69,9.55,,0,7,,,,,,,,,,,,,3,0,https://www.jura.ch/Htdocs/Files/v/34949.xlsx/Departements/CHA/SIC/Carrousel/Coronavirus/Cornavirus/Chiffres/Donnees_31_07.xlsx?download=1,35.732085,
3027,2020-08-01 16:05:46,2020-07-05 01:00:00,,JU,Jura,26,47.350744,7.156107,244,244,0,0,0,332.88,9.55,,0,7,,,,,,,,,,,,,6,0,https://www.jura.ch/Htdocs/Files/v/34949.xlsx/Departements/CHA/SIC/Carrousel/Coronavirus/Cornavirus/Chiffres/Donnees_31_07.xlsx?download=1,29.553254,
3052,2020-08-01 16:05:46,2020-07-06 01:00:00,,JU,Jura,26,47.350744,7.156107,244,244,0,0,0,332.88,9.55,,0,7,,,,,,,,,,,,,0,0,https://www.jura.ch/Htdocs/Files/v/34949.xlsx/Departements/CHA/SIC/Carrousel/Coronavirus/Cornavirus/Chiffres/Donnees_31_07.xlsx?download=1,36.678008,
3077,2020-08-01 16:05:46,2020-07-07 01:00:00,,JU,Jura,26,47.350744,7.156107,246,246,0,0,0,335.61,9.55,,0,7,,,,,,,,,,,,,2,0,https://www.jura.ch/Htdocs/Files/v/34949.xlsx/Departements/CHA/SIC/Carrousel/Coronavirus/Cornavirus/Chiffres/Donnees_31_07.xlsx?download=1,43.116079,
3103,2020-08-01 16:05:46,2020-07-08 01:00:00,,JU,Jura,26,47.350744,7.156107,249,249,0,0,0,339.7,9.55,,0,7,,,,,,,,,,,,,3,0,https://www.jura.ch/Htdocs/Files/v/34949.xlsx/Departements/CHA/SIC/Carrousel/Coronavirus/Cornavirus/Chiffres/Donnees_31_07.xlsx?download=1,59.891009,
3128,2020-08-01 16:05:46,2020-07-09 01:00:00,,JU,Jura,26,47.350744,7.156107,252,252,0,0,0,343.79,9.55,,0,7,,,,,,,,,,,,,3,0,https://www.jura.ch/Htdocs/Files/v/34949.xlsx/Departements/CHA/SIC/Carrousel/Coronavirus/Cornavirus/Chiffres/Donnees_31_07.xlsx?download=1,60.633871,
3155,2020-08-01 16:05:46,2020-07-10 01:00:00,,JU,Jura,26,47.350744,7.156107,253,253,0,0,0,345.16,9.55,,0,7,,,,,,,,,,,,,1,0,https://www.jura.ch/Htdocs/Files/v/34949.xlsx/Departements/CHA/SIC/Carrousel/Coronavirus/Cornavirus/Chiffres/Donnees_31_07.xlsx?download=1,95.682358,
3176,2020-08-01 16:05:46,2020-07-11 01:00:00,,JU,Jura,26,47.350744,7.156107,256,256,0,0,0,349.25,9.55,,0,7,,,,,,,,,,,,,3,0,https://www.jura.ch/Htdocs/Files/v/34949.xlsx/Departements/CHA/SIC/Carrousel/Coronavirus/Cornavirus/Chiffres/Donnees_31_07.xlsx?download=1,72.188966,
3194,2020-08-01 16:05:46,2020-07-12 01:00:00,,JU,Jura,26,47.350744,7.156107,256,256,0,0,0,349.25,9.55,,0,7,,,,,,,,,,,,,0,0,https://www.jura.ch/Htdocs/Files/v/34949.xlsx/Departements/CHA/SIC/Carrousel/Coronavirus/Cornavirus/Chiffres/Donnees_31_07.xlsx?download=1,86.978464,
3216,2020-08-01 16:05:46,2020-07-13 01:00:00,,JU,Jura,26,47.350744,7.156107,256,256,1,1,0,349.25,9.55,,0,7,,,,,,,,,,,,,0,0,https://www.jura.ch/Htdocs/Files/v/34949.xlsx/Departements/CHA/SIC/Carrousel/Coronavirus/Cornavirus/Chiffres/Donnees_31_07.xlsx?download=1,125.006038,
3243,2020-08-01 16:05:46,2020-07-14 01:00:00,,JU,Jura,26,47.350744,7.156107,257,257,0,1,0,350.61,9.55,,0,7,,,,,,,,,,,,,1,0,https://www.jura.ch/Htdocs/Files/v/34949.xlsx/Departements/CHA/SIC/Carrousel/Coronavirus/Cornavirus/Chiffres/Donnees_31_07.xlsx?download=1,176.400283,
3268,2020-08-01 16:05:46,2020-07-15 01:00:00,,JU,Jura,26,47.350744,7.156107,258,258,1,2,0,351.98,9.55,,0,7,,,,,,,,,,,,,1,0,https://www.jura.ch/Htdocs/Files/v/34949.xlsx/Departements/CHA/SIC/Carrousel/Coronavirus/Cornavirus/Chiffres/Donnees_31_07.xlsx?download=1,177.093453,
3293,2020-08-01 16:05:46,2020-07-16 01:00:00,,JU,Jura,26,47.350744,7.156107,259,259,-1,1,0,353.34,9.55,,0,7,,,,,,,,,,,,,1,0,https://www.jura.ch/Htdocs/Files/v/34949.xlsx/Departements/CHA/SIC/Carrousel/Coronavirus/Cornavirus/Chiffres/Donnees_31_07.xlsx?download=1,297.4723,
3320,2020-08-01 16:05:46,2020-07-17 01:00:00,,JU,Jura,26,47.350744,7.156107,259,259,0,1,0,353.34,9.55,,0,7,,,,,,,,,,,,,0,0,https://www.jura.ch/Htdocs/Files/v/34949.xlsx/Departements/CHA/SIC/Carrousel/Coronavirus/Cornavirus/Chiffres/Donnees_31_07.xlsx?download=1,297.4723,
3341,2020-08-01 16:05:46,2020-07-18 01:00:00,,JU,Jura,26,47.350744,7.156107,259,259,0,1,0,353.34,9.55,,0,7,,,,,,,,,,,,,0,0,https://www.jura.ch/Htdocs/Files/v/34949.xlsx/Departements/CHA/SIC/Carrousel/Coronavirus/Cornavirus/Chiffres/Donnees_31_07.xlsx?download=1,297.4723,
3358,2020-08-01 16:05:46,2020-07-19 01:00:00,,JU,Jura,26,47.350744,7.156107,259,259,0,1,0,353.34,9.55,,0,7,,,,,,,,,,,,,0,0,https://www.jura.ch/Htdocs/Files/v/34949.xlsx/Departements/CHA/SIC/Carrousel/Coronavirus/Cornavirus/Chiffres/Donnees_31_07.xlsx?download=1,447.077693,
3379,2020-08-01 16:05:46,2020-07-20 01:00:00,,JU,Jura,26,47.350744,7.156107,259,259,0,1,0,353.34,9.55,,0,7,,,,,,,,,,,,,0,0,https://www.jura.ch/Htdocs/Files/v/34949.xlsx/Departements/CHA/SIC/Carrousel/Coronavirus/Cornavirus/Chiffres/Donnees_31_07.xlsx?download=1,895.891614,
3405,2020-08-01 16:05:46,2020-07-21 01:00:00,,JU,Jura,26,47.350744,7.156107,259,259,0,1,0,353.34,9.55,,0,7,,,,,,,,,,,,,0,0,https://www.jura.ch/Htdocs/Files/v/34949.xlsx/Departements/CHA/SIC/Carrousel/Coronavirus/Cornavirus/Chiffres/Donnees_31_07.xlsx?download=1,,
3429,2020-08-01 16:05:46,2020-07-22 01:00:00,,JU,Jura,26,47.350744,7.156107,259,259,0,1,0,353.34,9.55,,0,7,,,,,,,,,,,,,0,0,https://www.jura.ch/Htdocs/Files/v/34949.xlsx/Departements/CHA/SIC/Carrousel/Coronavirus/Cornavirus/Chiffres/Donnees_31_07.xlsx?download=1,,
3454,2020-08-01 16:05:46,2020-07-23 01:00:00,,JU,Jura,26,47.350744,7.156107,259,259,0,1,0,353.34,9.55,,0,7,,,,,,,,,,,,,0,0,https://www.jura.ch/Htdocs/Files/v/34949.xlsx/Departements/CHA/SIC/Carrousel/Coronavirus/Cornavirus/Chiffres/Donnees_31_07.xlsx?download=1,,
3480,2020-08-01 16:05:46,2020-07-24 01:00:00,,JU,Jura,26,47.350744,7.156107,259,259,0,1,0,353.34,9.55,,0,7,,,,,,,,,,,,,0,0,https://www.jura.ch/Htdocs/Files/v/34949.xlsx/Departements/CHA/SIC/Carrousel/Coronavirus/Cornavirus/Chiffres/Donnees_31_07.xlsx?download=1,,
3501,2020-08-01 16:05:46,2020-07-25 01:00:00,,JU,Jura,26,47.350744,7.156107,259,259,-1,0,0,353.34,9.55,,0,7,,,,,,,,,,,,,0,0,https://www.jura.ch/Htdocs/Files/v/34949.xlsx/Departements/CHA/SIC/Carrousel/Coronavirus/Cornavirus/Chiffres/Donnees_31_07.xlsx?download=1,,
3518,2020-08-01 16:05:46,2020-07-26 01:00:00,,JU,Jura,26,47.350744,7.156107,259,259,0,0,0,353.34,9.55,,0,7,,,,,,,,,,,,,0,0,https://www.jura.ch/Htdocs/Files/v/34949.xlsx/Departements/CHA/SIC/Carrousel/Coronavirus/Cornavirus/Chiffres/Donnees_31_07.xlsx?download=1,,
3539,2020-08-01 16:05:46,2020-07-27 01:00:00,,JU,Jura,26,47.350744,7.156107,259,259,0,0,0,353.34,9.55,,0,7,,,,,,,,,,,,,0,0,https://www.jura.ch/Htdocs/Files/v/34949.xlsx/Departements/CHA/SIC/Carrousel/Coronavirus/Cornavirus/Chiffres/Donnees_31_07.xlsx?download=1,,
3564,2020-08-01 16:05:46,2020-07-28 01:00:00,,JU,Jura,26,47.350744,7.156107,260,260,0,0,0,354.71,9.55,,0,7,,,,,,,,,,,,,1,0,https://www.jura.ch/Htdocs/Files/v/34949.xlsx/Departements/CHA/SIC/Carrousel/Coronavirus/Cornavirus/Chiffres/Donnees_31_07.xlsx?download=1,899.357354,
3591,2020-08-01 16:05:46,2020-07-29 01:00:00,,JU,Jura,26,47.350744,7.156107,260,260,0,0,0,354.71,9.55,,0,7,,,,,,,,,,,,,0,0,https://www.jura.ch/Htdocs/Files/v/34949.xlsx/Departements/CHA/SIC/Carrousel/Coronavirus/Cornavirus/Chiffres/Donnees_31_07.xlsx?download=1,899.357354,
3617,2020-08-01 16:05:46,2020-07-30 01:00:00,,JU,Jura,26,47.350744,7.156107,260,260,0,0,0,354.71,9.55,,0,7,,,,,,,,,,,,,0,0,https://www.jura.ch/Htdocs/Files/v/34949.xlsx/Departements/CHA/SIC/Carrousel/Coronavirus/Cornavirus/Chiffres/Donnees_31_07.xlsx?download=1,899.357354,
3641,2020-08-01 16:05:46,2020-07-31 01:00:00,,JU,Jura,26,47.350744,7.156107,260,260,0,0,0,354.71,9.55,,0,7,,,,,,,,,,,,,0,0,https://www.jura.ch/Htdocs/Files/v/34949.xlsx/Departements/CHA/SIC/Carrousel/Coronavirus/Cornavirus/Chiffres/Donnees_31_07.xlsx?download=1,899.357354,
