,last_update,timestamp,tests_performed,abbreviation_canton,name_canton,number_canton,lat,long,total_positive_cases,total_currently_positive_cases,new_hosp,total_hospitalized,intensive_care,total_currently_positive_per_100k,deaths_per_100k,released,ncumul_ICU_intub,deaths,ncumul_vent,current_isolated,current_quarantined,current_quarantined_riskareatravel,current_quarantined_total,ncumul_ICF,ncumul_confirmed_non_resident,current_hosp_non_resident,current_hosp_resident,TotalPosTests1,ninst_ICU_intub,new_positive_cases,new_deaths,source,doubling_time_total_positive,doubling_time_fatalities
73,2020-09-11 21:06:16,2020-03-01 02:00:00,,NE,Neuchâtel,24,46.995534,6.780126,1,1,0,,,0.56,,,0,,,,,,,,,,,,,0,0,https://www.ne.ch/autorites/DFS/SCSP/medecin-cantonal/maladies-vaccinations/Documents/Covid-19-Statistiques/COVID19_PublicationInternet.xlsx,0.0,0.0
88,2020-09-11 21:06:16,2020-03-02 02:00:00,,NE,Neuchâtel,24,46.995534,6.780126,1,1,0,1,,0.56,,,0,,,,,,,,,,,,,0,0,https://www.ne.ch/autorites/DFS/SCSP/medecin-cantonal/maladies-vaccinations/Documents/Covid-19-Statistiques/COVID19_PublicationInternet.xlsx,0.0,0.0
102,2020-09-11 21:06:16,2020-03-03 02:00:00,,NE,Neuchâtel,24,46.995534,6.780126,1,1,0,1,,0.56,,,0,,,,,,,,,,,,,0,0,https://www.ne.ch/autorites/DFS/SCSP/medecin-cantonal/maladies-vaccinations/Documents/Covid-19-Statistiques/COVID19_PublicationInternet.xlsx,0.0,0.0
119,2020-09-11 21:06:16,2020-03-04 02:00:00,,NE,Neuchâtel,24,46.995534,6.780126,8,8,3,4,,4.49,,,0,,,,,,,,,,,,,7,0,https://www.ne.ch/autorites/DFS/SCSP/medecin-cantonal/maladies-vaccinations/Documents/Covid-19-Statistiques/COVID19_PublicationInternet.xlsx,0.0,0.0
136,2020-09-11 21:06:16,2020-03-05 02:00:00,,NE,Neuchâtel,24,46.995534,6.780126,9,9,0,4,,5.06,,,0,,,,,,,,,,,,,1,0,https://www.ne.ch/autorites/DFS/SCSP/medecin-cantonal/maladies-vaccinations/Documents/Covid-19-Statistiques/COVID19_PublicationInternet.xlsx,0.0,0.0
151,2020-09-11 21:06:16,2020-03-06 02:00:00,,NE,Neuchâtel,24,46.995534,6.780126,13,13,-2,2,,7.3,,,0,,,,,,,,,,,,,4,0,https://www.ne.ch/autorites/DFS/SCSP/medecin-cantonal/maladies-vaccinations/Documents/Covid-19-Statistiques/COVID19_PublicationInternet.xlsx,1.351191,0.0
168,2020-09-11 21:06:16,2020-03-07 02:00:00,,NE,Neuchâtel,24,46.995534,6.780126,18,18,0,2,,10.11,,,0,,,,,,,,,,,,,5,0,https://www.ne.ch/autorites/DFS/SCSP/medecin-cantonal/maladies-vaccinations/Documents/Covid-19-Statistiques/COVID19_PublicationInternet.xlsx,1.199062,0.0
183,2020-09-11 21:06:16,2020-03-08 02:00:00,,NE,Neuchâtel,24,46.995534,6.780126,24,24,1,3,,13.48,,,0,,,,,,,,,,,,,6,0,https://www.ne.ch/autorites/DFS/SCSP/medecin-cantonal/maladies-vaccinations/Documents/Covid-19-Statistiques/COVID19_PublicationInternet.xlsx,1.090521,0.0
200,2020-09-11 21:06:16,2020-03-09 02:00:00,,NE,Neuchâtel,24,46.995534,6.780126,27,27,1,4,,15.17,,,0,,,,,,,,,,,,,3,0,https://www.ne.ch/autorites/DFS/SCSP/medecin-cantonal/maladies-vaccinations/Documents/Covid-19-Statistiques/COVID19_PublicationInternet.xlsx,2.849185,0.0
215,2020-09-11 21:06:16,2020-03-10 02:00:00,,NE,Neuchâtel,24,46.995534,6.780126,31,31,0,4,,17.42,,,0,,,,,,,,,,,,,4,0,https://www.ne.ch/autorites/DFS/SCSP/medecin-cantonal/maladies-vaccinations/Documents/Covid-19-Statistiques/COVID19_PublicationInternet.xlsx,2.802264,0.0
231,2020-09-11 21:06:16,2020-03-11 02:00:00,,NE,Neuchâtel,24,46.995534,6.780126,37,37,2,6,,20.79,,,0,,,,,,,,,,,,,6,0,https://www.ne.ch/autorites/DFS/SCSP/medecin-cantonal/maladies-vaccinations/Documents/Covid-19-Statistiques/COVID19_PublicationInternet.xlsx,3.313423,0.0
250,2020-09-11 21:06:16,2020-03-12 02:00:00,,NE,Neuchâtel,24,46.995534,6.780126,46,46,0,6,,25.84,,,0,,,,,,,,,,,,,9,0,https://www.ne.ch/autorites/DFS/SCSP/medecin-cantonal/maladies-vaccinations/Documents/Covid-19-Statistiques/COVID19_PublicationInternet.xlsx,3.693753,0.0
270,2020-09-11 21:06:16,2020-03-13 02:00:00,,NE,Neuchâtel,24,46.995534,6.780126,59,59,3,9,,33.15,,,0,,,,,,,,,,,,,13,0,https://www.ne.ch/autorites/DFS/SCSP/medecin-cantonal/maladies-vaccinations/Documents/Covid-19-Statistiques/COVID19_PublicationInternet.xlsx,3.853028,0.0
290,2020-09-11 21:06:16,2020-03-14 02:00:00,,NE,Neuchâtel,24,46.995534,6.780126,68,68,1,10,,38.2,,,0,,,,,,,,,,,,,9,0,https://www.ne.ch/autorites/DFS/SCSP/medecin-cantonal/maladies-vaccinations/Documents/Covid-19-Statistiques/COVID19_PublicationInternet.xlsx,3.752133,0.0
306,2020-09-11 21:06:16,2020-03-15 02:00:00,,NE,Neuchâtel,24,46.995534,6.780126,74,74,-1,9,,41.57,,,0,,,,,,,,,,,,,6,0,https://www.ne.ch/autorites/DFS/SCSP/medecin-cantonal/maladies-vaccinations/Documents/Covid-19-Statistiques/COVID19_PublicationInternet.xlsx,3.983248,0.0
327,2020-09-11 21:06:16,2020-03-16 02:00:00,,NE,Neuchâtel,24,46.995534,6.780126,93,93,4,13,,52.25,,,0,,,,,,,,,,,,,19,0,https://www.ne.ch/autorites/DFS/SCSP/medecin-cantonal/maladies-vaccinations/Documents/Covid-19-Statistiques/COVID19_PublicationInternet.xlsx,3.760231,0.0
346,2020-09-11 21:06:16,2020-03-17 02:00:00,,NE,Neuchâtel,24,46.995534,6.780126,114,114,3,16,,64.04,0.562,,0,1,,,,,,,,,,,,21,0,https://www.ne.ch/autorites/DFS/SCSP/medecin-cantonal/maladies-vaccinations/Documents/Covid-19-Statistiques/COVID19_PublicationInternet.xlsx,3.818753,0.0
368,2020-09-11 21:06:16,2020-03-18 02:00:00,,NE,Neuchâtel,24,46.995534,6.780126,146,146,2,18,,82.02,1.124,,0,2,,,,,,,,,,,,32,1,https://www.ne.ch/autorites/DFS/SCSP/medecin-cantonal/maladies-vaccinations/Documents/Covid-19-Statistiques/COVID19_PublicationInternet.xlsx,3.825024,0.0
390,2020-09-11 21:06:16,2020-03-19 02:00:00,,NE,Neuchâtel,24,46.995534,6.780126,175,175,1,19,,98.31,1.685,,0,3,,,,,,,,,,,,29,1,https://www.ne.ch/autorites/DFS/SCSP/medecin-cantonal/maladies-vaccinations/Documents/Covid-19-Statistiques/COVID19_PublicationInternet.xlsx,3.666366,0.0
412,2020-09-11 21:06:16,2020-03-20 02:00:00,,NE,Neuchâtel,24,46.995534,6.780126,189,189,2,21,,106.18,1.685,,0,3,,,,,,,,,,,,14,0,https://www.ne.ch/autorites/DFS/SCSP/medecin-cantonal/maladies-vaccinations/Documents/Covid-19-Statistiques/COVID19_PublicationInternet.xlsx,3.696068,0.0
435,2020-09-11 21:06:16,2020-03-21 02:00:00,,NE,Neuchâtel,24,46.995534,6.780126,200,200,-1,20,,112.36,2.247,,0,4,,,,,,,,,,,,11,1,https://www.ne.ch/autorites/DFS/SCSP/medecin-cantonal/maladies-vaccinations/Documents/Covid-19-Statistiques/COVID19_PublicationInternet.xlsx,4.526126,0.0
455,2020-09-11 21:06:16,2020-03-22 02:00:00,,NE,Neuchâtel,24,46.995534,6.780126,216,216,8,28,,121.35,2.247,,0,4,,,,,,,,,,,,16,0,https://www.ne.ch/autorites/DFS/SCSP/medecin-cantonal/maladies-vaccinations/Documents/Covid-19-Statistiques/COVID19_PublicationInternet.xlsx,5.423008,2.5
476,2020-09-11 21:06:16,2020-03-23 02:00:00,,NE,Neuchâtel,24,46.995534,6.780126,247,247,5,33,11,138.76,2.809,,0,5,6,,,,,,,,,,,31,1,https://www.ne.ch/autorites/DFS/SCSP/medecin-cantonal/maladies-vaccinations/Documents/Covid-19-Statistiques/COVID19_PublicationInternet.xlsx,6.591587,3.782354
502,2020-09-11 21:06:16,2020-03-24 02:00:00,,NE,Neuchâtel,24,46.995534,6.780126,265,265,-1,32,8,148.88,3.371,,0,6,6,,,,,,,,,,,18,1,https://www.ne.ch/autorites/DFS/SCSP/medecin-cantonal/maladies-vaccinations/Documents/Covid-19-Statistiques/COVID19_PublicationInternet.xlsx,8.352301,5.0
529,2020-09-11 21:06:16,2020-03-25 02:00:00,,NE,Neuchâtel,24,46.995534,6.780126,280,280,9,41,10,157.3,5.056,,0,9,7,,,,,,,,,,,15,3,https://www.ne.ch/autorites/DFS/SCSP/medecin-cantonal/maladies-vaccinations/Documents/Covid-19-Statistiques/COVID19_PublicationInternet.xlsx,8.817711,3.154649
555,2020-09-11 21:06:16,2020-03-26 02:00:00,,NE,Neuchâtel,24,46.995534,6.780126,299,299,1,42,9,167.98,6.742,,0,12,7,,,,,,,,,,,19,3,https://www.ne.ch/autorites/DFS/SCSP/medecin-cantonal/maladies-vaccinations/Documents/Covid-19-Statistiques/COVID19_PublicationInternet.xlsx,8.618528,3.154649
582,2020-09-11 21:06:16,2020-03-27 02:00:00,,NE,Neuchâtel,24,46.995534,6.780126,316,316,3,45,9,177.53,7.303,,0,13,7,,,,,,,,,,,17,1,https://www.ne.ch/autorites/DFS/SCSP/medecin-cantonal/maladies-vaccinations/Documents/Covid-19-Statistiques/COVID19_PublicationInternet.xlsx,9.109239,2.940416
608,2020-09-11 21:06:16,2020-03-28 02:00:00,,NE,Neuchâtel,24,46.995534,6.780126,337,337,5,50,11,189.33,8.427,,0,15,8,,,,,,,,,,,21,2,https://www.ne.ch/autorites/DFS/SCSP/medecin-cantonal/maladies-vaccinations/Documents/Covid-19-Statistiques/COVID19_PublicationInternet.xlsx,11.1548,3.154649
632,2020-09-11 21:06:16,2020-03-29 01:00:00,,NE,Neuchâtel,24,46.995534,6.780126,346,346,10,60,16,194.38,10.112,,0,18,6,,,,,,,,,,,9,3,https://www.ne.ch/autorites/DFS/SCSP/medecin-cantonal/maladies-vaccinations/Documents/Covid-19-Statistiques/COVID19_PublicationInternet.xlsx,12.994449,3.154649
658,2020-09-11 21:06:16,2020-03-30 01:00:00,,NE,Neuchâtel,24,46.995534,6.780126,378,378,-3,57,12,212.36,11.236,,0,20,6,,,,,,,,,,,32,2,https://www.ne.ch/autorites/DFS/SCSP/medecin-cantonal/maladies-vaccinations/Documents/Covid-19-Statistiques/COVID19_PublicationInternet.xlsx,11.548427,4.340266
684,2020-09-11 21:06:16,2020-03-31 01:00:00,,NE,Neuchâtel,24,46.995534,6.780126,402,402,2,59,14,225.84,12.36,,0,22,8,,,,,,,,,,,24,2,https://www.ne.ch/autorites/DFS/SCSP/medecin-cantonal/maladies-vaccinations/Documents/Covid-19-Statistiques/COVID19_PublicationInternet.xlsx,11.70823,5.717755
710,2020-09-11 21:06:16,2020-04-01 01:00:00,,NE,Neuchâtel,24,46.995534,6.780126,420,420,7,66,14,235.96,13.483,,0,24,8,,,,,,,,,,,18,2,https://www.ne.ch/autorites/DFS/SCSP/medecin-cantonal/maladies-vaccinations/Documents/Covid-19-Statistiques/COVID19_PublicationInternet.xlsx,12.181313,5.652766
737,2020-09-11 21:06:16,2020-04-02 01:00:00,,NE,Neuchâtel,24,46.995534,6.780126,430,430,-5,61,12,241.57,15.169,,0,27,10,,,,,,,,,,,10,3,https://www.ne.ch/autorites/DFS/SCSP/medecin-cantonal/maladies-vaccinations/Documents/Covid-19-Statistiques/COVID19_PublicationInternet.xlsx,14.221188,5.896248
764,2020-09-11 21:06:16,2020-04-03 01:00:00,,NE,Neuchâtel,24,46.995534,6.780126,444,444,0,61,11,249.44,15.73,,0,28,9,,,,,,,,,,,14,1,https://www.ne.ch/autorites/DFS/SCSP/medecin-cantonal/maladies-vaccinations/Documents/Covid-19-Statistiques/COVID19_PublicationInternet.xlsx,13.897087,7.844
790,2020-09-11 21:06:16,2020-04-04 01:00:00,,NE,Neuchâtel,24,46.995534,6.780126,452,452,-2,59,10,253.93,16.854,,0,30,9,,,,,,,,,,,8,2,https://www.ne.ch/autorites/DFS/SCSP/medecin-cantonal/maladies-vaccinations/Documents/Covid-19-Statistiques/COVID19_PublicationInternet.xlsx,19.384613,8.547556
814,2020-09-11 21:06:16,2020-04-05 01:00:00,,NE,Neuchâtel,24,46.995534,6.780126,463,463,-1,58,12,260.11,17.416,,0,31,8,,,,,,,,,,,11,1,https://www.ne.ch/autorites/DFS/SCSP/medecin-cantonal/maladies-vaccinations/Documents/Covid-19-Statistiques/COVID19_PublicationInternet.xlsx,24.531847,10.105814
840,2020-09-11 21:06:16,2020-04-06 01:00:00,,NE,Neuchâtel,24,46.995534,6.780126,485,485,1,59,10,272.47,20.225,,0,36,8,,,,,,,,,,,22,5,https://www.ne.ch/autorites/DFS/SCSP/medecin-cantonal/maladies-vaccinations/Documents/Covid-19-Statistiques/COVID19_PublicationInternet.xlsx,24.08531,8.547556
867,2020-09-11 21:06:16,2020-04-07 01:00:00,,NE,Neuchâtel,24,46.995534,6.780126,509,509,5,64,10,285.96,22.472,,0,40,5,,,,,,,,,,,24,4,https://www.ne.ch/autorites/DFS/SCSP/medecin-cantonal/maladies-vaccinations/Documents/Covid-19-Statistiques/COVID19_PublicationInternet.xlsx,20.548311,8.817711
894,2020-09-11 21:06:16,2020-04-08 01:00:00,,NE,Neuchâtel,24,46.995534,6.780126,513,513,-1,63,10,288.2,23.596,,0,42,7,,,,,,,,,,,4,2,https://www.ne.ch/autorites/DFS/SCSP/medecin-cantonal/maladies-vaccinations/Documents/Covid-19-Statistiques/COVID19_PublicationInternet.xlsx,23.99242,8.547556
921,2020-09-11 21:06:16,2020-04-09 01:00:00,,NE,Neuchâtel,24,46.995534,6.780126,545,545,-5,58,10,306.18,24.719,,0,44,7,,,,,,,,,,,32,2,https://www.ne.ch/autorites/DFS/SCSP/medecin-cantonal/maladies-vaccinations/Documents/Covid-19-Statistiques/COVID19_PublicationInternet.xlsx,18.523084,9.049102
947,2020-09-11 21:06:16,2020-04-10 01:00:00,,NE,Neuchâtel,24,46.995534,6.780126,564,564,5,63,11,316.85,24.719,,0,44,8,,,,,,,,,,,19,0,https://www.ne.ch/autorites/DFS/SCSP/medecin-cantonal/maladies-vaccinations/Documents/Covid-19-Statistiques/COVID19_PublicationInternet.xlsx,17.563397,9.896379
973,2020-09-11 21:06:16,2020-04-11 01:00:00,,NE,Neuchâtel,24,46.995534,6.780126,573,573,1,64,11,321.91,26.404,,0,47,9,,,,,,,,,,,9,3,https://www.ne.ch/autorites/DFS/SCSP/medecin-cantonal/maladies-vaccinations/Documents/Covid-19-Statistiques/COVID19_PublicationInternet.xlsx,20.785666,12.998362
997,2020-09-11 21:06:16,2020-04-12 01:00:00,,NE,Neuchâtel,24,46.995534,6.780126,583,583,3,67,10,327.53,29.213,,0,52,10,,,,,,,,,,,10,5,https://www.ne.ch/autorites/DFS/SCSP/medecin-cantonal/maladies-vaccinations/Documents/Covid-19-Statistiques/COVID19_PublicationInternet.xlsx,25.53232,13.209634
1023,2020-09-11 21:06:16,2020-04-13 01:00:00,,NE,Neuchâtel,24,46.995534,6.780126,588,588,0,67,10,330.34,30.899,,0,55,10,,,,,,,,,,,5,3,https://www.ne.ch/autorites/DFS/SCSP/medecin-cantonal/maladies-vaccinations/Documents/Covid-19-Statistiques/COVID19_PublicationInternet.xlsx,25.399105,12.852073
1049,2020-09-11 21:06:16,2020-04-14 01:00:00,,NE,Neuchâtel,24,46.995534,6.780126,599,599,-7,60,11,336.52,32.584,,0,58,10,,,,,,,,,,,11,3,https://www.ne.ch/autorites/DFS/SCSP/medecin-cantonal/maladies-vaccinations/Documents/Covid-19-Statistiques/COVID19_PublicationInternet.xlsx,36.683847,12.545497
1076,2020-09-11 21:06:16,2020-04-15 01:00:00,,NE,Neuchâtel,24,46.995534,6.780126,612,612,-6,54,12,343.82,33.146,,0,59,10,,,,,,,,,,,13,1,https://www.ne.ch/autorites/DFS/SCSP/medecin-cantonal/maladies-vaccinations/Documents/Covid-19-Statistiques/COVID19_PublicationInternet.xlsx,42.431678,11.814426
1103,2020-09-11 21:06:16,2020-04-16 01:00:00,,NE,Neuchâtel,24,46.995534,6.780126,621,621,-2,52,11,348.88,34.27,,0,61,9,,,,,,,,,,,9,2,https://www.ne.ch/autorites/DFS/SCSP/medecin-cantonal/maladies-vaccinations/Documents/Covid-19-Statistiques/COVID19_PublicationInternet.xlsx,43.081859,13.292623
1130,2020-09-11 21:06:16,2020-04-17 01:00:00,,NE,Neuchâtel,24,46.995534,6.780126,630,630,-8,44,10,353.93,35.955,,0,64,8,,,,,,,,,,,9,3,https://www.ne.ch/autorites/DFS/SCSP/medecin-cantonal/maladies-vaccinations/Documents/Covid-19-Statistiques/COVID19_PublicationInternet.xlsx,44.700351,16.691131
1155,2020-09-11 21:06:16,2020-04-18 01:00:00,,NE,Neuchâtel,24,46.995534,6.780126,633,633,0,44,10,355.62,35.955,,0,64,8,,,,,,,,,,,3,0,https://www.ne.ch/autorites/DFS/SCSP/medecin-cantonal/maladies-vaccinations/Documents/Covid-19-Statistiques/COVID19_PublicationInternet.xlsx,46.997188,22.868613
1180,2020-09-11 21:06:16,2020-04-19 01:00:00,,NE,Neuchâtel,24,46.995534,6.780126,634,634,-1,43,9,356.18,37.079,,0,66,4,,,,,,,,,,,1,2,https://www.ne.ch/autorites/DFS/SCSP/medecin-cantonal/maladies-vaccinations/Documents/Covid-19-Statistiques/COVID19_PublicationInternet.xlsx,61.030062,26.822146
1206,2020-09-11 21:06:16,2020-04-20 01:00:00,,NE,Neuchâtel,24,46.995534,6.780126,643,643,1,44,10,361.24,38.764,,0,69,5,,,,,,,,,,,9,3,https://www.ne.ch/autorites/DFS/SCSP/medecin-cantonal/maladies-vaccinations/Documents/Covid-19-Statistiques/COVID19_PublicationInternet.xlsx,70.138932,22.135509
1233,2020-09-11 21:06:16,2020-04-21 01:00:00,,NE,Neuchâtel,24,46.995534,6.780126,648,648,-7,37,7,364.04,39.326,,0,70,4,,,,,,,,,,,5,1,https://www.ne.ch/autorites/DFS/SCSP/medecin-cantonal/maladies-vaccinations/Documents/Covid-19-Statistiques/COVID19_PublicationInternet.xlsx,81.432502,25.183122
1260,2020-09-11 21:06:16,2020-04-22 01:00:00,,NE,Neuchâtel,24,46.995534,6.780126,655,655,0,37,6,367.98,40.449,,0,72,4,,,,,,,,,,,7,2,https://www.ne.ch/autorites/DFS/SCSP/medecin-cantonal/maladies-vaccinations/Documents/Covid-19-Statistiques/COVID19_PublicationInternet.xlsx,89.058174,29.424746
1287,2020-09-11 21:06:16,2020-04-23 01:00:00,,NE,Neuchâtel,24,46.995534,6.780126,662,662,-2,35,6,371.91,40.449,,0,72,4,,,,,,,,,,,7,0,https://www.ne.ch/autorites/DFS/SCSP/medecin-cantonal/maladies-vaccinations/Documents/Covid-19-Statistiques/COVID19_PublicationInternet.xlsx,77.36858,29.424746
1314,2020-09-11 21:06:16,2020-04-24 01:00:00,,NE,Neuchâtel,24,46.995534,6.780126,665,665,1,36,6,373.6,41.573,,0,74,4,,,,,,,,,,,3,2,https://www.ne.ch/autorites/DFS/SCSP/medecin-cantonal/maladies-vaccinations/Documents/Covid-19-Statistiques/COVID19_PublicationInternet.xlsx,72.59897,30.292153
1339,2020-09-11 21:06:16,2020-04-25 01:00:00,,NE,Neuchâtel,24,46.995534,6.780126,666,666,-1,35,4,374.16,42.135,,0,75,3,,,,,,,,,,,1,1,https://www.ne.ch/autorites/DFS/SCSP/medecin-cantonal/maladies-vaccinations/Documents/Covid-19-Statistiques/COVID19_PublicationInternet.xlsx,98.612639,41.564752
1362,2020-09-11 21:06:16,2020-04-26 01:00:00,,NE,Neuchâtel,24,46.995534,6.780126,667,667,-3,32,3,374.72,43.258,,0,77,3,,,,,,,,,,,1,2,https://www.ne.ch/autorites/DFS/SCSP/medecin-cantonal/maladies-vaccinations/Documents/Covid-19-Statistiques/COVID19_PublicationInternet.xlsx,119.924357,36.362704
1388,2020-09-11 21:06:16,2020-04-27 01:00:00,,NE,Neuchâtel,24,46.995534,6.780126,672,672,-4,28,3,377.53,43.258,,0,77,3,,,,,,,,,,,5,0,https://www.ne.ch/autorites/DFS/SCSP/medecin-cantonal/maladies-vaccinations/Documents/Covid-19-Statistiques/COVID19_PublicationInternet.xlsx,135.258233,51.620076
1415,2020-09-11 21:06:16,2020-04-28 01:00:00,,NE,Neuchâtel,24,46.995534,6.780126,676,676,-2,26,3,379.78,43.82,,0,78,3,,,,,,,,,,,4,1,https://www.ne.ch/autorites/DFS/SCSP/medecin-cantonal/maladies-vaccinations/Documents/Covid-19-Statistiques/COVID19_PublicationInternet.xlsx,165.606622,43.298584
1442,2020-09-11 21:06:16,2020-04-29 01:00:00,,NE,Neuchâtel,24,46.995534,6.780126,680,680,0,26,4,382.02,43.82,,0,78,4,,,,,,,,,,,4,0,https://www.ne.ch/autorites/DFS/SCSP/medecin-cantonal/maladies-vaccinations/Documents/Covid-19-Statistiques/COVID19_PublicationInternet.xlsx,155.374051,65.833779
1469,2020-09-11 21:06:16,2020-04-30 01:00:00,,NE,Neuchâtel,24,46.995534,6.780126,685,685,-1,25,5,384.83,44.944,,0,80,4,,,,,,,,,,,5,2,https://www.ne.ch/autorites/DFS/SCSP/medecin-cantonal/maladies-vaccinations/Documents/Covid-19-Statistiques/COVID19_PublicationInternet.xlsx,123.207908,53.700268
1496,2020-09-11 21:06:16,2020-05-01 01:00:00,,NE,Neuchâtel,24,46.995534,6.780126,688,688,1,26,2,386.52,44.944,,0,80,2,,,,,,,,,,,3,0,https://www.ne.ch/autorites/DFS/SCSP/medecin-cantonal/maladies-vaccinations/Documents/Covid-19-Statistiques/COVID19_PublicationInternet.xlsx,111.802289,90.675718
1522,2020-09-11 21:06:16,2020-05-02 01:00:00,,NE,Neuchâtel,24,46.995534,6.780126,688,688,0,26,2,386.52,44.944,,0,80,2,,,,,,,,,,,0,0,https://www.ne.ch/autorites/DFS/SCSP/medecin-cantonal/maladies-vaccinations/Documents/Covid-19-Statistiques/COVID19_PublicationInternet.xlsx,147.28698,90.675718
1546,2020-09-11 21:06:16,2020-05-03 01:00:00,,NE,Neuchâtel,24,46.995534,6.780126,689,689,0,26,2,387.08,45.506,,0,81,2,,,,,,,,,,,1,1,https://www.ne.ch/autorites/DFS/SCSP/medecin-cantonal/maladies-vaccinations/Documents/Covid-19-Statistiques/COVID19_PublicationInternet.xlsx,181.945634,91.831102
1571,2020-09-11 21:06:16,2020-05-04 01:00:00,,NE,Neuchâtel,24,46.995534,6.780126,691,691,-1,25,3,388.2,45.506,,0,81,3,,,,,,,,,,,2,0,https://www.ne.ch/autorites/DFS/SCSP/medecin-cantonal/maladies-vaccinations/Documents/Covid-19-Statistiques/COVID19_PublicationInternet.xlsx,215.973726,91.831102
1598,2020-09-11 21:06:16,2020-05-05 01:00:00,,NE,Neuchâtel,24,46.995534,6.780126,695,695,-4,21,3,390.45,45.506,,0,81,2,,,,,,,,,,,4,0,https://www.ne.ch/autorites/DFS/SCSP/medecin-cantonal/maladies-vaccinations/Documents/Covid-19-Statistiques/COVID19_PublicationInternet.xlsx,239.131592,278.988152
1625,2020-09-11 21:06:16,2020-05-06 01:00:00,,NE,Neuchâtel,24,46.995534,6.780126,700,700,1,22,3,393.26,45.506,,0,81,2,,,,,,,,,,,5,0,https://www.ne.ch/autorites/DFS/SCSP/medecin-cantonal/maladies-vaccinations/Documents/Covid-19-Statistiques/COVID19_PublicationInternet.xlsx,200.430066,278.988152
1651,2020-09-11 21:06:16,2020-05-07 01:00:00,,NE,Neuchâtel,24,46.995534,6.780126,704,704,-2,20,4,395.51,46.067,,0,82,2,,,,,,,,,,,4,1,https://www.ne.ch/autorites/DFS/SCSP/medecin-cantonal/maladies-vaccinations/Documents/Covid-19-Statistiques/COVID19_PublicationInternet.xlsx,150.752872,140.355173
1677,2020-09-11 21:06:16,2020-05-08 01:00:00,,NE,Neuchâtel,24,46.995534,6.780126,710,710,-4,16,2,398.88,46.067,,0,82,2,,,,,,,,,,,6,0,https://www.ne.ch/autorites/DFS/SCSP/medecin-cantonal/maladies-vaccinations/Documents/Covid-19-Statistiques/COVID19_PublicationInternet.xlsx,115.433342,282.453932
1703,2020-09-11 21:06:16,2020-05-09 01:00:00,,NE,Neuchâtel,24,46.995534,6.780126,710,710,1,17,2,398.88,46.067,,0,82,1,,,,,,,,,,,0,0,https://www.ne.ch/autorites/DFS/SCSP/medecin-cantonal/maladies-vaccinations/Documents/Covid-19-Statistiques/COVID19_PublicationInternet.xlsx,127.768377,282.453932
1725,2020-09-11 21:06:16,2020-05-10 01:00:00,,NE,Neuchâtel,24,46.995534,6.780126,712,712,-4,13,1,400.0,46.067,,0,82,1,,,,,,,,,,,2,0,https://www.ne.ch/autorites/DFS/SCSP/medecin-cantonal/maladies-vaccinations/Documents/Covid-19-Statistiques/COVID19_PublicationInternet.xlsx,143.413327,282.453932
1748,2020-09-11 21:06:16,2020-05-11 01:00:00,,NE,Neuchâtel,24,46.995534,6.780126,714,714,0,13,1,401.12,46.067,,0,82,1,,,,,,,,,,,2,0,https://www.ne.ch/autorites/DFS/SCSP/medecin-cantonal/maladies-vaccinations/Documents/Covid-19-Statistiques/COVID19_PublicationInternet.xlsx,175.013944,282.453932
1775,2020-09-11 21:06:16,2020-05-12 01:00:00,,NE,Neuchâtel,24,46.995534,6.780126,716,716,0,13,1,402.25,46.067,,0,82,1,,,,,,,,,,,2,0,https://www.ne.ch/autorites/DFS/SCSP/medecin-cantonal/maladies-vaccinations/Documents/Covid-19-Statistiques/COVID19_PublicationInternet.xlsx,205.05116,
1800,2020-09-11 21:06:16,2020-05-13 01:00:00,,NE,Neuchâtel,24,46.995534,6.780126,716,716,-1,12,1,402.25,46.067,,0,82,1,,,,,,,,,,,0,0,https://www.ne.ch/autorites/DFS/SCSP/medecin-cantonal/maladies-vaccinations/Documents/Covid-19-Statistiques/COVID19_PublicationInternet.xlsx,411.842519,
1826,2020-09-11 21:06:16,2020-05-14 01:00:00,,NE,Neuchâtel,24,46.995534,6.780126,716,716,-1,11,1,402.25,46.067,,0,82,1,,,,,,,,,,,0,0,https://www.ne.ch/autorites/DFS/SCSP/medecin-cantonal/maladies-vaccinations/Documents/Covid-19-Statistiques/COVID19_PublicationInternet.xlsx,411.842519,
1852,2020-09-11 21:06:16,2020-05-15 01:00:00,,NE,Neuchâtel,24,46.995534,6.780126,716,716,0,11,1,402.25,46.629,,0,83,1,,,,,,,,,,,0,1,https://www.ne.ch/autorites/DFS/SCSP/medecin-cantonal/maladies-vaccinations/Documents/Covid-19-Statistiques/COVID19_PublicationInternet.xlsx,618.632241,285.919711
1875,2020-09-11 21:06:16,2020-05-16 01:00:00,,NE,Neuchâtel,24,46.995534,6.780126,716,716,-1,10,1,402.25,46.629,,0,83,1,,,,,,,,,,,0,0,https://www.ne.ch/autorites/DFS/SCSP/medecin-cantonal/maladies-vaccinations/Documents/Covid-19-Statistiques/COVID19_PublicationInternet.xlsx,1238.999777,285.919711
1895,2020-09-11 21:06:16,2020-05-17 01:00:00,,NE,Neuchâtel,24,46.995534,6.780126,718,718,2,12,3,403.37,46.629,,0,83,1,,,,,,,,,,,2,0,https://www.ne.ch/autorites/DFS/SCSP/medecin-cantonal/maladies-vaccinations/Documents/Covid-19-Statistiques/COVID19_PublicationInternet.xlsx,1242.465516,285.919711
1918,2020-09-11 21:06:16,2020-05-18 01:00:00,,NE,Neuchâtel,24,46.995534,6.780126,719,719,-1,11,2,403.93,46.629,,0,83,1,,,,,,,,,,,1,0,https://www.ne.ch/autorites/DFS/SCSP/medecin-cantonal/maladies-vaccinations/Documents/Covid-19-Statistiques/COVID19_PublicationInternet.xlsx,828.887296,285.919711
1943,2020-09-11 21:06:16,2020-05-19 01:00:00,,NE,Neuchâtel,24,46.995534,6.780126,721,721,-4,7,1,405.06,46.629,,0,83,1,,,,,,,,,,,2,0,https://www.ne.ch/autorites/DFS/SCSP/medecin-cantonal/maladies-vaccinations/Documents/Covid-19-Statistiques/COVID19_PublicationInternet.xlsx,498.024239,285.919711
1970,2020-09-11 21:06:16,2020-05-20 01:00:00,,NE,Neuchâtel,24,46.995534,6.780126,723,723,0,7,1,406.18,46.629,,0,83,1,,,,,,,,,,,2,0,https://www.ne.ch/autorites/DFS/SCSP/medecin-cantonal/maladies-vaccinations/Documents/Covid-19-Statistiques/COVID19_PublicationInternet.xlsx,356.22533,
1994,2020-09-11 21:06:16,2020-05-21 01:00:00,,NE,Neuchâtel,24,46.995534,6.780126,723,723,0,7,1,406.18,46.629,,0,83,1,,,,,,,,,,,0,0,https://www.ne.ch/autorites/DFS/SCSP/medecin-cantonal/maladies-vaccinations/Documents/Covid-19-Statistiques/COVID19_PublicationInternet.xlsx,356.22533,
2018,2020-09-11 21:06:16,2020-05-22 01:00:00,,NE,Neuchâtel,24,46.995534,6.780126,723,723,-3,4,1,406.18,46.629,,0,83,1,,,,,,,,,,,0,0,https://www.ne.ch/autorites/DFS/SCSP/medecin-cantonal/maladies-vaccinations/Documents/Covid-19-Statistiques/COVID19_PublicationInternet.xlsx,499.410539,
2038,2020-09-11 21:06:16,2020-05-23 01:00:00,,NE,Neuchâtel,24,46.995534,6.780126,724,724,0,4,1,406.74,46.629,,0,83,1,,,,,,,,,,,1,0,https://www.ne.ch/autorites/DFS/SCSP/medecin-cantonal/maladies-vaccinations/Documents/Covid-19-Statistiques/COVID19_PublicationInternet.xlsx,500.103689,
2058,2020-09-11 21:06:16,2020-05-24 01:00:00,,NE,Neuchâtel,24,46.995534,6.780126,724,724,0,4,1,406.74,46.629,,0,83,1,,,,,,,,,,,0,0,https://www.ne.ch/autorites/DFS/SCSP/medecin-cantonal/maladies-vaccinations/Documents/Covid-19-Statistiques/COVID19_PublicationInternet.xlsx,834.663531,
2081,2020-09-11 21:06:16,2020-05-25 01:00:00,,NE,Neuchâtel,24,46.995534,6.780126,724,724,0,4,1,406.74,46.629,,0,83,1,,,,,,,,,,,0,0,https://www.ne.ch/autorites/DFS/SCSP/medecin-cantonal/maladies-vaccinations/Documents/Covid-19-Statistiques/COVID19_PublicationInternet.xlsx,2507.459526,
2106,2020-09-11 21:06:16,2020-05-26 01:00:00,,NE,Neuchâtel,24,46.995534,6.780126,725,725,0,4,1,407.3,46.629,,0,83,1,,,,,,,,,,,1,0,https://www.ne.ch/autorites/DFS/SCSP/medecin-cantonal/maladies-vaccinations/Documents/Covid-19-Statistiques/COVID19_PublicationInternet.xlsx,1254.595599,
2133,2020-09-11 21:06:16,2020-05-27 01:00:00,,NE,Neuchâtel,24,46.995534,6.780126,725,725,1,5,2,407.3,46.629,,0,83,0,,,,,,,,,,,0,0,https://www.ne.ch/autorites/DFS/SCSP/medecin-cantonal/maladies-vaccinations/Documents/Covid-19-Statistiques/COVID19_PublicationInternet.xlsx,1254.595599,
2159,2020-09-11 21:06:16,2020-05-28 01:00:00,,NE,Neuchâtel,24,46.995534,6.780126,725,725,-3,2,0,407.3,46.629,,0,83,0,,,,,,,,,,,0,0,https://www.ne.ch/autorites/DFS/SCSP/medecin-cantonal/maladies-vaccinations/Documents/Covid-19-Statistiques/COVID19_PublicationInternet.xlsx,2510.925263,
2186,2020-09-11 21:06:16,2020-05-29 01:00:00,,NE,Neuchâtel,24,46.995534,6.780126,726,726,0,2,0,407.87,46.629,,0,83,0,,,,,,,,,,,1,0,https://www.ne.ch/autorites/DFS/SCSP/medecin-cantonal/maladies-vaccinations/Documents/Covid-19-Statistiques/COVID19_PublicationInternet.xlsx,1256.328468,
2209,2020-09-11 21:06:16,2020-05-30 01:00:00,,NE,Neuchâtel,24,46.995534,6.780126,726,726,0,2,0,407.87,46.629,,0,83,0,,,,,,,,,,,0,0,https://www.ne.ch/autorites/DFS/SCSP/medecin-cantonal/maladies-vaccinations/Documents/Covid-19-Statistiques/COVID19_PublicationInternet.xlsx,1256.328468,
2228,2020-09-11 21:06:16,2020-05-31 01:00:00,,NE,Neuchâtel,24,46.995534,6.780126,726,726,0,2,0,407.87,46.629,,0,83,0,,,,,,,,,,,0,0,https://www.ne.ch/autorites/DFS/SCSP/medecin-cantonal/maladies-vaccinations/Documents/Covid-19-Statistiques/COVID19_PublicationInternet.xlsx,2514.390999,
2248,2020-09-11 21:06:16,2020-06-01 01:00:00,,NE,Neuchâtel,24,46.995534,6.780126,726,726,0,2,0,407.87,46.629,,0,83,0,,,,,,,,,,,0,0,https://www.ne.ch/autorites/DFS/SCSP/medecin-cantonal/maladies-vaccinations/Documents/Covid-19-Statistiques/COVID19_PublicationInternet.xlsx,2514.390999,
2270,2020-09-11 21:06:16,2020-06-02 01:00:00,,NE,Neuchâtel,24,46.995534,6.780126,727,727,0,2,0,408.43,46.629,,0,83,0,,,,,,,,,,,1,0,https://www.ne.ch/autorites/DFS/SCSP/medecin-cantonal/maladies-vaccinations/Documents/Covid-19-Statistiques/COVID19_PublicationInternet.xlsx,1258.061337,
2296,2020-09-11 21:06:16,2020-06-03 01:00:00,,NE,Neuchâtel,24,46.995534,6.780126,730,730,0,2,0,410.11,46.629,,0,83,0,,,,,,,,,,,3,0,https://www.ne.ch/autorites/DFS/SCSP/medecin-cantonal/maladies-vaccinations/Documents/Covid-19-Statistiques/COVID19_PublicationInternet.xlsx,630.762347,
2321,2020-09-11 21:06:16,2020-06-04 01:00:00,,NE,Neuchâtel,24,46.995534,6.780126,731,731,0,2,0,410.67,46.629,,0,83,0,,,,,,,,,,,1,0,https://www.ne.ch/autorites/DFS/SCSP/medecin-cantonal/maladies-vaccinations/Documents/Covid-19-Statistiques/COVID19_PublicationInternet.xlsx,504.955739,
2345,2020-09-11 21:06:16,2020-06-05 01:00:00,,NE,Neuchâtel,24,46.995534,6.780126,732,732,1,3,1,411.24,46.629,,0,83,0,,,,,,,,,,,1,0,https://www.ne.ch/autorites/DFS/SCSP/medecin-cantonal/maladies-vaccinations/Documents/Covid-19-Statistiques/COVID19_PublicationInternet.xlsx,421.084535,
2365,2020-09-11 21:06:16,2020-06-06 01:00:00,,NE,Neuchâtel,24,46.995534,6.780126,733,733,-2,1,0,411.8,46.629,,0,83,0,,,,,,,,,,,1,0,https://www.ne.ch/autorites/DFS/SCSP/medecin-cantonal/maladies-vaccinations/Documents/Covid-19-Statistiques/COVID19_PublicationInternet.xlsx,361.17642,
2384,2020-09-11 21:06:16,2020-06-07 01:00:00,,NE,Neuchâtel,24,46.995534,6.780126,733,733,0,1,0,411.8,46.629,,0,83,0,,,,,,,,,,,0,0,https://www.ne.ch/autorites/DFS/SCSP/medecin-cantonal/maladies-vaccinations/Documents/Covid-19-Statistiques/COVID19_PublicationInternet.xlsx,421.662161,
2406,2020-09-11 21:06:16,2020-06-08 01:00:00,,NE,Neuchâtel,24,46.995534,6.780126,735,735,1,2,0,412.92,46.629,,0,83,0,,,,,,,,,,,2,0,https://www.ne.ch/autorites/DFS/SCSP/medecin-cantonal/maladies-vaccinations/Documents/Covid-19-Statistiques/COVID19_PublicationInternet.xlsx,507.728338,
2431,2020-09-11 21:06:16,2020-06-09 01:00:00,,NE,Neuchâtel,24,46.995534,6.780126,735,735,0,2,0,412.92,46.629,,0,83,0,,,,,,,,,,,0,0,https://www.ne.ch/autorites/DFS/SCSP/medecin-cantonal/maladies-vaccinations/Documents/Covid-19-Statistiques/COVID19_PublicationInternet.xlsx,635.094528,
2455,2020-09-11 21:06:16,2020-06-10 01:00:00,,NE,Neuchâtel,24,46.995534,6.780126,735,735,0,2,0,412.92,46.629,,0,83,0,,,,,,,,,,,0,0,https://www.ne.ch/autorites/DFS/SCSP/medecin-cantonal/maladies-vaccinations/Documents/Covid-19-Statistiques/COVID19_PublicationInternet.xlsx,847.371247,
2478,2020-09-11 21:06:16,2020-06-11 01:00:00,,NE,Neuchâtel,24,46.995534,6.780126,735,735,0,2,1,412.92,46.629,,0,83,0,,,,,,,,,,,0,0,https://www.ne.ch/autorites/DFS/SCSP/medecin-cantonal/maladies-vaccinations/Documents/Covid-19-Statistiques/COVID19_PublicationInternet.xlsx,1271.924289,
2500,2020-09-11 21:06:16,2020-06-12 01:00:00,,NE,Neuchâtel,24,46.995534,6.780126,736,736,1,3,0,413.48,46.629,,0,83,0,,,,,,,,,,,1,0,https://www.ne.ch/autorites/DFS/SCSP/medecin-cantonal/maladies-vaccinations/Documents/Covid-19-Statistiques/COVID19_PublicationInternet.xlsx,848.526494,
2519,2020-09-11 21:06:16,2020-06-13 01:00:00,,NE,Neuchâtel,24,46.995534,6.780126,737,737,0,3,0,414.04,46.629,,0,83,0,,,,,,,,,,,1,0,https://www.ne.ch/autorites/DFS/SCSP/medecin-cantonal/maladies-vaccinations/Documents/Covid-19-Statistiques/COVID19_PublicationInternet.xlsx,1275.390027,
2539,2020-09-11 21:06:16,2020-06-14 01:00:00,,NE,Neuchâtel,24,46.995534,6.780126,737,737,0,3,0,414.04,46.629,,0,83,0,,,,,,,,,,,0,0,https://www.ne.ch/autorites/DFS/SCSP/medecin-cantonal/maladies-vaccinations/Documents/Covid-19-Statistiques/COVID19_PublicationInternet.xlsx,1275.390027,
2561,2020-09-11 21:06:16,2020-06-15 01:00:00,,NE,Neuchâtel,24,46.995534,6.780126,737,737,0,3,0,414.04,46.629,,0,83,0,,,,,,,,,,,0,0,https://www.ne.ch/autorites/DFS/SCSP/medecin-cantonal/maladies-vaccinations/Documents/Covid-19-Statistiques/COVID19_PublicationInternet.xlsx,1275.390027,
2586,2020-09-11 21:06:16,2020-06-16 01:00:00,,NE,Neuchâtel,24,46.995534,6.780126,738,738,-1,2,0,414.61,46.629,,0,83,0,,,,,,,,,,,1,0,https://www.ne.ch/autorites/DFS/SCSP/medecin-cantonal/maladies-vaccinations/Documents/Covid-19-Statistiques/COVID19_PublicationInternet.xlsx,850.836988,
2610,2020-09-11 21:06:16,2020-06-17 01:00:00,,NE,Neuchâtel,24,46.995534,6.780126,739,739,0,2,0,415.17,46.629,,0,83,0,,,,,,,,,,,1,0,https://www.ne.ch/autorites/DFS/SCSP/medecin-cantonal/maladies-vaccinations/Documents/Covid-19-Statistiques/COVID19_PublicationInternet.xlsx,851.992235,
2634,2020-09-11 21:06:16,2020-06-18 01:00:00,,NE,Neuchâtel,24,46.995534,6.780126,739,739,0,2,0,415.17,46.629,,0,83,0,,,,,,,,,,,0,0,https://www.ne.ch/autorites/DFS/SCSP/medecin-cantonal/maladies-vaccinations/Documents/Covid-19-Statistiques/COVID19_PublicationInternet.xlsx,1278.855765,
2659,2020-09-11 21:06:16,2020-06-19 01:00:00,,NE,Neuchâtel,24,46.995534,6.780126,741,741,3,5,1,416.29,46.629,,0,83,0,,,,,,,,,,,2,0,https://www.ne.ch/autorites/DFS/SCSP/medecin-cantonal/maladies-vaccinations/Documents/Covid-19-Statistiques/COVID19_PublicationInternet.xlsx,640.293145,
2680,2020-09-11 21:06:16,2020-06-20 01:00:00,,NE,Neuchâtel,24,46.995534,6.780126,742,742,-3,2,0,416.85,46.629,,0,83,0,,,,,,,,,,,1,0,https://www.ne.ch/autorites/DFS/SCSP/medecin-cantonal/maladies-vaccinations/Documents/Covid-19-Statistiques/COVID19_PublicationInternet.xlsx,512.580387,
2699,2020-09-11 21:06:16,2020-06-21 01:00:00,,NE,Neuchâtel,24,46.995534,6.780126,743,743,0,2,0,417.42,46.629,,0,83,0,,,,,,,,,,,1,0,https://www.ne.ch/autorites/DFS/SCSP/medecin-cantonal/maladies-vaccinations/Documents/Covid-19-Statistiques/COVID19_PublicationInternet.xlsx,513.273537,
2721,2020-09-11 21:06:16,2020-06-22 01:00:00,,NE,Neuchâtel,24,46.995534,6.780126,743,743,0,2,0,417.42,46.629,,0,83,0,,,,,,,,,,,0,0,https://www.ne.ch/autorites/DFS/SCSP/medecin-cantonal/maladies-vaccinations/Documents/Covid-19-Statistiques/COVID19_PublicationInternet.xlsx,642.026017,
2746,2020-09-11 21:06:16,2020-06-23 01:00:00,,NE,Neuchâtel,24,46.995534,6.780126,744,744,0,2,0,417.98,46.629,,0,83,0,,,,,,,,,,,1,0,https://www.ne.ch/autorites/DFS/SCSP/medecin-cantonal/maladies-vaccinations/Documents/Covid-19-Statistiques/COVID19_PublicationInternet.xlsx,513.966687,
2771,2020-09-11 21:06:16,2020-06-24 01:00:00,,NE,Neuchâtel,24,46.995534,6.780126,744,744,-1,1,0,417.98,46.629,,0,83,0,,,,,,,,,,,0,0,https://www.ne.ch/autorites/DFS/SCSP/medecin-cantonal/maladies-vaccinations/Documents/Covid-19-Statistiques/COVID19_PublicationInternet.xlsx,857.768469,
2796,2020-09-11 21:06:16,2020-06-25 01:00:00,,NE,Neuchâtel,24,46.995534,6.780126,744,744,0,1,0,417.98,46.629,,0,83,0,,,,,,,,,,,0,0,https://www.ne.ch/autorites/DFS/SCSP/medecin-cantonal/maladies-vaccinations/Documents/Covid-19-Statistiques/COVID19_PublicationInternet.xlsx,1287.52011,
2822,2020-09-11 21:06:16,2020-06-26 01:00:00,,NE,Neuchâtel,24,46.995534,6.780126,745,745,2,3,0,418.54,46.629,,0,83,0,,,,,,,,,,,1,0,https://www.ne.ch/autorites/DFS/SCSP/medecin-cantonal/maladies-vaccinations/Documents/Covid-19-Statistiques/COVID19_PublicationInternet.xlsx,1289.252979,
2845,2020-09-11 21:06:16,2020-06-27 01:00:00,,NE,Neuchâtel,24,46.995534,6.780126,745,745,-1,2,0,418.54,46.629,,0,83,0,,,,,,,,,,,0,0,https://www.ne.ch/autorites/DFS/SCSP/medecin-cantonal/maladies-vaccinations/Documents/Covid-19-Statistiques/COVID19_PublicationInternet.xlsx,1289.252979,
2864,2020-09-11 21:06:16,2020-06-28 01:00:00,,NE,Neuchâtel,24,46.995534,6.780126,745,745,0,2,0,418.54,46.629,,0,83,0,,,,,,,,,,,0,0,https://www.ne.ch/autorites/DFS/SCSP/medecin-cantonal/maladies-vaccinations/Documents/Covid-19-Statistiques/COVID19_PublicationInternet.xlsx,2580.239992,
2886,2020-09-11 21:06:16,2020-06-29 01:00:00,,NE,Neuchâtel,24,46.995534,6.780126,746,746,0,2,0,419.1,46.629,,0,83,0,,,,,,,,,,,1,0,https://www.ne.ch/autorites/DFS/SCSP/medecin-cantonal/maladies-vaccinations/Documents/Covid-19-Statistiques/COVID19_PublicationInternet.xlsx,1290.985848,
2912,2020-09-11 21:06:16,2020-06-30 01:00:00,,NE,Neuchâtel,24,46.995534,6.780126,748,748,0,2,0,420.22,46.629,,0,83,0,,,,,,,,,,,2,0,https://www.ne.ch/autorites/DFS/SCSP/medecin-cantonal/maladies-vaccinations/Documents/Covid-19-Statistiques/COVID19_PublicationInternet.xlsx,646.358197,
2939,2020-09-11 21:06:16,2020-07-01 01:00:00,,NE,Neuchâtel,24,46.995534,6.780126,748,748,-1,1,0,420.22,46.629,,0,83,0,,,,,,,,,,,0,0,https://www.ne.ch/autorites/DFS/SCSP/medecin-cantonal/maladies-vaccinations/Documents/Covid-19-Statistiques/COVID19_PublicationInternet.xlsx,862.389456,
2965,2020-09-11 21:06:16,2020-07-02 01:00:00,,NE,Neuchâtel,24,46.995534,6.780126,750,750,0,1,0,421.35,46.629,,0,83,0,,,,,,,,,,,2,0,https://www.ne.ch/autorites/DFS/SCSP/medecin-cantonal/maladies-vaccinations/Documents/Covid-19-Statistiques/COVID19_PublicationInternet.xlsx,518.125586,
2991,2020-09-11 21:06:16,2020-07-03 01:00:00,,NE,Neuchâtel,24,46.995534,6.780126,751,751,1,2,0,421.91,46.629,,0,83,0,,,,,,,,,,,1,0,https://www.ne.ch/autorites/DFS/SCSP/medecin-cantonal/maladies-vaccinations/Documents/Covid-19-Statistiques/COVID19_PublicationInternet.xlsx,432.059426,
3012,2020-09-11 21:06:16,2020-07-04 01:00:00,,NE,Neuchâtel,24,46.995534,6.780126,751,751,0,2,0,421.91,46.629,,0,83,0,,,,,,,,,,,0,0,https://www.ne.ch/autorites/DFS/SCSP/medecin-cantonal/maladies-vaccinations/Documents/Covid-19-Statistiques/COVID19_PublicationInternet.xlsx,518.818735,
3031,2020-09-11 21:06:16,2020-07-05 01:00:00,,NE,Neuchâtel,24,46.995534,6.780126,751,751,0,2,0,421.91,46.629,,0,83,0,,,,,,,,,,,0,0,https://www.ne.ch/autorites/DFS/SCSP/medecin-cantonal/maladies-vaccinations/Documents/Covid-19-Statistiques/COVID19_PublicationInternet.xlsx,865.855197,
3056,2020-09-11 21:06:16,2020-07-06 01:00:00,,NE,Neuchâtel,24,46.995534,6.780126,752,752,0,2,0,422.47,46.629,,0,83,0,,,,,,,,,,,1,0,https://www.ne.ch/autorites/DFS/SCSP/medecin-cantonal/maladies-vaccinations/Documents/Covid-19-Statistiques/COVID19_PublicationInternet.xlsx,649.823941,
3081,2020-09-11 21:06:16,2020-07-07 01:00:00,,NE,Neuchâtel,24,46.995534,6.780126,752,752,0,2,0,422.47,46.629,,0,83,0,,,,,,,,,,,0,0,https://www.ne.ch/autorites/DFS/SCSP/medecin-cantonal/maladies-vaccinations/Documents/Covid-19-Statistiques/COVID19_PublicationInternet.xlsx,1301.383062,
3107,2020-09-11 21:06:16,2020-07-08 01:00:00,,NE,Neuchâtel,24,46.995534,6.780126,752,752,-1,1,0,422.47,46.629,,0,83,0,,,,,,,,,,,0,0,https://www.ne.ch/autorites/DFS/SCSP/medecin-cantonal/maladies-vaccinations/Documents/Covid-19-Statistiques/COVID19_PublicationInternet.xlsx,2604.500147,
3132,2020-09-11 21:06:16,2020-07-09 01:00:00,,NE,Neuchâtel,24,46.995534,6.780126,754,754,0,1,0,423.6,46.629,,0,83,0,,,,,,,,,,,2,0,https://www.ne.ch/autorites/DFS/SCSP/medecin-cantonal/maladies-vaccinations/Documents/Covid-19-Statistiques/COVID19_PublicationInternet.xlsx,869.320938,
3159,2020-09-11 21:06:16,2020-07-10 01:00:00,,NE,Neuchâtel,24,46.995534,6.780126,755,755,2,3,0,424.16,46.629,,0,83,0,,,,,,,,,,,1,0,https://www.ne.ch/autorites/DFS/SCSP/medecin-cantonal/maladies-vaccinations/Documents/Covid-19-Statistiques/COVID19_PublicationInternet.xlsx,652.42325,
3180,2020-09-11 21:06:16,2020-07-11 01:00:00,,NE,Neuchâtel,24,46.995534,6.780126,755,755,-3,0,0,424.16,46.629,,0,83,0,,,,,,,,,,,0,0,https://www.ne.ch/autorites/DFS/SCSP/medecin-cantonal/maladies-vaccinations/Documents/Covid-19-Statistiques/COVID19_PublicationInternet.xlsx,870.476184,
3198,2020-09-11 21:06:16,2020-07-12 01:00:00,,NE,Neuchâtel,24,46.995534,6.780126,755,755,0,0,0,424.16,46.629,,0,83,0,,,,,,,,,,,0,0,https://www.ne.ch/autorites/DFS/SCSP/medecin-cantonal/maladies-vaccinations/Documents/Covid-19-Statistiques/COVID19_PublicationInternet.xlsx,870.476184,
3220,2020-09-11 21:06:16,2020-07-13 01:00:00,,NE,Neuchâtel,24,46.995534,6.780126,757,757,2,2,0,425.28,46.629,,0,83,0,,,,,,,,,,,2,0,https://www.ne.ch/autorites/DFS/SCSP/medecin-cantonal/maladies-vaccinations/Documents/Covid-19-Statistiques/COVID19_PublicationInternet.xlsx,522.977634,
3247,2020-09-11 21:06:16,2020-07-14 01:00:00,,NE,Neuchâtel,24,46.995534,6.780126,758,758,0,2,0,425.84,46.629,,0,83,0,,,,,,,,,,,1,0,https://www.ne.ch/autorites/DFS/SCSP/medecin-cantonal/maladies-vaccinations/Documents/Covid-19-Statistiques/COVID19_PublicationInternet.xlsx,655.022558,
3272,2020-09-11 21:06:16,2020-07-15 01:00:00,,NE,Neuchâtel,24,46.995534,6.780126,761,761,-1,1,0,427.53,46.629,,0,83,0,,,,,,,,,,,3,0,https://www.ne.ch/autorites/DFS/SCSP/medecin-cantonal/maladies-vaccinations/Documents/Covid-19-Statistiques/COVID19_PublicationInternet.xlsx,437.835683,
3298,2020-09-11 21:06:16,2020-07-16 01:00:00,,NE,Neuchâtel,24,46.995534,6.780126,761,761,0,1,0,427.53,46.629,,0,83,0,,,,,,,,,,,0,0,https://www.ne.ch/autorites/DFS/SCSP/medecin-cantonal/maladies-vaccinations/Documents/Covid-19-Statistiques/COVID19_PublicationInternet.xlsx,437.835683,
3325,2020-09-11 21:06:16,2020-07-17 01:00:00,,NE,Neuchâtel,24,46.995534,6.780126,765,765,0,1,0,429.78,46.629,,0,83,0,,,,,,,,,,,4,0,https://www.ne.ch/autorites/DFS/SCSP/medecin-cantonal/maladies-vaccinations/Documents/Covid-19-Statistiques/COVID19_PublicationInternet.xlsx,263.392128,
3346,2020-09-11 21:06:16,2020-07-18 01:00:00,,NE,Neuchâtel,24,46.995534,6.780126,765,765,0,1,0,429.78,46.629,,0,83,0,,,,,,,,,,,0,0,https://www.ne.ch/autorites/DFS/SCSP/medecin-cantonal/maladies-vaccinations/Documents/Covid-19-Statistiques/COVID19_PublicationInternet.xlsx,329.675092,
3364,2020-09-11 21:06:16,2020-07-19 01:00:00,,NE,Neuchâtel,24,46.995534,6.780126,765,765,0,1,0,429.78,46.629,,0,83,0,,,,,,,,,,,0,0,https://www.ne.ch/autorites/DFS/SCSP/medecin-cantonal/maladies-vaccinations/Documents/Covid-19-Statistiques/COVID19_PublicationInternet.xlsx,377.019901,
3386,2020-09-11 21:06:16,2020-07-20 01:00:00,,NE,Neuchâtel,24,46.995534,6.780126,767,767,1,2,0,430.9,46.629,,0,83,0,,,,,,,,,,,2,0,https://www.ne.ch/autorites/DFS/SCSP/medecin-cantonal/maladies-vaccinations/Documents/Covid-19-Statistiques/COVID19_PublicationInternet.xlsx,441.301437,
3413,2020-09-11 21:06:16,2020-07-21 01:00:00,,NE,Neuchâtel,24,46.995534,6.780126,768,768,0,2,0,431.46,46.629,,0,83,0,,,,,,,,,,,1,0,https://www.ne.ch/autorites/DFS/SCSP/medecin-cantonal/maladies-vaccinations/Documents/Covid-19-Statistiques/COVID19_PublicationInternet.xlsx,378.505227,
3438,2020-09-11 21:06:16,2020-07-22 01:00:00,,NE,Neuchâtel,24,46.995534,6.780126,769,769,0,2,0,432.02,46.629,,0,83,0,,,,,,,,,,,1,0,https://www.ne.ch/autorites/DFS/SCSP/medecin-cantonal/maladies-vaccinations/Documents/Covid-19-Statistiques/COVID19_PublicationInternet.xlsx,664.553353,
3464,2020-09-11 21:06:16,2020-07-23 01:00:00,,NE,Neuchâtel,24,46.995534,6.780126,770,770,0,2,0,432.58,46.629,,0,83,0,,,,,,,,,,,1,0,https://www.ne.ch/autorites/DFS/SCSP/medecin-cantonal/maladies-vaccinations/Documents/Covid-19-Statistiques/COVID19_PublicationInternet.xlsx,531.98858,
3491,2020-09-11 21:06:16,2020-07-24 01:00:00,,NE,Neuchâtel,24,46.995534,6.780126,771,771,0,2,0,433.15,46.629,,0,83,0,,,,,,,,,,,1,0,https://www.ne.ch/autorites/DFS/SCSP/medecin-cantonal/maladies-vaccinations/Documents/Covid-19-Statistiques/COVID19_PublicationInternet.xlsx,443.611939,
3513,2020-09-11 21:06:16,2020-07-25 01:00:00,,NE,Neuchâtel,24,46.995534,6.780126,771,771,0,2,0,433.15,46.629,,0,83,0,,,,,,,,,,,0,0,https://www.ne.ch/autorites/DFS/SCSP/medecin-cantonal/maladies-vaccinations/Documents/Covid-19-Statistiques/COVID19_PublicationInternet.xlsx,666.286225,
3531,2020-09-11 21:06:16,2020-07-26 01:00:00,,NE,Neuchâtel,24,46.995534,6.780126,772,772,0,2,0,433.71,46.629,,0,83,0,,,,,,,,,,,1,0,https://www.ne.ch/autorites/DFS/SCSP/medecin-cantonal/maladies-vaccinations/Documents/Covid-19-Statistiques/COVID19_PublicationInternet.xlsx,667.152661,
3553,2020-09-11 21:06:16,2020-07-27 01:00:00,,NE,Neuchâtel,24,46.995534,6.780126,772,772,0,2,0,433.71,46.629,,0,83,0,,,,,,,,,,,0,0,https://www.ne.ch/autorites/DFS/SCSP/medecin-cantonal/maladies-vaccinations/Documents/Covid-19-Statistiques/COVID19_PublicationInternet.xlsx,890.11538,
3578,2020-09-11 21:06:16,2020-07-28 01:00:00,,NE,Neuchâtel,24,46.995534,6.780126,774,774,-1,1,0,434.83,46.629,,0,83,0,,,,,,,,,,,2,0,https://www.ne.ch/autorites/DFS/SCSP/medecin-cantonal/maladies-vaccinations/Documents/Covid-19-Statistiques/COVID19_PublicationInternet.xlsx,668.885533,
3605,2020-09-11 21:06:16,2020-07-29 01:00:00,,NE,Neuchâtel,24,46.995534,6.780126,777,777,-1,0,0,436.52,46.629,,0,83,0,,,,,,,,,,,3,0,https://www.ne.ch/autorites/DFS/SCSP/medecin-cantonal/maladies-vaccinations/Documents/Covid-19-Statistiques/COVID19_PublicationInternet.xlsx,447.077693,
3632,2020-09-11 21:06:16,2020-07-30 01:00:00,,NE,Neuchâtel,24,46.995534,6.780126,781,781,3,3,0,438.76,46.629,,0,83,0,,,,,,,,,,,4,0,https://www.ne.ch/autorites/DFS/SCSP/medecin-cantonal/maladies-vaccinations/Documents/Covid-19-Statistiques/COVID19_PublicationInternet.xlsx,268.937384,
3659,2020-09-11 21:06:16,2020-07-31 01:00:00,,NE,Neuchâtel,24,46.995534,6.780126,782,782,-1,2,0,439.33,46.629,,0,83,0,,,,,,,,,,,1,0,https://www.ne.ch/autorites/DFS/SCSP/medecin-cantonal/maladies-vaccinations/Documents/Covid-19-Statistiques/COVID19_PublicationInternet.xlsx,269.283963,
3683,2020-09-11 21:06:16,2020-08-01 01:00:00,,NE,Neuchâtel,24,46.995534,6.780126,785,785,0,2,0,441.01,46.629,,0,83,0,,,,,,,,,,,3,0,https://www.ne.ch/autorites/DFS/SCSP/medecin-cantonal/maladies-vaccinations/Documents/Covid-19-Statistiques/COVID19_PublicationInternet.xlsx,207.539439,
3701,2020-09-11 21:06:16,2020-08-02 01:00:00,,NE,Neuchâtel,24,46.995534,6.780126,785,785,0,2,0,441.01,46.629,,0,83,0,,,,,,,,,,,0,0,https://www.ne.ch/autorites/DFS/SCSP/medecin-cantonal/maladies-vaccinations/Documents/Covid-19-Statistiques/COVID19_PublicationInternet.xlsx,245.590573,
3723,2020-09-11 21:06:16,2020-08-03 01:00:00,,NE,Neuchâtel,24,46.995534,6.780126,786,786,0,2,0,441.57,46.629,,0,83,0,,,,,,,,,,,1,0,https://www.ne.ch/autorites/DFS/SCSP/medecin-cantonal/maladies-vaccinations/Documents/Covid-19-Statistiques/COVID19_PublicationInternet.xlsx,300.938075,
3749,2020-09-11 21:06:16,2020-08-04 01:00:00,,NE,Neuchâtel,24,46.995534,6.780126,788,788,-1,1,0,442.7,46.629,,0,83,0,,,,,,,,,,,2,0,https://www.ne.ch/autorites/DFS/SCSP/medecin-cantonal/maladies-vaccinations/Documents/Covid-19-Statistiques/COVID19_PublicationInternet.xlsx,388.407397,
3776,2020-09-11 21:06:16,2020-08-05 01:00:00,,NE,Neuchâtel,24,46.995534,6.780126,789,789,0,1,0,443.26,46.629,,0,83,0,,,,,,,,,,,1,0,https://www.ne.ch/autorites/DFS/SCSP/medecin-cantonal/maladies-vaccinations/Documents/Covid-19-Statistiques/COVID19_PublicationInternet.xlsx,388.902505,
3802,2020-09-11 21:06:16,2020-08-06 01:00:00,,NE,Neuchâtel,24,46.995534,6.780126,790,790,0,1,0,443.82,46.629,,0,83,0,,,,,,,,,,,1,0,https://www.ne.ch/autorites/DFS/SCSP/medecin-cantonal/maladies-vaccinations/Documents/Covid-19-Statistiques/COVID19_PublicationInternet.xlsx,545.851571,
3829,2020-09-11 21:06:16,2020-08-07 01:00:00,,NE,Neuchâtel,24,46.995534,6.780126,793,793,0,1,0,445.51,46.629,,0,83,0,,,,,,,,,,,3,0,https://www.ne.ch/autorites/DFS/SCSP/medecin-cantonal/maladies-vaccinations/Documents/Covid-19-Statistiques/COVID19_PublicationInternet.xlsx,341.805275,
3853,2020-09-11 21:06:16,2020-08-08 01:00:00,,NE,Neuchâtel,24,46.995534,6.780126,794,794,0,1,0,446.07,47.191,,0,84,0,,,,,,,,,,,1,1,https://www.ne.ch/autorites/DFS/SCSP/medecin-cantonal/maladies-vaccinations/Documents/Covid-19-Statistiques/COVID19_PublicationInternet.xlsx,342.238496,289.385489
3871,2020-09-11 21:06:16,2020-08-09 01:00:00,,NE,Neuchâtel,24,46.995534,6.780126,794,794,0,1,0,446.07,47.191,,0,84,0,,,,,,,,,,,0,0,https://www.ne.ch/autorites/DFS/SCSP/medecin-cantonal/maladies-vaccinations/Documents/Covid-19-Statistiques/COVID19_PublicationInternet.xlsx,456.897326,289.385489
3894,2020-09-11 21:06:16,2020-08-10 01:00:00,,NE,Neuchâtel,24,46.995534,6.780126,798,798,-1,0,0,448.31,47.191,,0,84,0,,,,,,,,,,,4,0,https://www.ne.ch/autorites/DFS/SCSP/medecin-cantonal/maladies-vaccinations/Documents/Covid-19-Statistiques/COVID19_PublicationInternet.xlsx,305.559106,289.385489
3920,2020-09-11 21:06:16,2020-08-11 01:00:00,,NE,Neuchâtel,24,46.995534,6.780126,803,803,0,0,0,451.12,47.191,,0,84,0,,,,,,,,,,,5,0,https://www.ne.ch/autorites/DFS/SCSP/medecin-cantonal/maladies-vaccinations/Documents/Covid-19-Statistiques/COVID19_PublicationInternet.xlsx,212.338259,289.385489
3946,2020-09-11 21:06:16,2020-08-12 01:00:00,,NE,Neuchâtel,24,46.995534,6.780126,810,810,0,0,0,455.06,47.191,,0,84,0,,,,,,,,,,,7,0,https://www.ne.ch/autorites/DFS/SCSP/medecin-cantonal/maladies-vaccinations/Documents/Covid-19-Statistiques/COVID19_PublicationInternet.xlsx,163.393129,289.385489
3972,2020-09-11 21:06:16,2020-08-13 01:00:00,,NE,Neuchâtel,24,46.995534,6.780126,817,817,0,0,0,458.99,47.191,,0,84,0,,,,,,,,,,,7,0,https://www.ne.ch/autorites/DFS/SCSP/medecin-cantonal/maladies-vaccinations/Documents/Covid-19-Statistiques/COVID19_PublicationInternet.xlsx,121.367852,
3999,2020-09-11 21:06:16,2020-08-14 01:00:00,,NE,Neuchâtel,24,46.995534,6.780126,820,820,0,0,0,460.67,47.191,,0,84,0,,,,,,,,,,,3,0,https://www.ne.ch/autorites/DFS/SCSP/medecin-cantonal/maladies-vaccinations/Documents/Covid-19-Statistiques/COVID19_PublicationInternet.xlsx,107.561805,
4021,2020-09-11 21:06:16,2020-08-15 01:00:00,,NE,Neuchâtel,24,46.995534,6.780126,821,821,0,0,0,461.24,47.191,,0,84,0,,,,,,,,,,,1,0,https://www.ne.ch/autorites/DFS/SCSP/medecin-cantonal/maladies-vaccinations/Documents/Covid-19-Statistiques/COVID19_PublicationInternet.xlsx,121.970629,
4038,2020-09-11 21:06:16,2020-08-16 01:00:00,,NE,Neuchâtel,24,46.995534,6.780126,822,822,0,0,0,461.8,47.191,,0,84,0,,,,,,,,,,,1,0,https://www.ne.ch/autorites/DFS/SCSP/medecin-cantonal/maladies-vaccinations/Documents/Covid-19-Statistiques/COVID19_PublicationInternet.xlsx,148.199058,
4059,2020-09-11 21:06:16,2020-08-17 01:00:00,,NE,Neuchâtel,24,46.995534,6.780126,826,826,0,0,0,464.04,47.191,,0,84,0,,,,,,,,,,,4,0,https://www.ne.ch/autorites/DFS/SCSP/medecin-cantonal/maladies-vaccinations/Documents/Covid-19-Statistiques/COVID19_PublicationInternet.xlsx,177.180099,
4086,2020-09-11 21:06:16,2020-08-18 01:00:00,,NE,Neuchâtel,24,46.995534,6.780126,831,831,0,0,0,466.85,47.191,,0,84,0,,,,,,,,,,,5,0,https://www.ne.ch/autorites/DFS/SCSP/medecin-cantonal/maladies-vaccinations/Documents/Covid-19-Statistiques/COVID19_PublicationInternet.xlsx,203.978406,
4113,2020-09-11 21:06:16,2020-08-19 01:00:00,,NE,Neuchâtel,24,46.995534,6.780126,832,832,0,0,0,467.42,47.191,,0,84,0,,,,,,,,,,,1,0,https://www.ne.ch/autorites/DFS/SCSP/medecin-cantonal/maladies-vaccinations/Documents/Covid-19-Statistiques/COVID19_PublicationInternet.xlsx,238.553959,
4138,2020-09-11 21:06:16,2020-08-20 01:00:00,,NE,Neuchâtel,24,46.995534,6.780126,839,839,0,0,0,471.35,47.191,,0,84,0,,,,,,,,,,,7,0,https://www.ne.ch/autorites/DFS/SCSP/medecin-cantonal/maladies-vaccinations/Documents/Covid-19-Statistiques/COVID19_PublicationInternet.xlsx,159.80267,
4165,2020-09-11 21:06:16,2020-08-21 01:00:00,,NE,Neuchâtel,24,46.995534,6.780126,842,842,0,0,0,473.03,47.191,,0,84,0,,,,,,,,,,,3,0,https://www.ne.ch/autorites/DFS/SCSP/medecin-cantonal/maladies-vaccinations/Documents/Covid-19-Statistiques/COVID19_PublicationInternet.xlsx,144.167671,
4188,2020-09-11 21:06:16,2020-08-22 01:00:00,,NE,Neuchâtel,24,46.995534,6.780126,844,844,0,0,0,474.16,47.191,,0,84,0,,,,,,,,,,,2,0,https://www.ne.ch/autorites/DFS/SCSP/medecin-cantonal/maladies-vaccinations/Documents/Covid-19-Statistiques/COVID19_PublicationInternet.xlsx,160.765412,
4205,2020-09-11 21:06:16,2020-08-23 01:00:00,,NE,Neuchâtel,24,46.995534,6.780126,847,847,0,0,0,475.84,47.191,,0,84,0,,,,,,,,,,,3,0,https://www.ne.ch/autorites/DFS/SCSP/medecin-cantonal/maladies-vaccinations/Documents/Covid-19-Statistiques/COVID19_PublicationInternet.xlsx,181.729019,
4227,2020-09-11 21:06:16,2020-08-24 01:00:00,,NE,Neuchâtel,24,46.995534,6.780126,850,850,0,0,0,477.53,47.191,,0,84,0,,,,,,,,,,,3,0,https://www.ne.ch/autorites/DFS/SCSP/medecin-cantonal/maladies-vaccinations/Documents/Covid-19-Statistiques/COVID19_PublicationInternet.xlsx,161.920701,
4253,2020-09-11 21:06:16,2020-08-25 01:00:00,,NE,Neuchâtel,24,46.995534,6.780126,852,852,1,1,1,478.65,47.191,,0,84,0,,,,,,,,,,,2,0,https://www.ne.ch/autorites/DFS/SCSP/medecin-cantonal/maladies-vaccinations/Documents/Covid-19-Statistiques/COVID19_PublicationInternet.xlsx,225.401691,
4279,2020-09-11 21:06:16,2020-08-26 01:00:00,,NE,Neuchâtel,24,46.995534,6.780126,854,854,-1,0,0,479.78,47.191,,0,84,0,,,,,,,,,,,2,0,https://www.ne.ch/autorites/DFS/SCSP/medecin-cantonal/maladies-vaccinations/Documents/Covid-19-Statistiques/COVID19_PublicationInternet.xlsx,244.907917,
4306,2020-09-11 21:06:16,2020-08-27 01:00:00,,NE,Neuchâtel,24,46.995534,6.780126,860,860,0,0,0,483.15,47.191,,0,84,0,,,,,,,,,,,6,0,https://www.ne.ch/autorites/DFS/SCSP/medecin-cantonal/maladies-vaccinations/Documents/Covid-19-Statistiques/COVID19_PublicationInternet.xlsx,184.545013,
4333,2020-09-11 21:06:16,2020-08-28 01:00:00,,NE,Neuchâtel,24,46.995534,6.780126,869,869,0,0,0,488.2,47.191,,0,84,0,,,,,,,,,,,9,0,https://www.ne.ch/autorites/DFS/SCSP/medecin-cantonal/maladies-vaccinations/Documents/Covid-19-Statistiques/COVID19_PublicationInternet.xlsx,135.156294,
4356,2020-09-11 21:06:16,2020-08-29 01:00:00,,NE,Neuchâtel,24,46.995534,6.780126,874,874,1,1,0,491.01,47.191,,0,84,0,,,,,,,,,,,5,0,https://www.ne.ch/autorites/DFS/SCSP/medecin-cantonal/maladies-vaccinations/Documents/Covid-19-Statistiques/COVID19_PublicationInternet.xlsx,124.46964,
4373,2020-09-11 21:06:16,2020-08-30 01:00:00,,NE,Neuchâtel,24,46.995534,6.780126,880,880,0,1,0,494.38,47.191,,0,84,0,,,,,,,,,,,6,0,https://www.ne.ch/autorites/DFS/SCSP/medecin-cantonal/maladies-vaccinations/Documents/Covid-19-Statistiques/COVID19_PublicationInternet.xlsx,107.180922,
4395,2020-09-11 21:06:16,2020-08-31 01:00:00,,NE,Neuchâtel,24,46.995534,6.780126,881,881,0,1,0,494.94,47.191,,0,84,0,,,,,,,,,,,1,0,https://www.ne.ch/autorites/DFS/SCSP/medecin-cantonal/maladies-vaccinations/Documents/Covid-19-Statistiques/COVID19_PublicationInternet.xlsx,111.343821,
4421,2020-09-11 21:06:16,2020-09-01 01:00:00,,NE,Neuchâtel,24,46.995534,6.780126,883,883,-1,0,0,496.07,47.191,,0,84,0,,,,,,,,,,,2,0,https://www.ne.ch/autorites/DFS/SCSP/medecin-cantonal/maladies-vaccinations/Documents/Covid-19-Statistiques/COVID19_PublicationInternet.xlsx,131.313631,
4447,2020-09-11 21:06:16,2020-09-02 01:00:00,,NE,Neuchâtel,24,46.995534,6.780126,888,888,0,0,0,498.88,47.191,,0,84,0,,,,,,,,,,,5,0,https://www.ne.ch/autorites/DFS/SCSP/medecin-cantonal/maladies-vaccinations/Documents/Covid-19-Statistiques/COVID19_PublicationInternet.xlsx,160.238437,
4474,2020-09-11 21:06:16,2020-09-03 01:00:00,,NE,Neuchâtel,24,46.995534,6.780126,897,897,0,0,0,503.93,47.191,,0,84,0,,,,,,,,,,,9,0,https://www.ne.ch/autorites/DFS/SCSP/medecin-cantonal/maladies-vaccinations/Documents/Covid-19-Statistiques/COVID19_PublicationInternet.xlsx,133.42333,
4500,2020-09-11 21:06:16,2020-09-04 01:00:00,,NE,Neuchâtel,24,46.995534,6.780126,901,901,1,1,0,506.18,47.191,,0,84,0,,,,,,,,,,,4,0,https://www.ne.ch/autorites/DFS/SCSP/medecin-cantonal/maladies-vaccinations/Documents/Covid-19-Statistiques/COVID19_PublicationInternet.xlsx,146.956895,
4522,2020-09-11 21:06:16,2020-09-05 01:00:00,,NE,Neuchâtel,24,46.995534,6.780126,905,905,0,1,0,508.43,47.191,,0,84,0,,,,,,,,,,,4,0,https://www.ne.ch/autorites/DFS/SCSP/medecin-cantonal/maladies-vaccinations/Documents/Covid-19-Statistiques/COVID19_PublicationInternet.xlsx,128.946494,
4541,2020-09-11 21:06:16,2020-09-06 01:00:00,,NE,Neuchâtel,24,46.995534,6.780126,915,915,0,1,0,514.04,47.753,,0,85,0,,,,,,,,,,,10,1,https://www.ne.ch/autorites/DFS/SCSP/medecin-cantonal/maladies-vaccinations/Documents/Covid-19-Statistiques/COVID19_PublicationInternet.xlsx,97.355237,292.851266
4564,2020-09-11 21:06:16,2020-09-07 01:00:00,,NE,Neuchâtel,24,46.995534,6.780126,927,927,1,2,0,520.79,47.753,,0,85,0,,,,,,,,,,,12,0,https://www.ne.ch/autorites/DFS/SCSP/medecin-cantonal/maladies-vaccinations/Documents/Covid-19-Statistiques/COVID19_PublicationInternet.xlsx,80.632595,292.851266
4590,2020-09-11 21:06:16,2020-09-08 01:00:00,,NE,Neuchâtel,24,46.995534,6.780126,932,932,0,2,0,523.6,47.753,,0,85,0,,,,,,,,,,,5,0,https://www.ne.ch/autorites/DFS/SCSP/medecin-cantonal/maladies-vaccinations/Documents/Covid-19-Statistiques/COVID19_PublicationInternet.xlsx,90.543674,292.851266
4615,2020-09-11 21:06:16,2020-09-09 01:00:00,,NE,Neuchâtel,24,46.995534,6.780126,945,945,1,3,0,530.9,47.753,,0,85,0,,,,,,,,,,,13,0,https://www.ne.ch/autorites/DFS/SCSP/medecin-cantonal/maladies-vaccinations/Documents/Covid-19-Statistiques/COVID19_PublicationInternet.xlsx,72.687917,292.851266
4642,2020-09-11 21:06:16,2020-09-10 01:00:00,,NE,Neuchâtel,24,46.995534,6.780126,946,946,-2,1,0,531.46,47.753,,0,85,0,,,,,,,,,,,1,0,https://www.ne.ch/autorites/DFS/SCSP/medecin-cantonal/maladies-vaccinations/Documents/Covid-19-Statistiques/COVID19_PublicationInternet.xlsx,78.219852,292.851266
