,last_update,timestamp,tests_performed,abbreviation_canton,name_canton,number_canton,lat,long,total_positive_cases,total_currently_positive_cases,new_hosp,total_hospitalized,intensive_care,total_currently_positive_per_100k,deaths_per_100k,released,ncumul_ICU_intub,deaths,ncumul_vent,current_isolated,current_quarantined,ncumul_confirmed_non_resident,current_hosp_non_resident,current_quarantined_riskareatravel,ncumul_ICF,TotalPosTests1,ninst_ICU_intub,new_positive_cases,new_deaths,source,doubling_time_total_positive,doubling_time_fatalities
43,2020-07-23 12:06:14,2020-02-27 13:30:00,,ZH,Zürich,01,47.41275,8.65508,2,2,0,,,0.13,,,0,,,,,,,,,,,0,0,https://www.zh.ch/de/gesundheit/coronavirus.html,0.0,0.0
54,2020-07-23 12:06:14,2020-02-28 13:30:00,,ZH,Zürich,01,47.41275,8.65508,2,2,0,,,0.13,,,0,,,,,,,,,,,0,0,https://www.zh.ch/de/gesundheit/coronavirus.html,0.0,0.0
64,2020-07-23 12:06:14,2020-02-29 13:30:00,,ZH,Zürich,01,47.41275,8.65508,6,6,0,,,0.4,,,0,,,,,,,,,,,4,0,https://www.zh.ch/de/gesundheit/coronavirus.html,0.0,0.0
78,2020-07-23 12:06:14,2020-03-01 13:30:00,,ZH,Zürich,01,47.41275,8.65508,7,7,0,,,0.47,,,0,,,,,,,,,,,1,0,https://www.zh.ch/de/gesundheit/coronavirus.html,0.0,0.0
94,2020-07-23 12:06:14,2020-03-02 13:30:00,,ZH,Zürich,01,47.41275,8.65508,10,10,0,,,0.66,,,0,,,,,,,,,,,3,0,https://www.zh.ch/de/gesundheit/coronavirus.html,0.0,0.0
108,2020-07-23 12:06:14,2020-03-03 13:30:00,,ZH,Zürich,01,47.41275,8.65508,13,13,0,,,0.86,,,0,,,,,,,,,,,3,0,https://www.zh.ch/de/gesundheit/coronavirus.html,1.85155,0.0
126,2020-07-23 12:06:14,2020-03-04 13:30:00,,ZH,Zürich,01,47.41275,8.65508,15,15,0,,,1.0,,,0,,,,,,,,,,,2,0,https://www.zh.ch/de/gesundheit/coronavirus.html,1.720051,0.0
141,2020-07-23 12:06:14,2020-03-05 13:30:00,,ZH,Zürich,01,47.41275,8.65508,23,23,0,,,1.53,,,0,,,,,,,,,,,8,0,https://www.zh.ch/de/gesundheit/coronavirus.html,2.579182,0.0
160,2020-07-23 12:06:14,2020-03-06 13:30:00,,ZH,Zürich,01,47.41275,8.65508,29,29,0,,,1.93,,,0,,,,,,,,,,,6,0,https://www.zh.ch/de/gesundheit/coronavirus.html,2.43828,0.0
174,2020-07-23 12:06:14,2020-03-07 13:30:00,,ZH,Zürich,01,47.41275,8.65508,34,34,0,,,2.26,,,0,,,,,,,,,,,5,0,https://www.zh.ch/de/gesundheit/coronavirus.html,2.832003,0.0
189,2020-07-23 12:06:14,2020-03-08 13:30:00,,ZH,Zürich,01,47.41275,8.65508,40,40,0,,,2.66,,,0,,,,,,,,,,,6,0,https://www.zh.ch/de/gesundheit/coronavirus.html,3.083587,0.0
206,2020-07-23 12:06:14,2020-03-09 13:30:00,,ZH,Zürich,01,47.41275,8.65508,49,49,0,,,3.26,,,0,,,,,,,,,,,9,0,https://www.zh.ch/de/gesundheit/coronavirus.html,2.92771,0.0
221,2020-07-23 12:06:14,2020-03-10 13:30:00,,ZH,Zürich,01,47.41275,8.65508,62,62,0,,,4.12,,,0,,,,,,,,,,,13,0,https://www.zh.ch/de/gesundheit/coronavirus.html,3.494953,0.0
239,2020-07-23 12:06:14,2020-03-11 13:30:00,,ZH,Zürich,01,47.41275,8.65508,101,101,0,,,6.71,,,0,,,,,,,,,,,39,0,https://www.zh.ch/de/gesundheit/coronavirus.html,2.777422,0.0
260,2020-07-23 12:06:14,2020-03-12 13:30:00,,ZH,Zürich,01,47.41275,8.65508,140,140,0,,,9.31,,,0,,,,,,,,,,,39,0,https://www.zh.ch/de/gesundheit/coronavirus.html,2.448795,0.0
280,2020-07-23 12:06:14,2020-03-13 13:30:00,,ZH,Zürich,01,47.41275,8.65508,163,163,0,,,10.84,,,0,,,,,,,,,,,23,0,https://www.zh.ch/de/gesundheit/coronavirus.html,2.466943,0.0
298,2020-07-23 12:06:14,2020-03-14 13:30:00,,ZH,Zürich,01,47.41275,8.65508,218,218,0,,,14.49,,,0,,,,,,,,,,,55,0,https://www.zh.ch/de/gesundheit/coronavirus.html,2.321829,0.0
315,2020-07-23 12:06:14,2020-03-15 13:30:00,,ZH,Zürich,01,47.41275,8.65508,250,250,0,,,16.62,0.066,,0,1,,,,,,,,,,32,0,https://www.zh.ch/de/gesundheit/coronavirus.html,2.485598,0.0
335,2020-07-23 12:06:14,2020-03-16 13:30:00,,ZH,Zürich,01,47.41275,8.65508,326,326,0,,,21.67,0.066,,0,1,,,,,,,,,,76,0,https://www.zh.ch/de/gesundheit/coronavirus.html,2.957676,0.0
355,2020-07-23 12:06:14,2020-03-17 13:30:00,,ZH,Zürich,01,47.41275,8.65508,429,429,0,,,28.52,0.066,,0,1,,,,,,,,,,103,0,https://www.zh.ch/de/gesundheit/coronavirus.html,3.09492,0.0
378,2020-07-23 12:06:14,2020-03-18 13:30:00,,ZH,Zürich,01,47.41275,8.65508,568,568,0,,,37.76,0.133,,0,2,,,,,,,,,,139,1,https://www.zh.ch/de/gesundheit/coronavirus.html,2.776206,0.0
400,2020-07-23 12:06:14,2020-03-19 13:30:00,,ZH,Zürich,01,47.41275,8.65508,679,679,0,60,12,45.14,0.199,,0,3,12,,,,,,,,,111,1,https://www.zh.ch/de/gesundheit/coronavirus.html,3.050485,0.0
423,2020-07-23 12:06:14,2020-03-20 13:30:00,,ZH,Zürich,01,47.41275,8.65508,711,711,18,78,15,47.26,0.266,,0,4,15,,,,,,,,,32,1,https://www.zh.ch/de/gesundheit/coronavirus.html,3.315823,2.5
444,2020-07-23 12:06:14,2020-03-21 13:30:00,,ZH,Zürich,01,47.41275,8.65508,925,925,5,83,23,61.49,0.332,,0,5,23,,,,,,,,,214,1,https://www.zh.ch/de/gesundheit/coronavirus.html,3.323183,2.153383
463,2020-07-23 12:06:14,2020-03-22 13:30:00,,ZH,Zürich,01,47.41275,8.65508,984,984,27,110,22,65.41,0.399,,0,6,22,,,,,,,,,59,1,https://www.zh.ch/de/gesundheit/coronavirus.html,4.174735,1.934264
488,2020-07-23 12:06:14,2020-03-23 13:30:00,,ZH,Zürich,01,47.41275,8.65508,1073,1073,17,127,27,71.33,0.399,,0,6,27,,,,,,,,,89,0,https://www.zh.ch/de/gesundheit/coronavirus.html,5.448479,3.154649
515,2020-07-23 12:06:14,2020-03-24 13:30:00,,ZH,Zürich,01,47.41275,8.65508,1221,1221,11,138,26,81.17,0.532,,0,8,26,,,,,,,,,148,2,https://www.zh.ch/de/gesundheit/coronavirus.html,5.906118,3.533475
541,2020-07-23 12:06:14,2020-03-25 13:30:00,,ZH,Zürich,01,47.41275,8.65508,1368,1368,8,146,28,90.94,0.665,,0,10,28,,,,,,,,,147,2,https://www.zh.ch/de/gesundheit/coronavirus.html,5.295787,3.782354
568,2020-07-23 12:06:14,2020-03-26 13:30:00,,ZH,Zürich,01,47.41275,8.65508,1500,1500,10,156,35,99.71,0.864,,0,13,35,,,,,,,,,132,3,https://www.zh.ch/de/gesundheit/coronavirus.html,7.169104,3.6271
595,2020-07-23 12:06:14,2020-03-27 13:30:00,,ZH,Zürich,01,47.41275,8.65508,1627,1627,15,171,38,108.16,0.997,,0,15,38,,,,,,,,,127,2,https://www.zh.ch/de/gesundheit/coronavirus.html,6.89195,3.782354
620,2020-07-23 12:06:14,2020-03-28 13:30:00,,ZH,Zürich,01,47.41275,8.65508,1701,1701,16,187,42,113.08,1.263,,0,19,42,,,,,,,,,74,4,https://www.zh.ch/de/gesundheit/coronavirus.html,7.521816,3.006678
644,2020-07-23 12:06:14,2020-03-29 12:30:00,,ZH,Zürich,01,47.41275,8.65508,1733,1733,7,194,46,115.2,1.462,,0,22,46,,,,,,,,,32,3,https://www.zh.ch/de/gesundheit/coronavirus.html,9.896905,3.425991
670,2020-07-23 12:06:14,2020-03-30 12:30:00,,ZH,Zürich,01,47.41275,8.65508,1859,1859,3,197,46,123.58,1.595,,0,24,46,,,,,,,,,126,2,https://www.zh.ch/de/gesundheit/coronavirus.html,11.300494,3.95872
697,2020-07-23 12:06:14,2020-03-31 12:30:00,,ZH,Zürich,01,47.41275,8.65508,1947,1947,-1,196,50,129.43,1.795,,0,27,50,,,,,,,,,88,3,https://www.zh.ch/de/gesundheit/coronavirus.html,13.28761,4.741818
723,2020-07-23 12:06:14,2020-04-01 12:30:00,,ZH,Zürich,01,47.41275,8.65508,2136,2136,7,203,54,141.99,2.393,,0,36,54,,,,,,,,,189,9,https://www.zh.ch/de/gesundheit/coronavirus.html,12.73245,3.95872
750,2020-07-23 12:06:14,2020-04-02 12:30:00,,ZH,Zürich,01,47.41275,8.65508,2300,2300,-3,200,53,152.9,2.593,,0,39,53,,,,,,,,,164,3,https://www.zh.ch/de/gesundheit/coronavirus.html,11.487632,4.819395
777,2020-07-23 12:06:14,2020-04-03 12:30:00,,ZH,Zürich,01,47.41275,8.65508,2428,2428,7,207,57,161.4,2.726,,0,41,57,,,,,,,,,128,2,https://www.zh.ch/de/gesundheit/coronavirus.html,10.277561,5.567182
802,2020-07-23 12:06:14,2020-04-04 12:30:00,,ZH,Zürich,01,47.41275,8.65508,2461,2461,-13,194,59,163.6,3.191,,0,48,59,,,,,,,,,33,7,https://www.zh.ch/de/gesundheit/coronavirus.html,12.354285,5.0
826,2020-07-23 12:06:14,2020-04-05 12:30:00,,ZH,Zürich,01,47.41275,8.65508,2491,2491,0,194,59,165.59,3.457,,0,52,59,,,,,,,,,30,4,https://www.zh.ch/de/gesundheit/coronavirus.html,14.0658,5.287915
853,2020-07-23 12:06:14,2020-04-06 12:30:00,,ZH,Zürich,01,47.41275,8.65508,2605,2605,4,198,58,173.17,3.59,,0,54,58,,,,,,,,,114,2,https://www.zh.ch/de/gesundheit/coronavirus.html,17.459824,8.547556
880,2020-07-23 12:06:14,2020-04-07 12:30:00,,ZH,Zürich,01,47.41275,8.65508,2688,2688,-17,181,60,178.69,3.723,,0,56,60,,,,,,,,,83,2,https://www.zh.ch/de/gesundheit/coronavirus.html,22.232175,9.579412
907,2020-07-23 12:06:14,2020-04-08 12:30:00,,ZH,Zürich,01,47.41275,8.65508,2782,2782,-11,170,56,184.94,4.254,,0,64,56,,,,,,,,,94,8,https://www.zh.ch/de/gesundheit/coronavirus.html,25.464213,7.782731
934,2020-07-23 12:06:14,2020-04-09 12:30:00,,ZH,Zürich,01,47.41275,8.65508,2879,2879,-5,165,55,191.38,4.387,,0,66,55,,,,,,,,,97,2,https://www.zh.ch/de/gesundheit/coronavirus.html,22.092307,10.883012
959,2020-07-23 12:06:14,2020-04-10 12:30:00,,ZH,Zürich,01,47.41275,8.65508,2919,2919,-13,152,50,194.04,4.72,,0,71,50,,,,,,,,,40,5,https://www.zh.ch/de/gesundheit/coronavirus.html,21.858001,11.128239
985,2020-07-23 12:06:14,2020-04-11 12:30:00,,ZH,Zürich,01,47.41275,8.65508,2977,2977,-3,149,50,197.9,5.119,,0,77,50,,,,,,,,,58,6,https://www.zh.ch/de/gesundheit/coronavirus.html,25.963796,9.767551
1009,2020-07-23 12:06:14,2020-04-12 12:30:00,,ZH,Zürich,01,47.41275,8.65508,2994,2994,4,153,49,199.03,5.252,,0,79,49,,,,,,,,,17,2,https://www.zh.ch/de/gesundheit/coronavirus.html,32.145848,10.071998
1035,2020-07-23 12:06:14,2020-04-13 12:30:00,,ZH,Zürich,01,47.41275,8.65508,3011,3011,1,154,50,200.16,5.518,,0,83,50,,,,,,,,,17,4,https://www.zh.ch/de/gesundheit/coronavirus.html,43.813419,13.331931
1062,2020-07-23 12:06:14,2020-04-14 12:30:00,,ZH,Zürich,01,47.41275,8.65508,3058,3058,-5,149,52,203.28,5.783,,0,87,52,,,,,,,,,47,4,https://www.zh.ch/de/gesundheit/coronavirus.html,57.457648,12.545497
1089,2020-07-23 12:06:14,2020-04-15 12:30:00,,ZH,Zürich,01,47.41275,8.65508,3105,3105,-13,136,50,206.41,6.049,,0,91,50,,,,,,,,,47,4,https://www.zh.ch/de/gesundheit/coronavirus.html,56.104723,13.964627
1116,2020-07-23 12:06:14,2020-04-16 12:30:00,,ZH,Zürich,01,47.41275,8.65508,3140,3140,-1,135,51,208.73,6.315,,0,95,51,,,,,,,,,35,4,https://www.zh.ch/de/gesundheit/coronavirus.html,65.014993,16.49789
1143,2020-07-23 12:06:14,2020-04-17 12:30:00,,ZH,Zürich,01,47.41275,8.65508,3163,3163,-12,123,45,210.26,6.648,,0,100,45,,,,,,,,,23,5,https://www.zh.ch/de/gesundheit/coronavirus.html,63.115905,14.70262
1167,2020-07-23 12:06:14,2020-04-18 12:30:00,,ZH,Zürich,01,47.41275,8.65508,3202,3202,-9,114,44,212.86,6.98,,0,105,44,,,,,,,,,39,5,https://www.zh.ch/de/gesundheit/coronavirus.html,56.350346,14.740302
1192,2020-07-23 12:06:14,2020-04-19 12:30:00,,ZH,Zürich,01,47.41275,8.65508,3229,3229,2,116,43,214.65,6.98,,0,105,43,,,,,,,,,27,0,https://www.zh.ch/de/gesundheit/coronavirus.html,63.695051,18.429645
1219,2020-07-23 12:06:14,2020-04-20 12:30:00,,ZH,Zürich,01,47.41275,8.65508,3245,3245,5,121,43,215.71,7.113,,0,107,43,,,,,,,,,16,2,https://www.zh.ch/de/gesundheit/coronavirus.html,78.585203,21.397483
1246,2020-07-23 12:06:14,2020-04-21 12:30:00,,ZH,Zürich,01,47.41275,8.65508,3270,3270,-11,110,41,217.38,7.246,,0,109,41,,,,,,,,,25,2,https://www.zh.ch/de/gesundheit/coronavirus.html,85.432004,25.210671
1273,2020-07-23 12:06:14,2020-04-22 12:30:00,,ZH,Zürich,01,47.41275,8.65508,3310,3310,0,110,44,220.04,7.312,,0,110,44,,,,,,,,,40,1,https://www.zh.ch/de/gesundheit/coronavirus.html,76.292011,36.362704
1300,2020-07-23 12:06:14,2020-04-23 12:30:00,,ZH,Zürich,01,47.41275,8.65508,3327,3327,-14,96,44,221.17,7.512,,0,113,44,,,,,,,,,17,3,https://www.zh.ch/de/gesundheit/coronavirus.html,90.500099,47.199447
1327,2020-07-23 12:06:14,2020-04-24 12:30:00,,ZH,Zürich,01,47.41275,8.65508,3356,3356,-13,83,42,223.09,7.578,,0,114,42,,,,,,,,,29,1,https://www.zh.ch/de/gesundheit/coronavirus.html,89.838744,42.142705
1351,2020-07-23 12:06:14,2020-04-25 12:30:00,,ZH,Zürich,01,47.41275,8.65508,3387,3387,-6,77,38,225.15,7.645,,0,115,38,,,,,,,,,31,1,https://www.zh.ch/de/gesundheit/coronavirus.html,80.919886,48.066263
1374,2020-07-23 12:06:14,2020-04-26 12:30:00,,ZH,Zürich,01,47.41275,8.65508,3390,3390,-2,75,26,225.35,7.645,,0,115,26,,,,,,,,,3,0,https://www.zh.ch/de/gesundheit/coronavirus.html,96.163763,64.678262
1401,2020-07-23 12:06:14,2020-04-27 12:30:00,,ZH,Zürich,01,47.41275,8.65508,3408,3408,-2,73,24,226.55,7.911,,0,119,24,,,,,,,,,18,4,https://www.zh.ch/de/gesundheit/coronavirus.html,118.78144,44.069152
1428,2020-07-23 12:06:14,2020-04-28 12:30:00,,ZH,Zürich,01,47.41275,8.65508,3423,3423,11,84,19,227.55,7.911,,0,119,19,,,,,,,,,15,0,https://www.zh.ch/de/gesundheit/coronavirus.html,121.834062,66.989286
1455,2020-07-23 12:06:14,2020-04-29 12:30:00,,ZH,Zürich,01,47.41275,8.65508,3452,3452,-2,82,19,229.48,8.044,,0,121,19,,,,,,,,,29,2,https://www.zh.ch/de/gesundheit/coronavirus.html,122.881073,58.157643
1482,2020-07-23 12:06:14,2020-04-30 12:30:00,,ZH,Zürich,01,47.41275,8.65508,3463,3463,-21,61,15,230.21,8.177,,0,123,15,,,,,,,,,11,2,https://www.zh.ch/de/gesundheit/coronavirus.html,156.179716,51.5334
1509,2020-07-23 12:06:14,2020-05-01 12:30:00,,ZH,Zürich,01,47.41275,8.65508,3476,3476,-18,43,14,231.07,8.177,,0,123,14,,,,,,,,,13,0,https://www.zh.ch/de/gesundheit/coronavirus.html,138.340106,51.5334
1533,2020-07-23 12:06:14,2020-05-02 12:30:00,,ZH,Zürich,01,47.41275,8.65508,3479,3479,-2,41,13,231.27,8.177,,0,123,13,,,,,,,,,3,0,https://www.zh.ch/de/gesundheit/coronavirus.html,168.082236,104.828963
1557,2020-07-23 12:06:14,2020-05-03 12:30:00,,ZH,Zürich,01,47.41275,8.65508,3483,3483,1,42,12,231.54,8.177,,0,123,12,,,,,,,,,4,0,https://www.zh.ch/de/gesundheit/coronavirus.html,199.448083,104.828963
1584,2020-07-23 12:06:14,2020-05-04 12:30:00,,ZH,Zürich,01,47.41275,8.65508,3485,3485,1,43,11,231.67,8.177,,0,123,11,,,,,,,,,2,0,https://www.zh.ch/de/gesundheit/coronavirus.html,364.2671,211.405155
1611,2020-07-23 12:06:14,2020-05-05 12:30:00,,ZH,Zürich,01,47.41275,8.65508,3501,3501,11,54,9,232.73,8.243,,0,124,9,,,,,,,,,16,1,https://www.zh.ch/de/gesundheit/coronavirus.html,317.567701,428.016045
1638,2020-07-23 12:06:14,2020-05-06 12:30:00,,ZH,Zürich,01,47.41275,8.65508,3516,3516,-1,53,7,233.73,8.31,,0,125,7,,,,,,,,,15,1,https://www.zh.ch/de/gesundheit/coronavirus.html,302.902013,214.870968
1664,2020-07-23 12:06:14,2020-05-07 12:30:00,,ZH,Zürich,01,47.41275,8.65508,3526,3526,-3,50,7,234.39,8.31,,0,125,7,,,,,,,,,10,0,https://www.zh.ch/de/gesundheit/coronavirus.html,258.267188,214.870968
1690,2020-07-23 12:06:14,2020-05-08 12:30:00,,ZH,Zürich,01,47.41275,8.65508,3536,3536,-3,47,5,235.06,8.31,,0,125,5,,,,,,,,,10,0,https://www.zh.ch/de/gesundheit/coronavirus.html,229.486207,214.870968
1713,2020-07-23 12:06:14,2020-05-09 12:30:00,,ZH,Zürich,01,47.41275,8.65508,3541,3541,-10,37,5,235.39,8.376,,0,126,5,,,,,,,,,5,1,https://www.zh.ch/de/gesundheit/coronavirus.html,217.408436,143.82108
1734,2020-07-23 12:06:14,2020-05-10 12:30:00,,ZH,Zürich,01,47.41275,8.65508,3544,3544,3,40,5,235.59,8.376,,0,126,5,,,,,,,,,3,0,https://www.zh.ch/de/gesundheit/coronavirus.html,283.904724,216.603873
1761,2020-07-23 12:06:14,2020-05-11 12:30:00,,ZH,Zürich,01,47.41275,8.65508,3549,3549,4,44,5,235.92,8.376,,0,126,5,,,,,,,,,5,0,https://www.zh.ch/de/gesundheit/coronavirus.html,370.988577,434.947555
1788,2020-07-23 12:06:14,2020-05-12 12:30:00,,ZH,Zürich,01,47.41275,8.65508,3551,3551,0,44,7,236.06,8.376,,0,126,7,,,,,,,,,2,0,https://www.zh.ch/de/gesundheit/coronavirus.html,490.538219,434.947555
1813,2020-07-23 12:06:14,2020-05-13 12:30:00,,ZH,Zürich,01,47.41275,8.65508,3557,3557,-6,38,8,236.46,8.376,,0,126,8,,,,,,,,,6,0,https://www.zh.ch/de/gesundheit/coronavirus.html,585.29507,434.947555
1839,2020-07-23 12:06:14,2020-05-14 12:30:00,,ZH,Zürich,01,47.41275,8.65508,3562,3562,-2,36,7,236.79,8.376,,0,126,7,,,,,,,,,5,0,https://www.zh.ch/de/gesundheit/coronavirus.html,586.120247,
1864,2020-07-23 12:06:14,2020-05-15 12:30:00,,ZH,Zürich,01,47.41275,8.65508,3564,3564,-3,33,7,236.92,8.442,,0,127,7,,,,,,,,,2,1,https://www.zh.ch/de/gesundheit/coronavirus.html,615.859645,438.413309
1885,2020-07-23 12:06:14,2020-05-16 12:30:00,,ZH,Zürich,01,47.41275,8.65508,3569,3569,-1,32,8,237.25,8.442,,0,127,8,,,,,,,,,5,0,https://www.zh.ch/de/gesundheit/coronavirus.html,616.726081,438.413309
1905,2020-07-23 12:06:14,2020-05-17 12:30:00,,ZH,Zürich,01,47.41275,8.65508,3571,3571,1,33,8,237.39,8.442,,0,127,8,,,,,,,,,2,0,https://www.zh.ch/de/gesundheit/coronavirus.html,617.072655,438.413309
1931,2020-07-23 12:06:14,2020-05-18 12:30:00,,ZH,Zürich,01,47.41275,8.65508,3575,3575,0,33,8,237.65,8.442,,0,127,8,,,,,,,,,4,0,https://www.zh.ch/de/gesundheit/coronavirus.html,686.599333,438.413309
1956,2020-07-23 12:06:14,2020-05-19 12:30:00,,ZH,Zürich,01,47.41275,8.65508,3579,3579,-3,30,6,237.92,8.509,,0,128,6,,,,,,,,,4,1,https://www.zh.ch/de/gesundheit/coronavirus.html,727.905098,220.069682
1983,2020-07-23 12:06:14,2020-05-20 12:30:00,,ZH,Zürich,01,47.41275,8.65508,3582,3582,-1,29,4,238.12,8.509,,0,128,4,,,,,,,,,3,0,https://www.zh.ch/de/gesundheit/coronavirus.html,687.947122,441.879062
2005,2020-07-23 12:06:14,2020-05-21 12:30:00,,ZH,Zürich,01,47.41275,8.65508,3583,3583,-4,25,3,238.18,8.575,,0,129,3,,,,,,,,,1,1,https://www.zh.ch/de/gesundheit/coronavirus.html,885.24684,221.802585
2028,2020-07-23 12:06:14,2020-05-22 12:30:00,,ZH,Zürich,01,47.41275,8.65508,3585,3585,6,31,4,238.32,8.642,,0,130,4,,,,,,,,,2,1,https://www.zh.ch/de/gesundheit/coronavirus.html,885.741946,148.442278
2047,2020-07-23 12:06:14,2020-05-23 12:30:00,,ZH,Zürich,01,47.41275,8.65508,3587,3587,-5,26,1,238.45,8.642,,0,130,1,,,,,,,,,2,0,https://www.zh.ch/de/gesundheit/coronavirus.html,1034.232388,148.442278
2067,2020-07-23 12:06:14,2020-05-24 12:30:00,,ZH,Zürich,01,47.41275,8.65508,3588,3588,2,28,1,238.52,8.642,,0,130,1,,,,,,,,,1,0,https://www.zh.ch/de/gesundheit/coronavirus.html,1379.939787,223.535488
2094,2020-07-23 12:06:14,2020-05-25 12:30:00,,ZH,Zürich,01,47.41275,8.65508,3590,3590,-5,23,1,238.65,8.642,,0,130,1,,,,,,,,,2,0,https://www.zh.ch/de/gesundheit/coronavirus.html,1553.515474,223.535488
2119,2020-07-23 12:06:14,2020-05-26 12:30:00,,ZH,Zürich,01,47.41275,8.65508,3596,3596,-4,19,1,239.05,8.642,,0,130,1,14.0,58.0,,,,,,,6,0,https://www.zh.ch/de/gesundheit/coronavirus.html,956.941956,448.810569
2146,2020-07-23 12:06:14,2020-05-27 12:30:00,,ZH,Zürich,01,47.41275,8.65508,3599,3599,-1,18,1,239.25,8.642,,0,130,1,,,,,,,,,3,0,https://www.zh.ch/de/gesundheit/coronavirus.html,889.207686,
2172,2020-07-23 12:06:14,2020-05-28 12:30:00,,ZH,Zürich,01,47.41275,8.65508,3604,3604,2,20,1,239.58,8.642,,0,130,1,,,,,,,,,5,0,https://www.zh.ch/de/gesundheit/coronavirus.html,733.001778,
2198,2020-07-23 12:06:14,2020-05-29 12:30:00,,ZH,Zürich,01,47.41275,8.65508,3610,3610,-5,15,0,239.98,8.642,,0,130,0,22.0,67.0,,,,,,,6,0,https://www.zh.ch/de/gesundheit/coronavirus.html,566.961122,
2217,2020-07-23 12:06:14,2020-05-30 12:30:00,,ZH,Zürich,01,47.41275,8.65508,3616,3616,-3,12,0,240.38,8.642,,0,130,0,,,,,,,,,6,0,https://www.zh.ch/de/gesundheit/coronavirus.html,480.268933,
2236,2020-07-23 12:06:14,2020-05-31 12:30:00,,ZH,Zürich,01,47.41275,8.65508,3616,3616,-1,11,1,240.38,8.642,,0,130,1,,,,,,,,,0,0,https://www.zh.ch/de/gesundheit/coronavirus.html,624.870581,
2256,2020-07-23 12:06:14,2020-06-01 12:30:00,,ZH,Zürich,01,47.41275,8.65508,3616,3616,0,11,1,240.38,8.642,,0,130,1,,,,,,,,,0,0,https://www.zh.ch/de/gesundheit/coronavirus.html,735.448184,
2281,2020-07-23 12:06:14,2020-06-02 12:30:00,,ZH,Zürich,01,47.41275,8.65508,3618,3618,0,11,0,240.51,8.642,,0,130,0,18.0,47.0,,,,,,,2,0,https://www.zh.ch/de/gesundheit/coronavirus.html,893.911191,
2307,2020-07-23 12:06:14,2020-06-03 12:30:00,,ZH,Zürich,01,47.41275,8.65508,3621,3621,-2,9,1,240.71,8.642,,0,130,1,18.0,47.0,,,,,,,3,0,https://www.zh.ch/de/gesundheit/coronavirus.html,1139.123499,
2331,2020-07-23 12:06:14,2020-06-04 12:30:00,,ZH,Zürich,01,47.41275,8.65508,3629,3629,0,9,1,241.24,8.642,,0,130,1,19.0,68.0,,,,,,,8,0,https://www.zh.ch/de/gesundheit/coronavirus.html,965.739603,
2355,2020-07-23 12:06:14,2020-06-05 12:30:00,,ZH,Zürich,01,47.41275,8.65508,3635,3635,-1,8,1,241.64,8.642,,0,130,1,19.0,68.0,,,,,,,6,0,https://www.zh.ch/de/gesundheit/coronavirus.html,661.315619,
2373,2020-07-23 12:06:14,2020-06-06 12:30:00,,ZH,Zürich,01,47.41275,8.65508,3639,3639,-1,7,1,241.91,8.642,,0,130,1,,,,,,,,,4,0,https://www.zh.ch/de/gesundheit/coronavirus.html,546.604994,
2392,2020-07-23 12:06:14,2020-06-07 12:30:00,,ZH,Zürich,01,47.41275,8.65508,3639,3639,0,7,1,241.91,8.642,,0,130,1,,,,,,,,,0,0,https://www.zh.ch/de/gesundheit/coronavirus.html,598.827982,
2417,2020-07-23 12:06:14,2020-06-08 12:30:00,,ZH,Zürich,01,47.41275,8.65508,3639,3639,0,7,0,241.91,8.642,,0,130,0,19.0,68.0,,,,,,,0,0,https://www.zh.ch/de/gesundheit/coronavirus.html,698.921975,
2441,2020-07-23 12:06:14,2020-06-09 12:30:00,,ZH,Zürich,01,47.41275,8.65508,3639,3639,-1,6,0,241.91,8.642,,0,130,0,16.0,37.0,,,,,,,0,0,https://www.zh.ch/de/gesundheit/coronavirus.html,1259.447632,
2465,2020-07-23 12:06:14,2020-06-10 12:30:00,,ZH,Zürich,01,47.41275,8.65508,3642,3642,1,7,0,242.11,8.642,,0,130,0,16.0,37.0,,,,,,,3,0,https://www.zh.ch/de/gesundheit/coronavirus.html,1801.439456,
2486,2020-07-23 12:06:14,2020-06-11 12:30:00,,ZH,Zürich,01,47.41275,8.65508,3644,3644,1,8,0,242.24,8.642,,0,130,0,20.0,64.0,,,,,,,2,0,https://www.zh.ch/de/gesundheit/coronavirus.html,2524.095061,
2507,2020-07-23 12:06:14,2020-06-12 12:30:00,,ZH,Zürich,01,47.41275,8.65508,3646,3646,1,9,0,242.37,8.642,,0,130,0,20.0,64.0,,,,,,,2,0,https://www.zh.ch/de/gesundheit/coronavirus.html,1803.419877,
2526,2020-07-23 12:06:14,2020-06-13 12:30:00,,ZH,Zürich,01,47.41275,8.65508,3649,3649,-1,8,0,242.57,8.642,,0,130,0,,,,,,,,,3,0,https://www.zh.ch/de/gesundheit/coronavirus.html,1262.91337,
2547,2020-07-23 12:06:14,2020-06-14 12:30:00,,ZH,Zürich,01,47.41275,8.65508,3654,3654,1,9,0,242.9,8.642,,0,130,0,,,,,,,,,5,0,https://www.zh.ch/de/gesundheit/coronavirus.html,842.51921,
2571,2020-07-23 12:06:14,2020-06-15 12:30:00,,ZH,Zürich,01,47.41275,8.65508,3661,3661,0,9,0,243.37,8.642,,0,130,0,20.0,64.0,,,,,,,7,0,https://www.zh.ch/de/gesundheit/coronavirus.html,666.058216,
2595,2020-07-23 12:06:14,2020-06-16 12:30:00,,ZH,Zürich,01,47.41275,8.65508,3668,3668,-1,8,0,243.83,8.642,,0,130,0,23.0,64.0,,,,,,,7,0,https://www.zh.ch/de/gesundheit/coronavirus.html,527.945207,
2620,2020-07-23 12:06:14,2020-06-17 12:30:00,,ZH,Zürich,01,47.41275,8.65508,3678,3678,0,8,0,244.5,8.642,,0,130,0,23.0,64.0,,,,,,,10,0,https://www.zh.ch/de/gesundheit/coronavirus.html,396.607629,
2643,2020-07-23 12:06:14,2020-06-18 12:30:00,,ZH,Zürich,01,47.41275,8.65508,3683,3683,2,10,0,244.83,8.642,,0,130,0,41.0,124.0,,,,,,,5,0,https://www.zh.ch/de/gesundheit/coronavirus.html,373.685198,
2668,2020-07-23 12:06:14,2020-06-19 12:30:00,,ZH,Zürich,01,47.41275,8.65508,3684,3684,-1,9,0,244.9,8.642,,0,130,0,41.0,124.0,,,,,,,1,0,https://www.zh.ch/de/gesundheit/coronavirus.html,423.857139,
2687,2020-07-23 12:06:14,2020-06-20 12:30:00,,ZH,Zürich,01,47.41275,8.65508,3691,3691,1,10,0,245.36,8.642,,0,130,0,,,,,,,,,7,0,https://www.zh.ch/de/gesundheit/coronavirus.html,424.665816,
2706,2020-07-23 12:06:14,2020-06-21 12:30:00,,ZH,Zürich,01,47.41275,8.65508,3696,3696,0,10,0,245.7,8.642,,0,130,0,,,,,,,,,5,0,https://www.zh.ch/de/gesundheit/coronavirus.html,455.742075,
2731,2020-07-23 12:06:14,2020-06-22 12:30:00,,ZH,Zürich,01,47.41275,8.65508,3699,3699,1,11,0,245.9,8.642,,0,130,0,41.0,124.0,,,,,,,3,0,https://www.zh.ch/de/gesundheit/coronavirus.html,608.730112,
2756,2020-07-23 12:06:14,2020-06-23 12:30:00,,ZH,Zürich,01,47.41275,8.65508,3703,3703,-1,10,0,246.16,8.642,,0,130,0,18.0,151.0,,,,,,,4,0,https://www.zh.ch/de/gesundheit/coronavirus.html,639.94657,
2781,2020-07-23 12:06:14,2020-06-24 12:30:00,,ZH,Zürich,01,47.41275,8.65508,3719,3719,-2,8,0,247.22,8.642,,0,130,0,18.0,151.0,,,,,,,16,0,https://www.zh.ch/de/gesundheit/coronavirus.html,366.523596,
2806,2020-07-23 12:06:14,2020-06-25 12:30:00,,ZH,Zürich,01,47.41275,8.65508,3726,3726,-1,7,1,247.69,8.642,,0,130,1,59.0,122.0,,,,,,,7,0,https://www.zh.ch/de/gesundheit/coronavirus.html,367.216748,
2833,2020-07-23 12:06:14,2020-06-26 12:30:00,,ZH,Zürich,01,47.41275,8.65508,3745,3745,0,7,1,248.95,8.642,,0,130,1,59.0,122.0,,,,,,,19,0,https://www.zh.ch/de/gesundheit/coronavirus.html,263.144572,
2852,2020-07-23 12:06:14,2020-06-27 12:30:00,,ZH,Zürich,01,47.41275,8.65508,3757,3757,1,8,0,249.75,8.642,,0,130,0,,,,,,,,,12,0,https://www.zh.ch/de/gesundheit/coronavirus.html,222.758669,
2871,2020-07-23 12:06:14,2020-06-28 12:30:00,,ZH,Zürich,01,47.41275,8.65508,3768,3768,0,8,0,250.48,8.642,,0,130,0,,,,,,,,,11,0,https://www.zh.ch/de/gesundheit/coronavirus.html,199.168151,
2897,2020-07-23 12:06:14,2020-06-29 12:30:00,,ZH,Zürich,01,47.41275,8.65508,3777,3777,2,10,1,251.08,8.708,,0,131,1,,,,,,,,,9,1,https://www.zh.ch/de/gesundheit/coronavirus.html,223.953775,452.276322
2923,2020-07-23 12:06:14,2020-06-30 12:30:00,,ZH,Zürich,01,47.41275,8.65508,3805,3805,2,12,0,252.94,8.708,,0,131,0,92.0,636.0,,,,,,,28,0,https://www.zh.ch/de/gesundheit/coronavirus.html,165.186707,452.276322
2950,2020-07-23 12:06:14,2020-07-01 12:30:00,,ZH,Zürich,01,47.41275,8.65508,3853,3853,1,13,0,256.13,8.708,,0,131,0,92.0,636.0,,,,,,,48,0,https://www.zh.ch/de/gesundheit/coronavirus.html,121.902258,452.276322
2976,2020-07-23 12:06:14,2020-07-02 12:30:00,,ZH,Zürich,01,47.41275,8.65508,3909,3909,-3,10,0,259.86,8.708,,0,131,0,165.0,540.0,,,,,,,56,0,https://www.zh.ch/de/gesundheit/coronavirus.html,87.384373,452.276322
3001,2020-07-23 12:06:14,2020-07-03 12:30:00,,ZH,Zürich,01,47.41275,8.65508,3932,3932,-2,8,0,261.38,8.708,,0,131,0,165.0,540.0,,,,,,,23,0,https://www.zh.ch/de/gesundheit/coronavirus.html,81.347959,452.276322
3019,2020-07-23 12:06:14,2020-07-04 12:30:00,,ZH,Zürich,01,47.41275,8.65508,3945,3945,1,9,0,262.25,8.708,,0,131,0,165.0,540.0,,,,,,,13,0,https://www.zh.ch/de/gesundheit/coronavirus.html,79.637469,
3040,2020-07-23 12:06:14,2020-07-05 12:30:00,,ZH,Zürich,01,47.41275,8.65508,3953,3953,2,11,1,262.78,8.708,,0,131,1,165.0,540.0,,,,,,,8,0,https://www.zh.ch/de/gesundheit/coronavirus.html,90.824044,
3066,2020-07-23 12:06:14,2020-07-06 12:30:00,,ZH,Zürich,01,47.41275,8.65508,3972,3972,1,12,2,264.04,8.708,,0,131,2,165.0,540.0,,,,,,,19,0,https://www.zh.ch/de/gesundheit/coronavirus.html,113.938204,
3092,2020-07-23 12:06:14,2020-07-07 12:30:00,,ZH,Zürich,01,47.41275,8.65508,3998,3998,1,13,2,265.77,8.708,,0,131,2,181.0,914.0,,,,,,,26,0,https://www.zh.ch/de/gesundheit/coronavirus.html,153.94616,
3117,2020-07-23 12:06:14,2020-07-08 12:30:00,,ZH,Zürich,01,47.41275,8.65508,4021,4021,-2,11,3,267.3,8.841,,0,133,3,181.0,914.0,,,,,,,23,2,https://www.zh.ch/de/gesundheit/coronavirus.html,154.841837,228.734194
3143,2020-07-23 12:06:14,2020-07-09 12:30:00,,ZH,Zürich,01,47.41275,8.65508,4040,4040,1,12,3,268.56,8.841,,0,133,3,184.0,444.0,,,,,,,19,0,https://www.zh.ch/de/gesundheit/coronavirus.html,145.645239,228.734194
3168,2020-07-23 12:06:14,2020-07-10 12:30:00,,ZH,Zürich,01,47.41275,8.65508,4060,4060,0,12,3,269.89,8.841,,0,133,3,184.0,444.0,,,,,,,20,0,https://www.zh.ch/de/gesundheit/coronavirus.html,129.763042,228.734194
3186,2020-07-23 12:06:14,2020-07-11 12:30:00,,ZH,Zürich,01,47.41275,8.65508,4071,4071,0,12,3,270.62,8.841,,0,133,3,184.0,444.0,,,,,,,11,0,https://www.zh.ch/de/gesundheit/coronavirus.html,140.775283,228.734194
3204,2020-07-23 12:06:14,2020-07-12 12:30:00,,ZH,Zürich,01,47.41275,8.65508,4089,4089,8,20,3,271.82,8.841,,0,133,3,184.0,444.0,,,,,,,18,0,https://www.zh.ch/de/gesundheit/coronavirus.html,153.990238,228.734194
3231,2020-07-23 12:06:14,2020-07-13 12:30:00,,ZH,Zürich,01,47.41275,8.65508,4106,4106,6,26,5,272.95,8.841,,0,133,5,184.0,444.0,,,,,,,17,0,https://www.zh.ch/de/gesundheit/coronavirus.html,165.676521,
3257,2020-07-23 12:06:14,2020-07-14 12:30:00,,ZH,Zürich,01,47.41275,8.65508,4133,4133,-2,24,6,274.75,8.841,,0,133,6,152.0,418.0,,,,,,,27,0,https://www.zh.ch/de/gesundheit/coronavirus.html,152.280844,
3283,2020-07-23 12:06:14,2020-07-15 12:30:00,,ZH,Zürich,01,47.41275,8.65508,4165,4165,0,24,6,276.87,8.908,,0,134,6,152.0,418.0,,,,,,,32,1,https://www.zh.ch/de/gesundheit/coronavirus.html,135.733949,462.67358
3308,2020-07-23 12:06:14,2020-07-16 12:30:00,,ZH,Zürich,01,47.41275,8.65508,4180,4180,-1,23,6,277.87,8.908,,0,134,6,158.0,436.0,,,,,,,15,0,https://www.zh.ch/de/gesundheit/coronavirus.html,131.165704,462.67358
3333,2020-07-23 12:06:14,2020-07-17 12:30:00,,ZH,Zürich,01,47.41275,8.65508,4209,4209,3,26,6,279.8,8.908,,0,134,6,158.0,436.0,,,,,,,29,0,https://www.zh.ch/de/gesundheit/coronavirus.html,119.819465,462.67358
3351,2020-07-23 12:06:14,2020-07-18 12:30:00,,ZH,Zürich,01,47.41275,8.65508,4224,4224,-2,24,6,280.8,8.908,,0,134,6,158.0,436.0,,,,,,,15,0,https://www.zh.ch/de/gesundheit/coronavirus.html,122.320546,462.67358
3368,2020-07-23 12:06:14,2020-07-19 12:30:00,,ZH,Zürich,01,47.41275,8.65508,4237,4237,0,24,6,281.66,8.908,,0,134,6,158.0,436.0,,,,,,,13,0,https://www.zh.ch/de/gesundheit/coronavirus.html,139.455368,462.67358
3394,2020-07-23 12:06:14,2020-07-20 12:30:00,,ZH,Zürich,01,47.41275,8.65508,4252,4252,5,29,4,282.66,9.041,,0,136,4,158.0,436.0,,,,,,,15,2,https://www.zh.ch/de/gesundheit/coronavirus.html,167.644024,233.932895
3416,2020-07-23 12:06:14,2020-07-21 12:30:00,,ZH,Zürich,01,47.41275,8.65508,4290,4290,-3,26,3,285.18,9.041,,0,136,3,175.0,402.0,,,,,,,38,0,https://www.zh.ch/de/gesundheit/coronavirus.html,133.42333,233.932895
3437,2020-07-23 12:06:14,2020-07-22 12:30:00,,ZH,Zürich,01,47.41275,8.65508,4317,4317,-2,24,3,286.98,9.041,,0,136,3,175.0,402.0,,,,,,,27,0,https://www.zh.ch/de/gesundheit/coronavirus.html,136.792981,233.932895
