date,time,abbreviation_canton_and_fl,ncumul_tested,ncumul_conf,ncumul_hosp,ncumul_ICU,ncumul_vent,ncumul_released,ncumul_deceased,source,ncumul_ICF,ncumul_ICU_intub,TotalPosTests1,TotalCured
2020-02-25,,TI,,1.0,,,,,,https://www.srf.ch/news/schweiz/tessiner-patient-erster-coronavirus-fall-in-der-schweiz,,,,
2020-02-26,,TI,,,,,,,,,,,,
2020-02-27,19:17,BS,,0.0,,,,,,https://www.coronavirus.bs.ch/nm/2020-coronavirus-erster-positiver-fall-in-basel-stadt-zweiter-positiv-getesteter-ausserkantonaler-fall-gd.html,,,,
2020-02-27,,FL,3.0,,,,,,,https://www.regierung.li/media/attachments/83-verdachtsfaelle-negativ-getestet.pdf?t=637202562374055719,,,,
2020-02-27,,TI,,,,,,,,,,,,
2020-02-27,,ZH,,1.0,,,,,,https://gd.zh.ch/internet/gesundheitsdirektion/de/themen/coronavirus.html#title-content-internet-gesundheitsdirektion-de-themen-coronavirus-jcr-content-contentPar-textimage_7,,,2.0,
2020-02-28,15:00,AG,,1.0,,,,,,https://www.ag.ch/media/kanton_aargau/themen_1/coronavirus_1/20200228_KFS_20200106_Coronavirus_Lagebulletin_AG_Unterschrieben.pdf,,,,
2020-02-28,,BL,,1.0,,,,,,https://www.baselland.ch/politik-und-behorden/direktionen/volkswirtschafts-und-gesundheitsdirektion/medienmitteilungen/neuer-coronavirus-covid-19-erster-bestaetigter-fall-aus-dem-kanton-basel-landschaft,,,,
2020-02-28,10:15,BS,,0.0,,,,,,https://twitter.com/BR_Sprecher/status/1233316679863631873?s=20,,,,
2020-02-28,,TI,,,,,,,,,,,,
2020-02-28,,VD,,,4.0,,,,,https://www.vd.ch/toutes-les-actualites/hotline-et-informations-sur-le-coronavirus/,,,,
2020-02-28,,VS,,1.0,,,,,,https://vs.ch/documents/529400/6767345/2020+02+28+-+Medienmitteilung+-+1.+Fall+Coronavirus+VS.pdf/37c4f942-c5d5-6ab5-64fd-83444de4eba5?t=1582923242156,,,,
2020-02-28,,ZH,,2.0,,,,,,https://gd.zh.ch/internet/gesundheitsdirektion/de/themen/coronavirus.html#title-content-internet-gesundheitsdirektion-de-themen-coronavirus-jcr-content-contentPar-textimage_7,,,9.0,
2020-02-29,,BL,,2.0,,,,,,https://www.baselland.ch/politik-und-behorden/direktionen/volkswirtschafts-und-gesundheitsdirektion/medienmitteilungen/weiterer-bestaetigter-fall-aus-dem-kanton-basel-landschaft,,,,
2020-02-29,15:23,BS,,0.0,,,,,,https://twitter.com/BAG_OFSP_UFSP/status/1233759578241863681?s=20,,,,
2020-02-29,,TI,,,,,,,,,,,,
2020-02-29,,VD,,,4.0,,,,,https://www.vd.ch/toutes-les-actualites/hotline-et-informations-sur-le-coronavirus/,,,,
2020-03-01,,BL,,2.0,,,,,,,,,,
2020-03-01,17:29,BS,,1.0,,,,,,https://www.coronavirus.bs.ch/nm/2020-coronavirus-anzahl-der-getesteten-faelle-und-zwischenstand-kita-riehen-gd.html,,,,
2020-03-01,,FR,30.0,1.0,,,,,,https://www.fr.ch/sites/default/files/2020-03/200301_commd_dsas_covid_cas_fr.pdf,,,,
2020-03-01,,GL,,0.0,,,,,,https://www.suedostschweiz.ch/ereignisse/2020-03-02/kantone-gehen-unterschiedlich-mit-dem-corona-virus-um,,,,
2020-03-01,,TI,,,,,,,,,,,,
2020-03-01,,VD,,,4.0,,,,,https://www.vd.ch/toutes-les-actualites/hotline-et-informations-sur-le-coronavirus/,,,,
2020-03-02,18:00,AG,,2.0,,,,,,https://www.ag.ch/media/kanton_aargau/themen_1/coronavirus_1/200302_KFS_Coronavirus_Lagebulletin_2.pdf,,,,
2020-03-02,,BL,,2.0,,,,,,,,,,
2020-03-02,17:15,BS,235.0,3.0,,,,,,https://www.coronavirus.bs.ch/nm/2020-coronavirus-zwei-neue-positive-faelle-in-basel-stadt-gd.html,,,,
2020-03-02,,FR,,2.0,,,,,,https://www.fr.ch/sites/default/files/2020-03/200302_CommD_DSAS_covid_cas%20FR.pdf,,,,
2020-03-02,,SG,,0.0,,,,,,https://www.sg.ch/news/sgch_allgemein/2020/03/zwei-personen-in-quarantaene---kein-bestaetigter-fall.html,,,,
2020-03-02,,TI,,2.0,,,,,,https://www4.ti.ch/area-media/comunicati/dettaglio-comunicato/?NEWS_ID=187352&tx_tichareamedia_comunicazioni%5Baction%5D=show&tx_tichareamedia_comunicazioni%5Bcontroller%5D=Comunicazioni&cHash=ea65dbcabb28d4711459f3b613bbc1b7,,,6.0,
2020-03-02,,VD,,,6.0,,,,,https://www.vd.ch/toutes-les-actualites/hotline-et-informations-sur-le-coronavirus/,,,,
2020-03-02,,ZH,,2.0,,,,,,https://gd.zh.ch/internet/gesundheitsdirektion/de/themen/coronavirus.html#title-content-internet-gesundheitsdirektion-de-themen-coronavirus-jcr-content-contentPar-textimage_7,,,13.0,
2020-03-03,15:00,AG,,6.0,,,,,,https://www.ag.ch/media/kanton_aargau/themen_1/coronavirus_1/lagebulletins/200303_KFS_Coronavirus_Lagebulletin_3.pdf,,,,
2020-03-03,,BL,,2.0,,,,,,,,,,
2020-03-03,17:30,BS,,3.0,,,,,,https://twitter.com/BAG_OFSP_UFSP/status/1234880556095213569?s=20,,,,
2020-03-03,,FL,14.0,,,,,,,https://www.regierung.li/media/attachments/90-coronavirus.pdf?t=637202562374055719,,,,
2020-03-03,,SZ,1.0,1.0,,,,,,https://www.sz.ch/public/upload/assets/45351/MM_Coronavirus_4_3_2020.pdf,,,,
2020-03-03,,TI,,4.0,,,,,,https://www4.ti.ch/area-media/comunicati/dettaglio-comunicato/?NEWS_ID=187363&tx_tichareamedia_comunicazioni%5Baction%5D=show&tx_tichareamedia_comunicazioni%5Bcontroller%5D=Comunicazioni&cHash=b34e82602a39cad67a7f8d54150dcf70   https://www4.ti.ch/area-media/comunicati/dettaglio-comunicato/?NEWS_ID=187369&tx_tichareamedia_comunicazioni%5Baction%5D=show&tx_tichareamedia_comunicazioni%5Bcontroller%5D=Comunicazioni&cHash=3154d18e72821fc23d7b3c5cdfe9f9a3,,,,
2020-03-03,,VD,,,8.0,,,,,https://www.vd.ch/toutes-les-actualites/hotline-et-informations-sur-le-coronavirus/,,,,
2020-03-03,,VS,,2.0,,,,,,https://vs.ch/documents/529400/6789273/2020+03+03+-+Medienmitteilung+-+Best%C3%A4tigung+2.+Fall.pdf/9e063e45-70a1-682e-fc37-31d9685f71f1?t=1583233390225,,,,
2020-03-03,,ZG,,1.0,,,,,,https://www.zg.ch/behoerden/gesundheitsdirektion/direktionssekretariat/aktuell/coronavirus-sars-cov-2-erste-person-aus-dem-kanton-zug-infiziert,,,,
2020-03-03,,ZH,400.0,9.0,,,,,,https://gd.zh.ch/internet/gesundheitsdirektion/de/themen/coronavirus.html#title-content-internet-gesundheitsdirektion-de-themen-coronavirus-jcr-content-contentPar-textimage_7,,,19.0,
2020-03-04,15:00,AG,,7.0,,,,,,https://www.ag.ch/media/kanton_aargau/themen_1/coronavirus_1/lagebulletins/200304_KFS_Coronavirus_Lagebulletin_4.pdf,,,,
2020-03-04,,BL,,2.0,,,,,,,,,,
2020-03-04,17:20,BS,,3.0,,,,,,https://twitter.com/BAG_OFSP_UFSP/status/1235240377134862336?s=20,,,,
2020-03-04,,FL,16.0,1.0,,,,,,https://www.regierung.li/media/attachments/97-coronavirus.pdf?t=637202562374055719,,,,
2020-03-04,,FR,,4.0,,,,,,https://www.fr.ch/sites/default/files/2020-03/200304_CommD_DSAS_covid_cas%20FR.pdf,,,,
2020-03-04,18:00,LU,,0.0,,,,,,https://web.archive.org/web/20200304173939/https://gesundheit.lu.ch/themen/Humanmedizin/Infektionskrankheiten/Coronavirus,,,,
2020-03-04,15:38,SG,,2.0,,,,,,https://www.sg.ch/news/sgch_allgemein/2020/03/zweiter-bestaetigter-fall-einer-corona-patientin.html,,,,
2020-03-04,,SZ,3.0,3.0,1.0,,,,,https://www.sz.ch/public/upload/assets/45351/MM_Coronavirus_4_3_2020.pdf,,,,
2020-03-04,,TI,,5.0,,,,,,https://www4.ti.ch/area-media/comunicati/dettaglio-comunicato/?NEWS_ID=187371&tx_tichareamedia_comunicazioni%5Baction%5D=show&tx_tichareamedia_comunicazioni%5Bcontroller%5D=Comunicazioni&cHash=174f2d754f3b657af79f343c92fc5c89,,,18.0,
2020-03-04,,VD,,,11.0,1.0,,,,https://www.vd.ch/toutes-les-actualites/hotline-et-informations-sur-le-coronavirus/,,,,
2020-03-05,15:00,AG,,9.0,,,,,,https://www.ag.ch/media/kanton_aargau/themen_1/coronavirus_1/lagebulletins/200305_KFS_Coronavirus_Lagebulletin_5.pdf,,,,
2020-03-05,,AR,,1.0,,,,,,https://www.ar.ch/verwaltung/departement-gesundheit-und-soziales/news-aus-dem-departement/detail/news/coronavirusersterfallinappenzellausserrhoden/?tx_news_pi1[controller]=News&tx_news_pi1[action]=detail&cHash=fb1a9cf08108cdc7b82780b9239b009d,,,,
2020-03-05,,BL,,6.0,,,,,,https://www.baselland.ch/politik-und-behorden/direktionen/volkswirtschafts-und-gesundheitsdirektion/medienmitteilungen/neuer-coronavirus-covid-19-sechs-bestaetigte-faelle-im-kanton-basel-landschaft,,,,
2020-03-05,17:15,BS,,8.0,,,,,,https://www.coronavirus.bs.ch/nm/2020-coronavirus-fuenf-neue-positive-faelle-in-basel-stadt-gd.html,,,,
2020-03-05,,FL,18.0,1.0,,,,,,https://www.regierung.li/media/attachments/100-coronavirus-18-verdachtsfaelle-0305.pdf?t=637202562374055719,,,,
2020-03-05,,FR,,6.0,,,,,,https://www.fr.ch/de/covid19/gesundheit/covid-19/coronavirus-entwicklungen-der-situation,,,,
2020-03-05,,TI,,,,,,,,https://www4.ti.ch/area-media/comunicati/dettaglio-comunicato/?NEWS_ID=187385&tx_tichareamedia_comunicazioni%5Baction%5D=show&tx_tichareamedia_comunicazioni%5Bcontroller%5D=Comunicazioni&cHash=a9ddddfae2c7446e5b856451e178a61a,,,,
2020-03-05,,VD,,,14.0,1.0,,,,https://www.vd.ch/toutes-les-actualites/hotline-et-informations-sur-le-coronavirus/,,,,
2020-03-05,,VS,,3.0,,,,,,https://www.vs.ch/de/web/coronavirus/info?p_p_id=com_liferay_asset_publisher_web_portlet_AssetPublisherPortlet_INSTANCE_1rjMHS5sCcaN&p_p_lifecycle=0&p_p_state=normal&p_p_mode=view&_com_liferay_asset_publisher_web_portlet_AssetPublisherPortlet_INSTANCE_1rjMHS5sCcaN_delta=5&p_r_p_resetCur=false&_com_liferay_asset_publisher_web_portlet_AssetPublisherPortlet_INSTANCE_1rjMHS5sCcaN_cur=5#collapse6812036,,,,
2020-03-05,,ZG,,3.0,,,,,,https://www.zg.ch/behoerden/gesundheitsdirektion/direktionssekretariat/aktuell/coronavirus-sars-cov-2-zwei-weitere-faelle-im-kanton-zug,,,,
2020-03-05,,ZH,,19.0,,,,,,https://gd.zh.ch/internet/gesundheitsdirektion/de/themen/coronavirus.html#title-content-internet-gesundheitsdirektion-de-themen-coronavirus-jcr-content-contentPar-textimage_7,,,26.0,
2020-03-06,15:00,AG,,12.0,,,,,,https://www.ag.ch/media/kanton_aargau/themen_1/coronavirus_1/lagebulletins/200305_KFS_Coronavirus_Lagebulletin_6.pdf,,,,
2020-03-06,,BL,,6.0,,,,,,,,,,
2020-03-06,14:00,BS,,15.0,,,,,,https://twitter.com/BAG_OFSP_UFSP/status/1235934884167852035?s=20,,,,
2020-03-06,,FL,22.0,1.0,,,,,,https://www.regierung.li/media/attachments/104-coronavirus-vorsicht.pdf?t=637202562374055719,,,,
2020-03-06,12:00,SO,,1.0,,,,,,https://so.ch/startseite/aktuell/news/erster-laborbestaetigter-covid-19-fall-im-kanton-solothurn/?tx_news_pi1%5Bcontroller%5D=News&tx_news_pi1%5Baction%5D=detail&cHash=3074bbdc8f0fcdcb9f1e11a21fc05e73,,,,
2020-03-06,,SZ,6.0,6.0,,,,,,https://www.sz.ch/public/upload/assets/45417/MM_Coronavirus_6_3_2020.pdf,,,,
2020-03-06,,TI,,,,,,,,,,,45.0,
2020-03-06,,VD,,23.0,15.0,2.0,,,1.0,https://www.vd.ch/toutes-les-actualites/hotline-et-informations-sur-le-coronavirus/,,,,
2020-03-06,,VS,,5.0,,,,,,https://www.vs.ch/de/web/coronavirus/info?p_p_id=com_liferay_asset_publisher_web_portlet_AssetPublisherPortlet_INSTANCE_1rjMHS5sCcaN&p_p_lifecycle=0&p_p_state=normal&p_p_mode=view&_com_liferay_asset_publisher_web_portlet_AssetPublisherPortlet_INSTANCE_1rjMHS5sCcaN_delta=5&p_r_p_resetCur=false&_com_liferay_asset_publisher_web_portlet_AssetPublisherPortlet_INSTANCE_1rjMHS5sCcaN_cur=5#collapse6828733,,,,
2020-03-06,,ZH,,26.0,,,,,,https://gd.zh.ch/internet/gesundheitsdirektion/de/themen/coronavirus.html#title-content-internet-gesundheitsdirektion-de-themen-coronavirus-jcr-content-contentPar-textimage_7,,,30.0,
2020-03-07,,BL,,15.0,,,,,,https://www.baselland.ch/politik-und-behorden/direktionen/volkswirtschafts-und-gesundheitsdirektion/medienmitteilungen/update-15-bestaetigte-faelle-in-basel-landschaft,,,,
2020-03-07,12:00,BS,,21.0,,,,,,https://twitter.com/BAG_OFSP_UFSP/status/1236249864473894914?s=20,,,,
2020-03-07,,TI,,,,,,,,https://www4.ti.ch/area-media/comunicati/dettaglio-comunicato/?NEWS_ID=187406&tx_tichareamedia_comunicazioni%5Baction%5D=show&tx_tichareamedia_comunicazioni%5Bcontroller%5D=Comunicazioni&cHash=e553d0b42db2ead87a7d05e499fac4db,,,58.0,
2020-03-07,,VD,,30.0,16.0,4.0,,,1.0,https://www.vd.ch/toutes-les-actualites/hotline-et-informations-sur-le-coronavirus/,,,,
2020-03-07,,ZH,,30.0,,,,,,https://gd.zh.ch/internet/gesundheitsdirektion/de/themen/coronavirus.html#title-content-internet-gesundheitsdirektion-de-themen-coronavirus-jcr-content-contentPar-textimage_7,,,37.0,
2020-03-08,,BL,,19.0,,,,,1.0,https://www.baselland.ch/politik-und-behorden/direktionen/volkswirtschafts-und-gesundheitsdirektion/medienmitteilungen/patient-im-kantonsspital-baselland-stirbt-an-den-folgen-einer-coronavirus-infektion,,,,
2020-03-08,12:00,BS,,24.0,,,,,,https://twitter.com/BAG_OFSP_UFSP/status/1236609191831384064?s=20,,,,
2020-03-08,,FR,,8.0,,,,,,https://www.fr.ch/de/covid19/gesundheit/covid-19/coronavirus-entwicklungen-der-situation,,,,
2020-03-08,,TI,,,,,,,,https://www4.ti.ch/area-media/comunicati/dettaglio-comunicato/?NEWS_ID=187407&tx_tichareamedia_comunicazioni%5Baction%5D=show&tx_tichareamedia_comunicazioni%5Bcontroller%5D=Comunicazioni&cHash=8d1ff4bf2a674892913340827de952ea,,,68.0,
2020-03-08,,VD,,40.0,22.0,3.0,,,1.0,https://www.vd.ch/toutes-les-actualites/hotline-et-informations-sur-le-coronavirus/,,,,
2020-03-08,,VS,,7.0,,,,,,https://www.vs.ch/de/web/coronavirus/info?p_p_id=com_liferay_asset_publisher_web_portlet_AssetPublisherPortlet_INSTANCE_1rjMHS5sCcaN&p_p_lifecycle=0&p_p_state=normal&p_p_mode=view&_com_liferay_asset_publisher_web_portlet_AssetPublisherPortlet_INSTANCE_1rjMHS5sCcaN_delta=5&p_r_p_resetCur=false&_com_liferay_asset_publisher_web_portlet_AssetPublisherPortlet_INSTANCE_1rjMHS5sCcaN_cur=4,,,,
2020-03-08,,ZH,,37.0,,,,,,https://gd.zh.ch/internet/gesundheitsdirektion/de/themen/coronavirus.html#title-content-internet-gesundheitsdirektion-de-themen-coronavirus-jcr-content-contentPar-textimage_7,,,40.0,
2020-03-09,15:00,AG,,14.0,,,,,,https://www.ag.ch/media/kanton_aargau/themen_1/coronavirus_1/lagebulletins/200309_KFS_Coronavirus_Lagebulletin_7.pdf,,,,
2020-03-09,,AR,,2.0,,,,,,https://www.ar.ch/schnellzugriff/medienmitteilungen-der-kantonalen-verwaltung/detail/news/zweiter-coronafall-in-appenzell-ausserrhoden/?tx_news_pi1[controller]=News&tx_news_pi1[action]=detail&cHash=de7ec38198b5e60b6dce8fccc7735501,,,,
2020-03-09,,BL,,20.0,,,,,1.0,https://www.baselland.ch/politik-und-behorden/direktionen/volkswirtschafts-und-gesundheitsdirektion/medienmitteilungen/update-xx-bestaetigte-faelle-in-basel-landschaft,,,,
2020-03-09,12:00,BS,,28.0,,,,,,https://twitter.com/BAG_OFSP_UFSP/status/1236973685602426881?s=20,,,,
2020-03-09,,FL,24.0,1.0,,,,,,https://www.regierung.li/media/attachments/106-coronavirus-anpassung-massnahmen.pdf?t=637202562374055719,,,,
2020-03-09,,FR,,11.0,,,,,,https://www.fr.ch/de/covid19/gesundheit/covid-19/coronavirus-entwicklungen-der-situation,,,,
2020-03-09,,TI,,,,,,,,https://www4.ti.ch/area-media/comunicati/dettaglio-comunicato/?NEWS_ID=187417&tx_tichareamedia_comunicazioni%5Baction%5D=show&tx_tichareamedia_comunicazioni%5Bcontroller%5D=Comunicazioni&cHash=20e9b76118246e98781581881b459523,,,,
2020-03-09,,VD,,51.0,29.0,5.0,,,1.0,https://www.vd.ch/toutes-les-actualites/hotline-et-informations-sur-le-coronavirus/,,,,
2020-03-09,,VS,,12.0,,,,,,https://www.vs.ch/de/web/coronavirus/info?p_p_id=com_liferay_asset_publisher_web_portlet_AssetPublisherPortlet_INSTANCE_1rjMHS5sCcaN&p_p_lifecycle=0&p_p_state=normal&p_p_mode=view&_com_liferay_asset_publisher_web_portlet_AssetPublisherPortlet_INSTANCE_1rjMHS5sCcaN_delta=5&p_r_p_resetCur=false&_com_liferay_asset_publisher_web_portlet_AssetPublisherPortlet_INSTANCE_1rjMHS5sCcaN_cur=4#collapse6846567,,,,
2020-03-09,,ZH,855.0,40.0,,,,,,https://gd.zh.ch/internet/gesundheitsdirektion/de/themen/coronavirus.html#title-content-internet-gesundheitsdirektion-de-themen-coronavirus-jcr-content-contentPar-textimage_7,,,49.0,
2020-03-10,15:00,AG,,17.0,,,,,,https://www.ag.ch/media/kanton_aargau/themen_1/coronavirus_1/lagebulletins/200310_KFS_Coronavirus_Lagebulletin_8.pdf,,,,
2020-03-10,,BL,,22.0,,,,,1.0,https://www.baselland.ch/politik-und-behorden/direktionen/volkswirtschafts-und-gesundheitsdirektion/medienmitteilungen/update,,,,
2020-03-10,12:00,BS,,33.0,,,,,,https://twitter.com/BAG_OFSP_UFSP/status/1237336196772175873?s=20,,,,
2020-03-10,,FL,37.0,1.0,,,,,,https://www.regierung.li/media/attachments/110-corona-0310.pdf?t=637202562374055719,,,,
2020-03-10,,TI,,,,,,,1.0,https://www4.ti.ch/area-media/comunicati/dettaglio-comunicato/?NEWS_ID=187422&tx_tichareamedia_comunicazioni%5Baction%5D=show&tx_tichareamedia_comunicazioni%5Bcontroller%5D=Comunicazioni&cHash=24aa247e65de88fdd1551a61fcc407d9,,,,
2020-03-10,,VD,,77.0,36.0,6.0,,,1.0,https://www.vd.ch/toutes-les-actualites/hotline-et-informations-sur-le-coronavirus/,,,,
2020-03-10,,VS,,18.0,4.0,,,3.0,,https://www.vs.ch/de/web/coronavirus/info?p_p_id=com_liferay_asset_publisher_web_portlet_AssetPublisherPortlet_INSTANCE_1rjMHS5sCcaN&p_p_lifecycle=0&p_p_state=normal&p_p_mode=view&_com_liferay_asset_publisher_web_portlet_AssetPublisherPortlet_INSTANCE_1rjMHS5sCcaN_delta=5&p_r_p_resetCur=false&_com_liferay_asset_publisher_web_portlet_AssetPublisherPortlet_INSTANCE_1rjMHS5sCcaN_cur=3#collapse6858802,,,,
2020-03-10,,ZH,,49.0,,,,,,https://gd.zh.ch/internet/gesundheitsdirektion/de/themen/coronavirus.html#title-content-internet-gesundheitsdirektion-de-themen-coronavirus-jcr-content-contentPar-textimage_7,,,59.0,1.0
2020-03-11,15:00,AG,,18.0,,,,,,https://www.ag.ch/media/kanton_aargau/themen_1/coronavirus_1/lagebulletins/200311_KFS_Coronavirus_Lagebulletin_9.pdf,,,,
2020-03-11,,BL,,26.0,,,,,2.0,https://www.baselland.ch/politik-und-behorden/direktionen/volkswirtschafts-und-gesundheitsdirektion/medienmitteilungen/update-26-bestaetigte-faelle-in-basel-landschaft-1,,,,
2020-03-11,12:00,BS,,37.0,,,,,,https://twitter.com/BAG_OFSP_UFSP/status/1237694819419422720?s=20,,,,
2020-03-11,,FL,50.0,3.0,,,,1.0,,https://www.regierung.li/media/attachments/112-drei-personen-infiziert.pdf?t=637202562374055719,,,,
2020-03-11,,NW,,4.0,,,,,,https://www.nw.ch/aktuellesinformationen/63359,,,,
2020-03-11,,TI,,,,,,,,,,,,
2020-03-11,,VD,,108.0,38.0,7.0,,,1.0,https://www.vd.ch/toutes-les-actualites/hotline-et-informations-sur-le-coronavirus/,,,,
2020-03-11,,VS,,22.0,,,,,,https://www.vs.ch/de/web/coronavirus/info?p_p_id=com_liferay_asset_publisher_web_portlet_AssetPublisherPortlet_INSTANCE_1rjMHS5sCcaN&p_p_lifecycle=0&p_p_state=normal&p_p_mode=view&_com_liferay_asset_publisher_web_portlet_AssetPublisherPortlet_INSTANCE_1rjMHS5sCcaN_delta=5&p_r_p_resetCur=false&_com_liferay_asset_publisher_web_portlet_AssetPublisherPortlet_INSTANCE_1rjMHS5sCcaN_cur=3#collapse6870561,,,,
2020-03-11,,ZH,,59.0,,,,,,https://gd.zh.ch/internet/gesundheitsdirektion/de/themen/coronavirus.html#title-content-internet-gesundheitsdirektion-de-themen-coronavirus-jcr-content-contentPar-textimage_7,,,,7.0
2020-03-12,15:00,AG,,27.0,,,,,,https://www.ag.ch/media/kanton_aargau/themen_1/coronavirus_1/lagebulletins/200312_KFS_Coronavirus_Lagebulletin_10.pdf,,,,
2020-03-12,,AR,,5.0,,,,,,https://www.ar.ch/schnellzugriff/medienmitteilungen-der-kantonalen-verwaltung/detail/news/coronavirus-drei-neue-faelle-in-appenzell-ausserrhoden/?tx_news_pi1[controller]=News&tx_news_pi1[action]=detail&cHash=272411484066c8fb971dcc838aa96ef9,,,,
2020-03-12,,BL,,26.0,,,,,2.0,,,,,
2020-03-12,12:00,BS,,73.0,,,,4.0,1.0,https://twitter.com/BAG_OFSP_UFSP/status/1238073089902235648?s=20   https://www.coronavirus.bs.ch/nm/2020-coronavirus-ende-der-quarantaenemassnahmen-im-fall-kita-riehen-gd.html   https://www.coronavirus.bs.ch/nm/2020-coronavirus-erster-todesfall-im-kanton-basel-stadt-gd.html,,,,
2020-03-12,,FL,57.0,3.0,,,,1.0,,https://www.regierung.li/media/attachments/114-hallenbaeder-geschlossen-0312.pdf?t=637202562374055719,,,,
2020-03-12,,SG,,15.0,,,,,,https://www.sg.ch/tools/informationen-coronavirus.html,,,,
2020-03-12,,TI,,180.0,,,,,,https://www4.ti.ch/area-media/comunicati/dettaglio-comunicato/?NEWS_ID=187437&tx_tichareamedia_comunicazioni%5Baction%5D=show&tx_tichareamedia_comunicazioni%5Bcontroller%5D=Comunicazioni&cHash=59cf6112c82abed490acd8901f5a0bb2,,,,
2020-03-12,,UR,,2.0,,,,,,,,,,
2020-03-12,,VD,,156.0,43.0,8.0,,,1.0,https://www.vd.ch/toutes-les-actualites/hotline-et-informations-sur-le-coronavirus/,,,,
2020-03-12,,ZH,,92.0,,,,,,https://gd.zh.ch/internet/gesundheitsdirektion/de/themen/coronavirus.html#title-content-internet-gesundheitsdirektion-de-themen-coronavirus-jcr-content-contentPar-textimage_7,,,,11.0
2020-03-13,13:00,AG,,32.0,,,,,,https://www.ag.ch/media/kanton_aargau/themen_1/coronavirus_1/lagebulletins/200313_KFS_Coronavirus_Lagebulletin_11.pdf,,,,
2020-03-13,,BL,,42.0,,,,,2.0,https://www.baselland.ch/politik-und-behorden/direktionen/volkswirtschafts-und-gesundheitsdirektion/medienmitteilungen/update-26-bestaetigte-faelle-in-basel-landschaft-2,,,,
2020-03-13,12:30,BS,,92.0,,,,,1.0,https://twitter.com/BAG_OFSP_UFSP/status/1238430659762364417?s=20,,,,
2020-03-13,12:00,OW,6.0,1.0,,,,,,https://www.ow.ch/de/aktuelles/aktuellesinformationen/amtsmitteilungen/welcome.php?action=showinfo&info_id=63566&ls=0&sq=&kategorie_id=&date_from=&date_to=,,,,
2020-03-13,12:00,SZ,10.0,9.0,,,,,,https://www.sz.ch/public/upload/assets/45585/MM_Coronavirus_13_03_2020.pdf,,,,
2020-03-13,,TI,,258.0,65.0,13.0,,,,https://www.youtube.com/watch?v=_x_yQ6uwGAQ,,,,
2020-03-13,,VD,,204.0,52.0,10.0,,5.0,2.0,https://www.vd.ch/toutes-les-actualites/hotline-et-informations-sur-le-coronavirus/,,,,
2020-03-13,,VS,,22.0,,,,,1.0,https://www.vs.ch/de/web/coronavirus/info?p_p_id=com_liferay_asset_publisher_web_portlet_AssetPublisherPortlet_INSTANCE_1rjMHS5sCcaN&p_p_lifecycle=0&p_p_state=normal&p_p_mode=view&_com_liferay_asset_publisher_web_portlet_AssetPublisherPortlet_INSTANCE_1rjMHS5sCcaN_delta=5&p_r_p_resetCur=false&_com_liferay_asset_publisher_web_portlet_AssetPublisherPortlet_INSTANCE_1rjMHS5sCcaN_cur=3#collapse6898881,,,,
2020-03-13,,ZG,,13.0,,,,,,https://www.zg.ch/behoerden/gesundheitsdirektion/direktionssekretariat/aktuell/coronavirus-kanton-zug-stellt-sich-hinter-massnahmen-des-bundes,,,,
2020-03-13,,ZH,,140.0,,,,,,https://gd.zh.ch/internet/gesundheitsdirektion/de/themen/coronavirus.html#title-content-internet-gesundheitsdirektion-de-themen-coronavirus-jcr-content-contentPar-textimage_7,,,,
2020-03-14,,AI,,2.0,,,,,,https://www.ai.ch/themen/gesundheit-alter-und-soziales/gesundheitsfoerderung-und-praevention/aktuelles/erste-bestaetigte-coronavirus-faelle-auch-in-innerrhoden,,,,
2020-03-14,,BL,,47.0,,,,,2.0,https://www.baselland.ch/politik-und-behorden/direktionen/volkswirtschafts-und-gesundheitsdirektion/medienmitteilungen/update-47-bestaetigte-faelle-in-basel-landschaft,,,,
2020-03-14,11:27,BS,,100.0,,,,,1.0,https://twitter.com/BAG_OFSP_UFSP/status/1238773726423941127?s=20,,,,
2020-03-14,,FL,99.0,3.0,,,,1.0,,https://www.regierung.li/media/attachments/118-corona-rueckkehrer-skiferien-0314.pdf?t=637202562374055719,,,,
2020-03-14,03:03,SZ,1.0,12.0,,,,,,"https://www.bote.ch/nachrichten/schwyz/schwyz_bdu/coronavirus-einsatz-fuer-spitalbataillon-5;art146989,1229758",,,,
2020-03-14,,TI,,265.0,,,,,3.0,https://www4.ti.ch/area-media/comunicati/dettaglio-comunicato/?NEWS_ID=187466&tx_tichareamedia_comunicazioni%5Baction%5D=show&tx_tichareamedia_comunicazioni%5Bcontroller%5D=Comunicazioni&cHash=1b10e6e8117296766155edcf9c317a4c,,,,
2020-03-14,,VD,,350.0,43.0,14.0,,5.0,3.0,https://www.vd.ch/toutes-les-actualites/hotline-et-informations-sur-le-coronavirus/,,,,
2020-03-14,,ZG,,13.0,,,,,,https://twitter.com/gesundZG/status/1238733148462157824?s=20,,,,
2020-03-15,,BL,,54.0,,,,,2.0,https://www.baselland.ch/politik-und-behorden/direktionen/volkswirtschafts-und-gesundheitsdirektion/medienmitteilungen/update-54-bestaetigte-faelle-in-basel-landschaft,,,,
2020-03-15,,FL,,7.0,,,,1.0,,https://www.regierung.li/media/attachments/119-corona-massnahmen-verschaerft-0315.pdf?t=637202562374055719,,,,
2020-03-15,,SZ,,13.0,,,,,,https://www.sz.ch/public/upload/assets/45590/MM_Coronavirus_15_3_2020.pdf,,,,
2020-03-15,,TI,,291.0,,,,,6.0,https://www4.ti.ch/area-media/comunicati/dettaglio-comunicato/?NEWS_ID=187467&tx_tichareamedia_comunicazioni%5Baction%5D=show&tx_tichareamedia_comunicazioni%5Bcontroller%5D=Comunicazioni&cHash=af5473066754ef4d1272e156056acc07,,,,
2020-03-15,,VD,,406.0,62.0,19.0,,5.0,4.0,https://www.vd.ch/toutes-les-actualites/hotline-et-informations-sur-le-coronavirus/,,,,
2020-03-16,15:00,AG,,52.0,2.0,,,,,https://www.ag.ch/media/kanton_aargau/themen_1/coronavirus_1/lagebulletins/200316_KFS_Coronavirus_Lagebulletin_12.pdf,,,,
2020-03-16,,AI,,4.0,,,,,,Kantonaler Führungsstab Appenzell Innerrhoden,,,,
2020-03-16,,BE,,123.0,,,,,1.0,https://www.besondere-lage.sites.be.ch/besondere-lage_sites/de/index/corona/index.html,,,,
2020-03-16,,BL,,76.0,,,,,2.0,https://www.baselland.ch/politik-und-behorden/direktionen/volkswirtschafts-und-gesundheitsdirektion/medienmitteilungen/update-67-bestaetigte-faelle-in-basel-landschaft,,,,
2020-03-16,12:00,BS,,144.0,,,,,4.0,https://www.coronavirus.bs.ch/nm/2020-tagesbulletin-coronavirus-144-bestaetigte-faelle-im-kanton-basel-stadt-gd.html,,,,
2020-03-16,,TG,246.0,17.0,,,,,,,,,,
2020-03-16,,TI,,330.0,,,,,8.0,https://www4.ti.ch/area-media/comunicati/dettaglio-comunicato/?NEWS_ID=187475&tx_tichareamedia_comunicazioni%5Baction%5D=show&tx_tichareamedia_comunicazioni%5Bcontroller%5D=Comunicazioni&cHash=dee4a529abd4e9300e116c7ff4db5774,,,,
2020-03-16,,VD,,508.0,66.0,27.0,,5.0,5.0,https://www.vd.ch/toutes-les-actualites/hotline-et-informations-sur-le-coronavirus/,,,,
2020-03-16,,ZG,,24.0,,,,,,https://www.zg.ch/behoerden/gesundheitsdirektion/direktionssekretariat/aktuell/covid-19-zuger-spitaeler-bereiten-sich-gemeinsam-auf-herausfordernde-zeit-vor,,,,
2020-03-16,,ZH,,270.0,,,,,1.0,https://gd.zh.ch/internet/gesundheitsdirektion/de/themen/coronavirus.html#title-content-internet-gesundheitsdirektion-de-themen-coronavirus-jcr-content-contentPar-textimage_7,,,,
2020-03-17,16:00,AG,,67.0,2.0,,,,,https://www.ag.ch/media/kanton_aargau/themen_1/coronavirus_1/lagebulletins/200317_KFS_Coronavirus_Lagebulletin_13.pdf,,,,
2020-03-17,,AI,,5.0,,,,,,Kantonaler Führungsstab Appenzell Innerrhoden,,,,
2020-03-17,,BL,,89.0,,,,,2.0,https://www.baselland.ch/politik-und-behorden/direktionen/volkswirtschafts-und-gesundheitsdirektion/medienmitteilungen/update-89-bestaetigte-faelle-in-basel-landschaft,,,,
2020-03-17,12:00,BS,,165.0,30.0,,,25.0,4.0,https://www.coronavirus.bs.ch/nm/2020-tagesbulletin-coronavirus-165-bestaetigte-faelle-im-kanton-basel-stadt-gd.html,,,,
2020-03-17,,FL,,19.0,,,,1.0,,https://www.regierung.li/media/attachments/126-corona-generelles-veranstaltungsverbot-weitere-schliessungen.pdf?t=637202562374055719,,,,
2020-03-17,,GL,,10.0,,,,,,https://www.suedostschweiz.ch/ereignisse/2020-03-20/die-zahl-der-corona-faelle-im-glarnerland-steigt-stark-an,,,,
2020-03-17,,SG,,47.0,,,,,,https://www.sg.ch/tools/informationen-coronavirus.html,,,,
2020-03-17,,TG,276.0,23.0,,,,,,,,,,
2020-03-17,,TI,,422.0,,,,,10.0,https://www4.ti.ch/area-media/comunicati/dettaglio-comunicato/?NEWS_ID=187486&tx_tichareamedia_comunicazioni%5Baction%5D=show&tx_tichareamedia_comunicazioni%5Bcontroller%5D=Comunicazioni&cHash=d106aab74491da09b294ff13ffadd02f,,,,
2020-03-17,,VD,,608.0,95.0,35.0,,9.0,5.0,https://www.vd.ch/toutes-les-actualites/hotline-et-informations-sur-le-coronavirus/,,,,
2020-03-17,,VS,,95.0,,,,,3.0,https://www.vs.ch/de/web/coronavirus/info?p_p_id=com_liferay_asset_publisher_web_portlet_AssetPublisherPortlet_INSTANCE_1rjMHS5sCcaN&p_p_lifecycle=0&p_p_state=normal&p_p_mode=view&_com_liferay_asset_publisher_web_portlet_AssetPublisherPortlet_INSTANCE_1rjMHS5sCcaN_delta=5&p_r_p_resetCur=false&_com_liferay_asset_publisher_web_portlet_AssetPublisherPortlet_INSTANCE_1rjMHS5sCcaN_cur=2#collapse6927494,,,,
2020-03-17,,ZH,,294.0,,,,,,https://gd.zh.ch/internet/gesundheitsdirektion/de/themen/coronavirus.html#title-content-internet-gesundheitsdirektion-de-themen-coronavirus-jcr-content-contentPar-textimage_7,,,,
2020-03-18,16:00,AG,,101.0,6.0,,,,,https://www.ag.ch/media/kanton_aargau/themen_1/coronavirus_1/lagebulletins/200318_KFS_Coronavirus_Lagebulletin_14.pdf,,,,
2020-03-18,,AR,,11.0,3.0,,,,,https://www.ar.ch/schnellzugriff/medienmitteilungen-der-kantonalen-verwaltung/detail/news/coronavirus-bevoelkerung-und-alle-spitaeler-machen-bei-der-gesundheitsversorgung-mit/?tx_news_pi1%5Bcontroller%5D=News&tx_news_pi1%5Baction%5D=detail&cHash=3d2a0733446b5fc7cdad0f48f61c28fd,,,,
2020-03-18,,BE,,193.0,,,,,1.0,https://www.besondere-lage.sites.be.ch/besondere-lage_sites/de/index/corona/index.html,,,,
2020-03-18,,BL,,116.0,,,,,2.0,https://www.baselland.ch/politik-und-behorden/direktionen/volkswirtschafts-und-gesundheitsdirektion/medienmitteilungen/update-116-bestaetigte-faelle-in-basel-landschaft,,,,
2020-03-18,11:15,BS,,182.0,40.0,,,36.0,4.0,https://www.coronavirus.bs.ch/nm/2020-tagesbulletin-coronavirus-182-bestaetigte-faelle-im-kanton-basel-stadt-treffen-mit-allen-spitaelern-gd.html,,,,
2020-03-18,,FL,,28.0,,,,1.0,,https://www.regierung.li/media/attachments/131-corona-hotline-0318.pdf?t=637202562374055719,,,,
2020-03-18,17:00,FR,,,,,,,1.0,https://www.fr.ch/de/sr/gesundheit/covid-19/covid-19-im-kanton-freiburg-ist-ein-erster-todesfall-zu-beklagen,,,,
2020-03-18,,GR,,116.0,13.0,,,,1.0,https://www.gr.ch/DE/institutionen/verwaltung/djsg/ga/coronavirus/info/Seiten/Start.aspx,,,,
2020-03-18,16:00,LU,,65.0,,,,,,https://web.archive.org/web/20200318191404/https://gesundheit.lu.ch/themen/Humanmedizin/Infektionskrankheiten/Coronavirus,,,,
2020-03-18,,SG,,61.0,,,,,,https://www.sg.ch/tools/informationen-coronavirus.html,,,,
2020-03-18,,SO,,43.0,,,,,,https://www.oltnertagblatt.ch/solothurn/kanton-solothurn/zivilschuetzer-kontrollieren-wer-in-die-solothurner-spitaeler-rein-will-137174885,,,,
2020-03-18,,TG,,32.0,,,,,,https://www.tg.ch/news/fachdossier-coronavirus.html/10552,,,,
2020-03-18,,TI,,511.0,,,,,14.0,https://www4.ti.ch/area-media/comunicati/dettaglio-comunicato/?NEWS_ID=187493&tx_tichareamedia_comunicazioni%5Baction%5D=show&tx_tichareamedia_comunicazioni%5Bcontroller%5D=Comunicazioni&cHash=7803bbc03dd49ef2e421dfd6b12dd239,,,,
2020-03-18,,UR,85.0,5.0,,,,,,https://www.ur.ch/mmdirektionen/63802,,,,
2020-03-18,,VD,,796.0,128.0,34.0,,16.0,5.0,https://www.vd.ch/toutes-les-actualites/hotline-et-informations-sur-le-coronavirus/,,,,
2020-03-18,,ZH,,424.0,,,,,,https://gd.zh.ch/internet/gesundheitsdirektion/de/themen/coronavirus.html#title-content-internet-gesundheitsdirektion-de-themen-coronavirus-jcr-content-contentPar-textimage_7,,,,
2020-03-19,15:00,AG,,118.0,17.0,6.0,3.0,,,https://www.ag.ch/media/kanton_aargau/themen_1/coronavirus_1/lagebulletins/200319_KFS_Coronavirus_Lagebulletin_15.pdf,,,,
2020-03-19,,AI,,6.0,1.0,,,,,Kantonaler Führungsstab Appenzell Innerrhoden,,,,
2020-03-19,,BE,,282.0,,,,,1.0,https://www.besondere-lage.sites.be.ch/besondere-lage_sites/de/index/corona/index.html,,,,
2020-03-19,,BL,,134.0,,,,,2.0,https://www.baselland.ch/politik-und-behorden/direktionen/volkswirtschafts-und-gesundheitsdirektion/medienmitteilungen/update-131-bestaetigte-faelle-in-basel-landschaft,,,,
2020-03-19,11:00,BS,,222.0,40.0,,,44.0,4.0,https://www.coronavirus.bs.ch/nm/2020-tagesbulletin-coronavirus-222-bestaetigte-faelle-basel-stadt-trifft-gemeinsam-mit-den-spitaelern-vorkehrungen-fuer-intensiv--und-beatmungskapazitaeten-gd.html,,,,
2020-03-19,,GL,,17.0,,,,,,https://www.suedostschweiz.ch/ereignisse/2020-03-20/die-zahl-der-corona-faelle-im-glarnerland-steigt-stark-an,,,,
2020-03-19,,GR,,145.0,18.0,,,,1.0,https://www.gr.ch/DE/institutionen/verwaltung/djsg/ga/coronavirus/info/Seiten/Start.aspx,,,,
2020-03-19,16:00,JU,,27.0,,,,,,https://www.jura.ch/fr/Autorites/Coronavirus/Accueil/Coronavirus-Informations-officielles-a-la-population-jurassienne.html,,,,
2020-03-19,,NW,,25.0,,,,,,https://www.nw.ch/gesundheitsamtdienste/6044,,,,
2020-03-19,,SG,,85.0,,,,,,https://www.sg.ch/tools/informationen-coronavirus.html,,,,
2020-03-19,,TG,,36.0,,,,,,https://www.tg.ch/news/fachdossier-coronavirus.html/10552,,,,
2020-03-19,,TI,,638.0,155.0,33.0,,,15.0,https://www4.ti.ch/area-media/comunicati/dettaglio-comunicato/?NEWS_ID=187499&tx_tichareamedia_comunicazioni%5Baction%5D=show&tx_tichareamedia_comunicazioni%5Bcontroller%5D=Comunicazioni&cHash=634a783514bdcbb426c005f1ea916268 https://www.youtube.com/watch?v=34RQ7OOWYoI,,,,
2020-03-19,,UR,,7.0,,,,,,https://www.ur.ch/mmdirektionen/63841,,,,
2020-03-19,,VD,,1212.0,140.0,32.0,,52.0,7.0,https://www.vd.ch/toutes-les-actualites/hotline-et-informations-sur-le-coronavirus/,,,,
2020-03-19,,VS,,232.0,,,,,4.0,https://www.vs.ch/de/web/coronavirus#collapse6955818,,,,
2020-03-19,,ZH,,526.0,,,,,3.0,https://gd.zh.ch/internet/gesundheitsdirektion/de/themen/coronavirus.html#title-content-internet-gesundheitsdirektion-de-themen-coronavirus-jcr-content-contentPar-textimage_7,,,,
2020-03-20,15:00,AG,,168.0,25.0,4.0,2.0,,1.0,https://www.ag.ch/media/kanton_aargau/themen_1/coronavirus_1/lagebulletins/200320_KFS_Coronavirus_Lagebulletin_16.pdf,,,,
2020-03-20,,BE,,377.0,,,,,2.0,https://www.besondere-lage.sites.be.ch/besondere-lage_sites/de/index/corona/index.html,,,,
2020-03-20,,BL,,184.0,,,,,3.0,https://www.baselland.ch/politik-und-behorden/direktionen/volkswirtschafts-und-gesundheitsdirektion/medienmitteilungen/update-170-bestaetigte-faelle-in-basel-landschaft,,,,
2020-03-20,10:00,BS,,272.0,45.0,,,46.0,4.0,https://www.coronavirus.bs.ch/nm/2020-tagesbulletin-coronavirus-272-bestaetigte-faelle-im-kanton-basel-stadt-gd.html,,,,
2020-03-20,,FL,,37.0,,,,1.0,,https://www.regierung.li/media/attachments/136-soziale-kontakte-reduktion-corona.pdf?t=637203388043363286,,,,
2020-03-20,,GE,,994.0,109.0,22.0,82.0,,8.0,https://www.ge.ch/document/covid-19-situation-epidemiologique-geneve/telecharger,5.0,21.0,,
2020-03-20,,GR,,213.0,24.0,,,,3.0,https://www.gr.ch/DE/institutionen/verwaltung/djsg/ga/coronavirus/info/Seiten/Start.aspx,,,,
2020-03-20,17:00,JU,,29.0,,,,,,https://www.jura.ch/fr/Autorites/Coronavirus/Accueil/Coronavirus-Informations-officielles-a-la-population-jurassienne.html,,,,
2020-03-20,09:40,LU,,92.0,,,,,,https://gesundheit.lu.ch/themen/Humanmedizin/Infektionskrankheiten/Coronavirus,,,,
2020-03-20,16:00,NE,,159.0,,,,,2.0,https://www.ne.ch/autorites/DFS/SCSP/medecin-cantonal/maladies-vaccinations/Pages/Coronavirus.aspx,,,,
2020-03-20,15:20,NW,,28.0,,,,,,https://www.nw.ch/gesundheitsamtdienste/6044,,,,
2020-03-20,,SG,,98.0,,,,,,https://www.sg.ch/tools/informationen-coronavirus.html,,,,
2020-03-20,,SH,,14.0,,,,,,https://sh.ch/CMS/Webseite/Kanton-Schaffhausen/Beh-rde/Verwaltung/Departement-des-Innern/Gesundheitsamt-3209198-DE.html,,,,
2020-03-20,12:37,SO,,66.0,,,,,,https://twitter.com/KantonSolothurn/status/1241041303024041989?p=p,,,,
2020-03-20,,TG,,49.0,,,,,,https://www.tg.ch/news/fachdossier-coronavirus.html/10552,,,,
2020-03-20,08:00,TI,,834.0,168.0,35.0,,,22.0,https://www4.ti.ch/dss/dsp/covid19/home/ https://www.youtube.com/watch?v=34RQ7OOWYoI,,,,
2020-03-20,12:00,UR,,7.0,,,,,,https://www.ur.ch/themen/2920,,,,
2020-03-20,,VD,,1432.0,152.0,30.0,,62.0,12.0,https://www.vd.ch/toutes-les-actualites/hotline-et-informations-sur-le-coronavirus/,,,,
2020-03-20,,VS,,282.0,,,,,5.0,https://www.vs.ch/de/web/coronavirus,,,,
2020-03-20,,ZG,,48.0,1.0,,,5.0,,https://www.zg.ch/behoerden/gesundheitsdirektion/direktionssekretariat/aktuell/coronavirus-ausreichende-testkapazitaeten-im-kanton-zug-vorhanden,,,,
2020-03-20,,ZH,,773.0,,,,,3.0,https://gd.zh.ch/internet/gesundheitsdirektion/de/themen/coronavirus.html#title-content-internet-gesundheitsdirektion-de-themen-coronavirus-jcr-content-contentPar-textimage_7,,,,
2020-03-21,,AR,,,,,,,1.0,https://www.ar.ch/schnellzugriff/medienmitteilungen-der-kantonalen-verwaltung/detail/news/coronavirus-erster-todesfall-in-appenzell-ausserrhoden/?tx_news_pi1%5Bcontroller%5D=News&tx_news_pi1%5Baction%5D=detail&cHash=a88f209df29c38474f9c5f9e1c5dd53f,,,,
2020-03-21,,BE,,377.0,,,,,3.0,https://www.besondere-lage.sites.be.ch/besondere-lage_sites/de/index/corona/index.html,,,,
2020-03-21,14:00,BL,,282.0,,,,,3.0,https://www.baselland.ch/politik-und-behorden/direktionen/volkswirtschafts-und-gesundheitsdirektion/medienmitteilungen/update-282-bestaetigte-faelle-in-basel-landschaft,,,,
2020-03-21,10:00,BS,,299.0,46.0,,,57.0,5.0,https://www.coronavirus.bs.ch/nm/2020-tagesbulletin-coronavirus-299-bestaetigte-faelle-im-kanton-basel-stadt-gd.html,,,,
2020-03-21,,FL,,44.0,,,,,,https://www.regierung.li/media/attachments/138-corona-starke-zunahme-0321.pdf?t=637204593432337675,,,,
2020-03-21,,GE,,1048.0,145.0,25.0,107.0,,8.0,https://www.ge.ch/document/covid-19-situation-epidemiologique-geneve/telecharger,13.0,24.0,,
2020-03-21,,GR,,239.0,24.0,,,,3.0,https://www.gr.ch/DE/institutionen/verwaltung/djsg/ga/coronavirus/info/Seiten/Start.aspx,,,,
2020-03-21,18:00,JU,,49.0,,,,,,https://www.jura.ch/fr/Autorites/Coronavirus/Accueil/Coronavirus-Informations-officielles-a-la-population-jurassienne.html,,,,
2020-03-21,11:00,LU,,109.0,,,,,,https://gesundheit.lu.ch/themen/Humanmedizin/Infektionskrankheiten/Coronavirus,,,,
2020-03-21,15:30,NE,,177.0,,,,,2.0,https://www.ne.ch/autorites/DFS/SCSP/medecin-cantonal/maladies-vaccinations/Pages/Coronavirus.aspx,,,,
2020-03-21,18:15,NW,,33.0,,,,,,https://www.nw.ch/gesundheitsamtdienste/6044,,,,
2020-03-21,,TG,,56.0,,,,,,https://www.tg.ch/news/fachdossier-coronavirus.html/10552,,,,
2020-03-21,08:00,TI,,918.0,184.0,40.0,37.0,,28.0,https://www4.ti.ch/dss/dsp/covid19/home/ https://www.youtube.com/watch?v=7g2sALU9bQM,,,,
2020-03-21,08:00,UR,,12.0,,,,,,https://www.ur.ch/themen/2920,,,,
2020-03-21,,VS,,359.0,,,,,9.0,https://www.vs.ch/de/web/coronavirus,,,,
2020-03-22,14:00,BL,,289.0,,,,,3.0,https://www.baselland.ch/politik-und-behorden/direktionen/volkswirtschafts-und-gesundheitsdirektion/medienmitteilungen/update-289-bestaetigte-faelle-in-basel-landschaft,,,,
2020-03-22,10:30,BS,,358.0,50.0,,,73.0,5.0,https://www.coronavirus.bs.ch/nm/2020-tagesbulletin-coronavirus-358-bestaetigte-faelle-im-kanton-basel-stadt-gd.html,,,,
2020-03-22,,TG,,75.0,,,,,,https://www.tg.ch/news/fachdossier-coronavirus.html/10552,,,,
2020-03-22,08:00,TI,,939.0,246.0,46.0,43.0,,43.0,https://www4.ti.ch/dss/dsp/covid19/home/,,,,
